rain_24h_mm,rain_72h_mm,river_ratio,soil_saturation,humidity_pct,wind_kmh,elevation_m,severity
24.7,30.5,0.294,0.248,58.6,16.1,212.5,0
37.4,64.0,0.608,0.422,54.5,17.7,47.0,1
20.6,111.9,0.964,0.648,52.2,19.7,52.4,3
17.6,22.7,0.551,0.406,49.5,16.5,40.0,0
41.7,110.9,0.813,0.634,63.6,13.3,77.2,1
19.3,68.3,0.695,0.352,60.5,22.0,54.4,1
29.0,34.4,0.508,0.336,52.2,14.1,50.0,0
26.3,50.6,0.396,0.36,62.3,3.1,58.9,0
41.7,84.2,0.45,0.324,47.3,5.6,216.9,0
14.5,52.6,0.425,0.216,53.0,6.2,122.0,0
54.9,100.4,0.683,0.56,50.0,9.4,34.9,1
10.7,33.2,0.491,0.309,44.7,15.5,42.8,0
30.8,70.6,0.616,0.425,46.0,27.9,26.7,1
27.5,84.0,0.739,0.583,51.2,18.3,53.8,1
9.6,62.4,0.586,0.336,58.5,14.9,111.8,0
33.2,56.4,0.661,0.272,56.7,3.9,44.4,1
15.8,76.9,0.575,0.401,49.9,1.9,42.2,0
6.1,17.0,0.44,0.191,51.6,29.2,38.8,0
37.2,53.4,0.486,0.38,41.5,10.3,79.3,0
3.3,72.4,0.618,0.387,57.1,15.3,151.9,0
7.7,67.7,0.706,0.248,35.3,16.8,61.3,0
20.4,45.7,0.487,0.125,49.6,43.8,231.1,0
41.5,57.3,0.547,0.411,58.0,36.7,132.8,0
35.1,53.4,0.597,0.284,61.2,49.6,116.8,0
24.3,78.8,0.536,0.302,57.8,19.7,52.9,1
1.8,47.8,0.293,0.42,51.9,31.1,146.7,0
10.1,24.9,0.459,0.415,65.3,5.1,67.0,0
13.0,72.7,0.759,0.451,70.2,44.0,34.8,1
5.7,29.9,0.34,0.319,53.0,21.0,33.5,0
1.0,12.4,0.265,0.253,51.4,9.6,210.3,0
21.4,41.7,0.552,0.132,54.1,23.3,54.7,0
36.1,71.0,0.599,0.533,52.9,28.4,62.7,1
11.9,69.8,0.549,0.56,56.9,18.0,114.4,0
41.0,95.8,0.791,0.714,68.7,29.7,114.0,2
2.7,31.7,0.463,0.263,32.5,11.5,34.5,0
5.2,44.0,0.489,0.247,51.5,17.6,83.7,0
20.9,47.6,0.348,0.485,67.3,6.3,222.4,0
10.7,25.5,0.42,0.323,56.9,10.2,62.7,0
33.5,63.6,0.587,0.503,60.7,10.0,56.0,0
28.7,31.5,0.453,0.243,43.8,5.9,49.5,0
11.7,112.8,0.707,0.638,59.5,2.3,121.6,1
3.1,41.0,0.489,0.243,60.6,10.1,36.8,0
10.2,57.7,0.479,0.402,55.2,6.1,62.2,0
29.3,44.8,0.536,0.321,51.4,15.4,61.0,0
34.7,72.3,0.618,0.669,61.1,17.2,73.8,1
10.8,54.2,0.459,0.438,45.4,35.6,62.9,0
1.0,26.4,0.141,0.088,42.8,7.9,220.3,0
27.1,54.0,0.562,0.387,62.8,28.1,216.3,0
11.4,18.5,0.472,0.284,62.6,15.6,44.9,0
11.8,139.0,0.847,0.672,47.9,17.4,31.5,2
5.1,20.3,0.449,0.159,43.5,13.7,68.8,0
4.9,22.4,0.298,0.326,45.8,24.1,80.1,0
40.4,146.6,0.919,0.657,60.0,15.4,115.9,2
28.1,77.6,0.624,0.53,47.2,14.5,58.8,1
8.6,66.8,0.563,0.343,63.6,5.9,71.4,0
19.4,25.9,0.516,0.232,51.4,7.2,29.4,0
23.0,60.1,0.517,0.497,58.6,16.3,119.7,0
72.3,78.9,0.717,0.527,57.6,12.6,58.3,2
4.3,17.2,0.439,0.249,57.4,3.4,71.6,0
22.7,164.0,1.035,0.808,61.0,9.4,53.0,3
40.2,50.5,0.538,0.382,45.0,23.2,35.9,1
65.6,121.6,0.935,0.576,57.1,17.4,64.3,3
8.0,19.5,0.486,0.119,52.0,7.8,56.0,0
11.3,24.5,0.524,0.325,49.6,12.3,45.8,0
33.8,241.8,1.254,1.0,64.4,24.4,53.7,3
1.7,30.9,0.327,0.353,47.5,5.4,44.7,0
24.9,30.8,0.504,0.321,61.7,6.2,151.6,0
94.1,152.1,1.071,0.656,70.9,18.4,47.3,3
27.5,113.8,0.57,0.697,55.5,9.8,149.1,1
0.2,62.7,0.448,0.464,58.1,13.7,143.2,0
6.2,33.0,0.408,0.375,40.7,12.6,61.1,0
8.3,36.0,0.38,0.412,52.8,14.1,154.1,0
48.6,67.3,0.741,0.582,53.6,38.4,40.8,2
15.0,23.8,0.361,0.171,53.5,4.8,25.5,0
1.0,43.7,0.472,0.232,48.4,19.1,221.7,0
16.9,42.5,0.525,0.357,55.2,17.1,71.0,0
20.7,27.4,0.3,0.202,55.4,19.5,113.5,0
9.8,39.7,0.36,0.234,54.7,2.6,215.4,0
4.8,20.2,0.452,0.367,54.2,20.7,34.4,0
102.2,143.0,1.078,0.639,72.9,15.1,42.6,3
40.3,77.6,0.625,0.477,48.4,15.3,225.6,0
43.6,65.7,0.598,0.286,63.0,13.1,50.7,0
15.0,46.3,0.569,0.364,42.3,6.7,59.4,0
7.8,41.7,0.47,0.447,30.9,10.6,28.9,0
10.4,79.5,0.884,0.595,69.4,12.8,52.8,1
2.7,32.8,0.333,0.4,44.9,17.4,44.1,0
71.2,90.4,1.047,0.521,59.8,18.9,41.5,3
15.7,40.1,0.347,0.434,39.6,12.1,161.5,0
58.4,178.5,1.26,0.905,57.7,15.6,56.3,3
11.0,23.0,0.436,0.229,55.4,13.1,147.2,0
27.9,53.9,0.4,0.422,58.4,18.4,208.5,0
21.9,47.5,0.588,0.442,45.8,21.4,59.9,0
2.2,28.9,0.382,0.172,48.8,21.8,57.5,0
78.6,87.1,0.818,0.419,67.5,13.2,57.6,2
11.4,35.7,0.454,0.304,55.7,10.5,105.0,0
3.7,21.9,0.314,0.154,53.6,8.8,147.2,0
34.0,74.6,0.576,0.356,63.5,14.0,147.5,0
17.9,95.1,0.769,0.508,54.0,43.4,43.8,1
25.5,69.0,0.515,0.535,67.2,10.5,116.6,0
19.8,54.8,0.493,0.478,52.8,19.4,45.3,0
0.3,47.5,0.58,0.391,57.6,18.7,70.1,0
5.9,43.8,0.551,0.365,58.8,16.1,28.9,0
5.6,36.6,0.348,0.509,39.8,2.3,55.5,0
43.0,110.0,0.693,0.555,62.4,13.7,139.6,1
18.6,42.2,0.263,0.364,49.9,17.8,146.9,0
29.5,37.8,0.558,0.272,48.7,8.2,109.6,0
12.2,29.7,0.495,0.179,50.6,3.0,79.8,0
30.9,46.1,0.437,0.464,58.2,18.6,73.4,0
15.1,160.2,1.069,0.769,41.9,21.7,37.6,3
13.9,94.8,0.859,0.607,54.4,11.6,126.8,1
21.7,57.1,0.404,0.377,53.7,9.2,112.8,0
19.8,35.4,0.435,0.428,63.5,30.4,42.9,0
128.9,195.3,1.173,0.842,67.6,27.8,82.0,3
5.8,39.9,0.563,0.438,62.4,5.4,59.1,0
1.8,25.4,0.399,0.358,55.4,13.6,64.1,0
25.0,59.4,0.496,0.247,55.7,6.9,156.2,0
7.0,31.3,0.465,0.254,63.3,9.8,57.4,0
4.0,50.8,0.372,0.467,68.0,26.8,222.5,0
107.5,114.9,0.914,0.769,67.5,32.1,66.4,3
5.6,52.0,0.552,0.444,47.0,8.2,60.6,0
0.8,25.1,0.367,0.241,55.6,18.1,35.1,0
102.2,169.9,1.145,0.746,57.0,10.3,43.9,3
3.8,86.2,0.655,0.563,42.2,41.6,58.1,1
159.7,256.4,1.547,1.0,88.0,10.4,215.8,3
11.6,164.8,1.076,0.779,58.4,9.8,41.9,3
78.9,173.0,1.204,0.825,57.8,21.9,61.9,3
13.5,79.5,0.47,0.565,79.2,6.7,143.9,0
28.1,36.8,0.635,0.484,45.4,6.5,45.3,0
15.4,16.4,0.34,0.335,59.4,12.6,157.6,0
13.6,87.0,0.663,0.515,47.8,8.0,50.8,1
23.0,35.8,0.416,0.237,69.9,3.2,42.9,0
29.1,264.0,1.662,1.0,52.4,13.2,13.7,3
21.2,26.1,0.663,0.43,53.1,18.6,48.2,0
19.0,82.7,0.835,0.589,40.6,11.3,78.0,1
7.1,44.9,0.526,0.372,69.8,11.9,35.1,0
16.1,21.9,0.439,0.22,49.6,16.6,76.8,0
70.9,108.6,0.996,0.629,67.2,37.6,72.9,3
6.7,21.3,0.385,0.366,53.1,9.2,49.5,0
23.7,53.0,0.63,0.405,51.4,16.2,25.4,0
53.6,83.3,0.767,0.491,42.8,14.3,40.8,2
29.3,44.2,0.713,0.288,54.9,6.3,46.9,0
43.4,65.7,0.773,0.666,56.8,21.8,63.0,2
3.7,17.1,0.266,0.165,55.1,28.7,224.7,0
23.7,26.7,0.594,0.194,73.0,18.7,49.6,0
12.8,47.6,0.518,0.378,59.2,2.0,64.0,0
13.4,107.1,0.728,0.574,61.0,9.9,49.7,1
66.0,80.3,0.737,0.581,60.1,20.8,25.9,2
13.7,145.4,0.954,0.834,43.7,24.2,46.1,3
24.5,177.3,1.017,0.752,53.7,4.2,53.1,3
0.8,21.2,0.285,0.193,46.2,4.8,157.1,0
78.8,104.4,0.742,0.503,64.2,19.3,47.1,2
41.2,62.0,0.45,0.489,54.6,14.8,229.6,0
16.8,25.7,0.446,0.317,41.3,12.6,77.1,0
12.1,37.8,0.577,0.292,64.1,33.5,51.7,0
32.2,55.2,0.65,0.412,56.0,36.6,86.6,0
53.0,87.3,0.755,0.415,57.8,8.3,119.6,1
79.7,115.8,0.741,0.558,55.9,6.2,119.0,2
40.0,48.1,0.435,0.248,54.6,13.2,149.6,0
19.3,72.8,0.609,0.473,48.2,20.3,76.8,0
45.7,71.1,0.773,0.466,49.8,27.3,35.2,1
38.4,48.7,0.52,0.279,59.5,10.9,52.8,0
19.4,44.2,0.312,0.388,51.4,7.8,218.7,0
37.4,74.7,0.813,0.563,64.0,17.8,45.7,1
36.8,144.4,0.897,0.643,55.0,11.9,64.5,2
16.7,111.3,0.69,0.579,55.6,13.2,64.6,1
9.5,28.1,0.445,0.334,54.2,18.1,75.0,0
33.9,61.0,0.554,0.414,60.5,12.2,146.7,0
4.4,17.3,0.336,0.123,46.0,3.7,57.4,0
3.0,45.9,0.519,0.317,59.7,7.1,24.9,0
24.9,44.6,0.447,0.309,46.5,8.5,55.6,0
33.0,59.2,0.549,0.392,57.6,9.0,70.3,0
24.7,100.2,0.704,0.554,46.3,3.1,148.8,1
27.5,35.6,0.301,0.458,55.4,39.8,75.4,0
32.5,127.2,0.937,0.651,64.3,6.3,118.0,2
66.2,112.9,0.761,0.46,67.0,23.4,52.0,2
40.6,131.9,0.855,0.696,67.0,8.2,26.6,2
39.5,100.1,0.777,0.722,55.9,10.9,221.6,1
23.0,93.1,0.772,0.523,63.0,13.2,72.1,1
23.9,56.7,0.55,0.358,50.3,8.8,117.5,0
15.2,25.1,0.176,0.249,50.8,31.6,226.9,0
26.7,43.9,0.48,0.401,57.3,75.7,48.0,0
4.1,17.9,0.31,0.221,59.5,2.3,146.6,0
66.4,68.4,0.682,0.307,58.3,27.2,57.1,1
6.1,81.4,0.74,0.433,58.5,13.8,83.6,0
40.5,69.9,0.84,0.443,60.3,11.3,56.2,2
59.5,72.0,0.762,0.505,64.2,24.3,45.2,1
40.4,188.8,1.053,0.854,51.6,27.4,154.0,3
115.3,313.4,1.7,1.0,67.4,17.0,59.3,3
0.3,7.1,0.295,0.211,51.3,28.4,29.8,0
10.3,36.0,0.243,0.248,56.4,2.1,40.5,0
58.6,82.7,0.533,0.49,54.9,22.1,219.9,0
2.8,14.3,0.095,0.277,42.1,12.5,153.9,0
6.4,80.3,0.6,0.382,36.0,14.5,81.9,0
30.5,32.5,0.421,0.333,62.9,25.1,141.2,0
19.1,139.5,0.758,0.618,62.6,18.8,84.6,2
28.7,62.8,0.438,0.325,40.5,40.5,218.3,0
20.9,160.0,0.89,0.736,55.9,44.5,37.5,3
22.9,54.4,0.573,0.512,52.7,11.6,27.6,0
7.3,31.2,0.337,0.146,62.9,4.5,108.3,0
22.2,100.9,0.759,0.526,53.9,13.0,212.1,0
11.2,149.6,0.954,0.753,58.2,6.2,72.0,2
13.2,134.8,0.934,0.804,50.7,9.2,223.1,1
40.0,43.9,0.509,0.524,52.9,15.2,58.2,0
2.6,100.6,0.886,0.529,58.5,3.1,116.5,1
0.0,22.8,0.392,0.316,60.6,17.2,67.7,0
37.4,65.8,0.534,0.424,47.8,13.1,150.0,0
22.2,44.5,0.73,0.342,64.7,7.7,75.7,0
59.4,76.6,0.542,0.499,53.7,3.9,76.7,0
6.6,32.6,0.402,0.163,34.4,23.4,52.0,0
16.1,27.0,0.297,0.28,54.7,26.3,47.8,0
19.9,118.4,0.679,0.676,59.2,24.7,34.9,1
8.6,68.5,0.422,0.366,41.2,6.1,49.4,0
5.5,45.7,0.554,0.397,37.0,16.3,62.8,0
39.1,61.4,0.517,0.261,54.3,28.1,32.9,0
2.1,20.5,0.361,0.267,47.3,15.1,69.9,0
4.2,52.6,0.62,0.503,63.6,14.3,40.1,0
15.5,56.9,0.615,0.379,54.6,36.6,44.3,0
43.5,126.7,0.907,0.579,64.8,36.3,114.1,2
9.3,28.1,0.557,0.16,55.2,9.0,34.6,0
7.8,24.7,0.565,0.31,65.8,7.8,54.1,0
14.5,72.3,0.52,0.542,47.2,6.9,50.3,0
26.2,94.7,0.798,0.539,55.5,3.3,34.5,1
12.0,15.5,0.359,0.198,41.4,31.4,61.0,0
48.6,151.5,1.005,0.589,66.3,17.3,53.8,3
50.5,87.7,0.634,0.528,69.0,11.2,25.5,1
15.5,35.4,0.419,0.254,61.5,13.7,70.9,0
91.4,140.3,1.013,0.663,65.6,37.2,33.5,3
19.4,66.8,0.652,0.583,43.2,4.1,207.2,0
49.0,69.5,0.565,0.285,59.1,32.5,61.7,1
25.4,29.5,0.255,0.143,50.6,13.3,50.8,0
25.0,128.1,0.817,0.693,63.4,18.1,159.8,2
1.3,16.6,0.22,0.209,48.8,17.6,124.9,0
3.6,16.5,0.365,0.197,49.0,34.1,56.4,0
12.7,29.7,0.41,0.319,71.4,6.6,218.0,0
50.1,115.9,0.852,0.649,66.4,51.3,69.9,3
25.8,49.0,0.467,0.281,64.7,5.2,128.3,0
12.9,30.3,0.341,0.243,50.0,7.6,214.4,0
33.3,79.4,0.732,0.49,48.5,21.3,111.6,1
48.5,89.0,0.64,0.538,68.3,33.6,72.2,1
18.1,35.9,0.535,0.361,66.8,7.1,76.6,0
22.8,26.7,0.352,0.23,45.4,4.5,70.9,0
19.8,84.4,0.643,0.536,51.0,33.3,222.7,0
16.9,58.1,0.39,0.489,47.4,9.7,129.7,0
6.5,8.7,0.405,0.218,56.9,9.7,43.6,0
5.8,120.7,0.825,0.635,61.6,13.7,29.3,2
33.1,35.1,0.46,0.294,54.3,13.2,141.7,0
49.3,63.3,0.734,0.368,56.9,22.5,56.0,1
12.9,27.9,0.366,0.203,38.4,4.7,56.2,0
12.5,30.6,0.353,0.271,46.4,3.6,215.6,0
0.6,18.1,0.411,0.29,64.2,16.7,48.1,0
61.0,68.7,0.675,0.364,65.7,20.4,32.9,2
7.1,44.9,0.528,0.346,60.5,20.4,119.8,0
9.2,82.9,0.597,0.481,50.5,19.7,218.2,0
28.1,65.4,0.514,0.591,54.3,4.5,148.7,0
28.9,72.2,0.71,0.523,56.8,20.5,147.9,0
12.7,36.4,0.471,0.384,56.6,19.1,148.5,0
16.3,52.3,0.433,0.464,65.6,4.4,120.5,0
25.7,71.9,0.477,0.408,50.7,26.7,208.5,0
7.5,67.4,0.576,0.563,52.1,6.4,59.7,0
73.7,89.7,0.803,0.539,57.4,9.1,112.8,2
5.5,19.2,0.208,0.25,37.1,20.6,30.0,0
14.4,15.4,0.321,0.13,61.7,5.2,51.6,0
10.5,151.9,0.909,0.728,67.7,10.8,49.8,2
20.7,155.3,0.759,0.619,61.4,10.1,221.7,1
70.5,101.0,0.744,0.546,65.1,11.4,60.7,2
5.0,37.1,0.49,0.271,67.6,6.7,37.9,0
28.5,137.1,0.868,0.672,60.2,45.9,76.5,2
33.9,41.8,0.506,0.216,63.8,21.2,38.8,0
51.8,64.0,0.538,0.489,61.4,9.7,42.0,1
6.4,120.3,0.797,0.696,55.4,7.6,58.0,2
6.0,29.5,0.297,0.446,51.9,15.8,61.6,0
14.6,24.9,0.554,0.425,61.0,9.8,68.6,0
15.0,63.6,0.764,0.439,45.7,17.0,33.6,0
4.4,20.5,0.312,0.351,56.1,5.0,123.7,0
34.6,133.6,0.835,0.718,50.7,15.1,28.4,2
31.5,67.1,0.646,0.4,61.1,22.8,166.0,0
96.4,113.2,0.999,0.59,86.6,17.7,33.9,3
12.5,30.3,0.638,0.354,59.6,10.2,24.4,0
4.3,50.9,0.708,0.744,62.1,17.7,68.7,1
5.5,31.9,0.211,0.408,60.1,1.8,142.5,0
25.5,48.6,0.613,0.389,37.5,22.5,120.0,0
6.6,68.5,0.573,0.487,52.0,2.1,68.4,0
37.0,146.8,1.039,0.787,61.5,25.6,36.9,3
7.9,62.7,0.547,0.413,36.5,9.7,225.8,0
22.0,36.7,0.573,0.389,53.2,23.5,30.4,0
16.6,26.1,0.521,0.267,54.0,26.9,68.4,0
5.4,64.3,0.497,0.336,43.0,10.1,111.9,0
1.8,56.6,0.452,0.441,44.5,24.8,64.6,0
56.0,77.4,0.769,0.533,71.7,17.6,147.1,1
26.2,53.2,0.442,0.371,30.0,18.7,135.3,0
3.4,19.0,0.454,0.281,54.7,29.0,225.0,0
4.0,13.7,0.293,0.319,61.9,16.2,64.3,0
94.1,111.2,0.827,0.603,66.8,27.2,153.5,2
5.9,6.4,0.33,0.164,64.2,42.4,42.1,0
23.4,108.2,0.652,0.532,52.3,23.5,61.4,1
1.1,7.4,0.209,0.185,44.9,9.2,34.7,0
10.8,41.9,0.583,0.479,53.7,15.7,47.2,0
39.4,40.9,0.385,0.319,55.3,9.2,50.9,0
0.7,54.0,0.705,0.42,47.5,15.7,142.4,0
8.8,76.3,0.628,0.444,52.0,10.6,55.7,0
8.2,42.0,0.399,0.305,47.0,17.2,56.5,0
31.0,60.4,0.629,0.333,50.3,24.2,79.9,0
28.4,44.0,0.315,0.358,47.6,8.4,50.2,0
30.9,114.1,0.791,0.572,60.3,14.7,73.6,2
23.1,27.6,0.452,0.401,47.7,6.7,30.7,0
28.4,48.4,0.406,0.357,46.6,8.8,108.6,0
2.6,16.2,0.263,0.238,43.8,14.8,146.9,0
23.2,36.3,0.642,0.303,57.4,10.7,35.3,0
65.0,146.5,1.058,0.777,67.8,35.6,23.1,3
18.6,46.3,0.564,0.492,61.0,3.5,53.5,0
8.2,23.7,0.332,0.178,55.0,37.2,76.8,0
9.3,51.7,0.377,0.404,57.8,22.8,120.1,0
61.0,100.3,0.743,0.425,61.3,22.4,150.0,1
131.2,197.7,1.069,1.0,76.6,28.0,143.4,3
0.4,47.1,0.394,0.351,55.6,21.1,70.1,0
12.9,41.8,0.347,0.206,48.2,9.6,120.2,0
3.7,34.5,0.275,0.198,44.0,23.4,48.1,0
30.5,75.4,0.688,0.543,67.7,17.1,119.1,0
21.6,32.9,0.473,0.157,56.5,4.1,39.6,0
15.3,53.9,0.397,0.412,62.9,8.2,222.7,0
0.8,108.7,0.833,0.559,43.3,5.7,35.2,1
11.3,45.1,0.269,0.336,50.6,11.6,210.2,0
14.7,36.8,0.356,0.261,43.3,2.6,61.4,0
3.7,25.5,0.511,0.192,57.8,20.9,64.9,0
25.1,68.3,0.848,0.399,51.1,24.5,33.8,1
21.7,58.4,0.649,0.456,51.0,9.8,48.4,1
12.3,67.6,0.582,0.414,69.6,17.6,166.8,0
17.6,34.2,0.433,0.349,60.1,34.0,36.7,0
12.0,38.1,0.433,0.305,59.2,10.0,53.4,0
0.9,64.3,0.581,0.482,42.5,9.5,77.7,0
29.4,96.9,0.823,0.59,41.8,12.0,151.2,1
23.9,92.0,0.761,0.485,63.6,20.7,63.4,1
2.4,60.4,0.663,0.326,34.5,9.4,28.2,0
25.8,85.4,0.625,0.595,52.1,12.0,47.8,1
26.8,65.3,0.572,0.358,49.8,20.4,227.1,0
26.8,32.8,0.427,0.351,48.9,19.6,49.2,0
39.6,46.4,0.558,0.361,54.8,10.4,81.5,0
56.1,89.4,0.724,0.482,52.5,8.2,221.1,1
10.6,45.3,0.454,0.393,44.0,10.3,68.2,0
38.7,51.4,0.504,0.501,60.2,13.5,30.8,1
10.3,24.0,0.388,0.329,62.2,15.4,162.7,0
25.0,53.7,0.497,0.398,42.1,14.2,153.4,0
44.3,201.7,1.223,1.0,60.7,6.6,71.7,3
6.0,16.2,0.345,0.092,57.3,9.4,212.9,0
0.1,21.0,0.474,0.161,55.6,2.0,113.2,0
5.2,71.6,0.638,0.414,51.1,15.1,112.2,0
50.4,107.2,0.88,0.72,55.3,7.7,57.5,2
4.3,45.6,0.475,0.44,58.8,3.5,24.4,0
47.9,50.7,0.519,0.221,62.4,12.5,125.8,0
5.3,30.0,0.421,0.256,37.7,16.8,150.7,0
13.9,140.2,0.843,0.6,52.5,13.4,118.4,1
17.7,30.9,0.494,0.295,55.3,36.4,67.0,0
4.2,16.8,0.272,0.326,43.9,2.7,113.4,0
14.1,118.2,1.005,0.722,52.3,3.1,38.7,3
1.4,30.0,0.449,0.32,56.2,7.9,54.7,0
11.9,15.0,0.39,0.2,47.3,23.2,65.5,0
16.1,24.7,0.295,0.267,56.4,9.2,211.9,0
5.2,22.2,0.578,0.327,44.9,6.3,53.5,0
24.2,63.7,0.509,0.636,46.0,18.5,34.3,0
3.5,29.2,0.33,0.185,57.5,9.3,118.7,0
28.4,40.3,0.592,0.478,65.9,29.7,60.0,0
31.2,57.3,0.513,0.422,47.5,11.9,225.7,0
24.1,37.2,0.442,0.397,63.5,24.0,61.6,0
38.3,170.3,1.032,0.852,58.0,12.9,51.7,3
1.2,9.2,0.328,0.342,34.5,16.6,36.4,0
46.1,65.6,0.561,0.462,47.9,27.5,222.5,0
4.4,21.0,0.536,0.202,57.6,2.6,59.0,0
20.0,37.0,0.547,0.363,42.2,2.7,50.5,0
82.6,91.9,0.905,0.635,60.3,6.8,69.6,3
11.5,109.5,0.684,0.601,53.2,6.0,152.4,1
18.2,184.8,1.101,0.704,58.5,26.8,144.3,3
4.4,48.4,0.344,0.356,54.2,39.0,103.9,0
82.0,122.6,0.979,0.66,77.7,15.7,33.2,3
5.2,9.5,0.372,0.212,46.3,9.1,37.4,0
33.9,130.0,1.011,0.635,58.2,17.7,149.2,2
56.0,69.2,0.722,0.565,64.6,9.8,223.3,1
37.1,40.6,0.497,0.123,63.6,17.2,76.4,0
25.6,76.9,0.494,0.484,64.5,26.5,220.1,0
19.7,96.2,0.669,0.56,51.7,17.1,52.8,1
2.6,97.9,0.685,0.745,57.6,5.0,66.1,1
78.9,98.7,0.97,0.558,57.2,15.3,39.2,3
23.5,40.9,0.49,0.378,55.1,43.0,154.6,0
18.2,55.9,0.58,0.406,58.9,18.3,110.9,0
3.8,29.5,0.511,0.302,60.4,8.4,47.2,0
19.2,71.3,0.441,0.613,59.6,7.8,227.2,0
17.0,55.1,0.516,0.292,55.4,8.9,24.7,0
82.6,94.6,0.842,0.484,64.6,25.2,116.6,2
18.2,116.0,0.747,0.694,59.3,15.4,59.2,2
18.9,71.3,0.434,0.477,72.5,6.2,156.2,0
3.9,79.0,0.543,0.458,59.5,24.5,56.6,0
6.8,19.0,0.493,0.247,56.1,41.3,48.6,0
30.2,81.3,0.673,0.575,45.9,16.5,31.0,1
0.7,64.5,0.579,0.472,45.4,27.4,81.9,0
45.9,82.7,0.64,0.434,56.8,6.9,39.0,1
47.1,56.2,0.649,0.417,66.8,13.1,54.6,1
5.9,39.5,0.352,0.327,45.4,4.5,224.3,0
25.7,84.5,0.688,0.547,61.3,23.0,139.9,1
57.6,137.0,0.927,0.678,62.2,15.3,55.5,2
15.5,20.3,0.421,0.149,57.3,2.4,117.5,0
12.3,48.4,0.422,0.427,52.2,5.3,149.8,0
14.2,20.9,0.4,0.31,49.5,12.0,65.8,0
23.5,82.9,0.669,0.626,48.0,3.9,47.1,1
8.1,81.2,0.6,0.374,58.2,5.4,153.3,0
11.1,22.0,0.454,0.258,53.2,26.5,28.0,0
24.0,32.5,0.424,0.284,47.2,7.8,71.0,0
10.0,26.5,0.361,0.246,55.4,15.4,152.0,0
3.4,30.0,0.443,0.157,79.9,23.6,68.0,0
18.6,32.8,0.509,0.21,53.4,21.5,67.7,0
54.5,118.5,0.881,0.66,74.0,36.7,54.9,2
27.0,106.7,0.71,0.545,35.6,26.0,62.1,1
3.6,38.3,0.441,0.253,50.4,14.7,115.1,0
6.8,21.5,0.363,0.391,60.7,3.5,223.7,0
12.2,37.9,0.307,0.539,54.1,12.3,147.1,0
84.8,119.5,0.825,0.635,60.4,24.9,49.5,3
88.7,113.3,0.868,0.48,66.0,10.2,44.0,3
80.2,109.2,0.871,0.636,72.7,30.2,58.0,3
20.7,95.3,0.478,0.359,72.5,13.4,156.4,0
7.3,21.0,0.447,0.139,61.7,21.0,66.5,0
11.7,152.1,0.946,0.802,49.8,21.1,51.8,2
42.8,78.4,0.503,0.357,57.0,23.3,32.5,0
24.1,47.4,0.443,0.336,54.1,9.6,51.3,0
25.5,38.8,0.439,0.196,49.1,35.6,123.8,0
4.7,19.3,0.2,0.259,51.5,29.9,109.0,0
16.8,48.5,0.616,0.468,52.5,14.4,64.4,0
7.4,42.8,0.514,0.29,43.6,4.8,50.5,0
2.3,24.8,0.48,0.274,59.1,8.8,41.9,0
8.7,15.2,0.194,0.165,56.8,8.8,211.9,0
24.1,55.8,0.612,0.328,50.7,4.1,56.0,0
36.6,51.5,0.483,0.303,59.0,8.8,114.5,0
0.5,3.7,0.292,0.265,44.4,0.1,70.8,0
17.7,71.6,0.652,0.328,50.4,18.9,75.4,1
16.0,20.0,0.393,0.227,60.1,11.6,76.6,0
22.8,44.3,0.601,0.387,59.4,22.6,51.4,0
3.7,31.9,0.354,0.384,48.5,9.8,224.4,0
3.8,92.2,0.645,0.574,55.1,2.9,70.8,1
55.8,59.3,0.676,0.401,60.3,7.1,123.2,1
6.0,64.9,0.586,0.378,45.0,12.3,212.1,0
11.0,77.8,0.655,0.562,52.4,12.4,55.2,0
12.5,122.6,0.959,0.573,57.4,7.6,52.7,2
7.6,85.0,0.554,0.43,55.7,7.1,216.5,0
29.3,58.3,0.517,0.526,43.1,23.7,165.2,0
26.9,88.0,0.661,0.551,57.6,3.3,147.1,1
15.2,107.0,0.666,0.627,54.6,16.4,219.7,0
8.2,10.4,0.348,0.274,38.1,10.3,28.4,0
13.8,20.3,0.246,0.25,47.8,22.9,221.4,0
19.4,58.2,0.49,0.275,59.0,44.3,53.3,0
6.8,72.9,0.636,0.483,64.2,4.1,45.7,0
31.4,83.7,0.819,0.5,43.9,21.2,43.7,2
45.6,87.6,0.827,0.44,67.1,21.2,38.6,2
64.3,173.2,1.178,0.748,47.2,9.3,39.3,3
61.0,83.4,0.87,0.497,72.9,11.2,44.1,2
12.4,26.6,0.433,0.16,52.1,11.1,59.9,0
20.4,38.7,0.416,0.316,49.6,19.4,44.0,0
14.9,54.4,0.523,0.366,57.2,13.9,57.2,0
14.8,42.8,0.509,0.334,46.7,31.4,42.6,0
13.7,83.0,0.535,0.535,58.3,6.2,209.0,0
18.1,33.3,0.525,0.364,53.9,12.6,57.9,0
52.5,96.8,0.876,0.488,30.0,17.9,57.8,2
24.9,86.1,0.548,0.59,49.5,10.7,56.4,1
3.4,95.2,0.696,0.526,54.1,5.0,53.5,1
43.9,52.1,0.335,0.538,67.6,28.8,47.7,1
22.5,40.4,0.396,0.283,58.3,15.9,228.2,0
29.6,55.7,0.575,0.249,65.1,3.4,54.7,0
24.4,29.7,0.625,0.369,48.7,8.5,57.6,0
25.5,67.2,0.759,0.477,61.9,7.1,54.8,1
26.7,67.8,0.736,0.549,62.2,37.0,19.1,1
0.9,38.9,0.378,0.358,39.1,10.1,60.3,0
29.2,53.8,0.501,0.597,65.5,33.0,26.2,0
7.2,91.1,0.603,0.514,55.8,17.5,47.5,1
10.0,28.3,0.54,0.383,51.3,17.0,114.6,0
17.9,95.8,0.643,0.501,52.5,8.0,69.3,1
73.1,91.0,0.766,0.574,55.4,13.6,57.6,2
4.5,12.4,0.292,0.289,57.8,3.8,37.2,0
17.3,46.6,0.404,0.434,57.2,25.0,70.6,0
13.3,48.1,0.46,0.435,58.8,25.0,215.6,0
43.3,88.2,0.7,0.228,59.6,18.6,149.9,1
12.9,34.9,0.276,0.308,55.7,13.7,45.6,0
22.8,155.6,0.842,0.727,53.3,12.2,111.6,2
4.5,21.1,0.42,0.227,61.3,35.7,58.6,0
50.1,117.0,0.812,0.604,64.9,29.4,149.0,1
2.0,241.0,1.273,1.0,53.7,15.0,70.0,3
28.8,180.4,1.123,0.892,55.5,9.7,119.4,3
22.9,32.5,0.342,0.259,41.5,8.8,61.4,0
26.5,88.8,0.629,0.39,40.4,34.9,115.1,1
2.0,67.6,0.536,0.578,49.4,6.4,223.7,0
12.6,66.9,0.551,0.379,64.2,12.3,45.2,0
41.4,49.1,0.501,0.357,53.0,20.9,225.2,0
82.5,120.2,0.827,0.835,59.9,27.0,70.6,2
15.9,53.4,0.487,0.33,46.8,16.6,40.6,0
37.9,44.2,0.385,0.325,47.7,15.3,61.7,0
20.7,44.0,0.347,0.37,48.0,13.8,35.5,0
16.8,56.1,0.518,0.251,56.9,11.4,63.7,0
10.9,39.4,0.524,0.177,49.8,5.4,58.4,0
18.0,75.7,0.639,0.428,50.6,21.8,55.5,0
34.9,57.5,0.705,0.361,52.6,10.2,54.5,0
37.6,71.9,0.621,0.469,59.9,5.9,70.4,1
2.9,73.4,0.371,0.374,55.6,5.5,145.0,0
9.7,130.7,0.897,0.722,38.6,15.2,57.4,2
4.2,11.6,0.278,0.031,46.6,20.4,27.5,0
19.0,74.9,0.646,0.462,54.3,15.3,76.6,1
12.1,31.2,0.148,0.332,57.4,12.0,220.3,0
25.6,71.0,0.615,0.483,57.1,13.4,59.0,0
27.4,34.1,0.56,0.297,63.0,7.9,43.4,0
0.1,85.5,0.615,0.449,40.7,24.6,220.4,0
17.9,31.1,0.439,0.282,58.2,6.3,56.5,0
53.4,125.0,0.904,0.772,77.0,18.8,62.7,2
9.7,17.7,0.352,0.194,53.9,24.0,49.3,0
9.4,14.3,0.312,0.323,54.2,15.6,120.3,0
45.6,70.7,0.74,0.554,63.4,21.4,37.2,2
39.2,77.3,0.609,0.321,53.9,9.0,78.3,0
4.9,166.9,0.953,0.81,45.2,16.0,54.6,3
35.7,73.0,0.526,0.373,58.2,24.3,52.5,1
6.7,16.2,0.45,0.107,39.8,21.4,38.2,0
9.3,71.5,0.537,0.526,56.6,23.2,142.7,0
4.9,101.8,0.623,0.614,57.3,10.3,58.1,0
2.9,15.2,0.341,0.262,39.6,25.7,229.0,0
20.2,89.6,0.648,0.427,56.5,14.9,146.1,0
2.1,89.6,0.581,0.543,50.6,9.7,104.7,0
21.1,84.6,0.763,0.388,67.2,35.0,63.2,1
20.4,36.0,0.356,0.326,65.7,3.0,213.3,0
15.1,53.6,0.392,0.326,61.1,13.9,78.9,0
10.3,55.7,0.634,0.489,63.3,7.9,55.5,0
8.0,91.3,0.618,0.499,50.4,21.4,56.4,0
4.0,20.8,0.56,0.281,54.7,7.1,227.2,0
64.7,135.6,0.93,0.722,60.3,6.2,55.7,3
14.3,41.8,0.263,0.334,46.3,9.8,142.5,0
13.8,35.8,0.634,0.327,54.9,10.6,45.4,0
5.2,38.4,0.431,0.355,52.2,8.3,107.3,0
59.0,59.7,0.659,0.329,59.8,7.1,67.6,1
8.6,10.1,0.335,0.255,52.9,11.7,144.8,0
23.3,25.8,0.26,0.357,56.2,3.6,157.0,0
28.0,75.1,0.428,0.505,63.6,12.7,114.8,0
20.3,44.9,0.6,0.321,50.6,12.7,213.5,0
2.0,17.7,0.231,0.264,42.1,31.8,61.1,0
34.3,64.7,0.717,0.396,62.9,16.4,148.0,0
8.5,80.7,0.692,0.48,60.2,3.0,65.8,0
38.9,67.9,0.672,0.334,61.1,19.4,36.9,1
16.7,25.8,0.392,0.404,45.6,35.8,54.5,0
29.7,211.5,1.461,1.0,55.7,8.4,23.4,3
55.7,87.6,0.686,0.454,63.2,14.5,66.8,1
33.2,121.2,0.815,0.717,48.8,11.7,31.3,2
30.4,94.4,0.807,0.674,50.7,13.7,50.4,2
35.8,56.3,0.474,0.31,56.6,13.7,149.9,0
6.3,125.9,0.713,0.47,62.5,11.8,111.1,0
40.4,57.5,0.602,0.538,60.3,9.6,50.4,1
13.1,59.5,0.627,0.408,49.5,11.2,60.9,0
13.6,54.7,0.71,0.344,52.6,13.8,70.2,0
19.6,64.2,0.786,0.431,49.8,15.1,56.7,1
11.7,116.0,0.607,0.593,50.6,16.5,115.8,1
4.6,37.3,0.561,0.59,58.5,27.9,46.5,0
18.0,56.9,0.478,0.351,39.5,20.0,54.6,0
13.7,54.3,0.468,0.418,64.7,14.9,49.1,0
13.1,170.0,0.954,0.95,71.6,10.4,106.7,2
16.1,98.9,0.674,0.676,55.9,46.0,73.7,1
13.2,17.8,0.241,0.347,47.5,3.1,150.5,0
61.8,79.7,0.521,0.448,71.2,18.9,56.9,1
57.7,92.6,0.905,0.522,63.5,24.4,63.5,2
18.7,121.4,0.932,0.451,50.8,14.2,33.0,2
18.0,128.6,0.81,0.668,47.1,8.1,149.1,1
0.1,31.0,0.341,0.302,48.8,17.3,55.0,0
9.2,26.4,0.49,0.348,55.0,5.7,130.7,0
35.5,62.3,0.609,0.581,64.8,23.4,59.5,1
11.4,47.5,0.474,0.427,56.1,5.4,38.7,0
47.2,72.3,0.53,0.554,63.2,31.9,54.6,0
44.7,134.5,0.93,0.696,56.5,19.6,144.7,2
9.0,31.6,0.424,0.417,60.3,14.1,40.5,0
20.3,32.8,0.488,0.307,53.6,12.1,62.2,0
66.0,92.3,0.764,0.638,77.3,15.3,126.9,2
2.0,44.9,0.547,0.425,47.1,5.9,55.6,0
11.7,102.8,0.734,0.611,57.0,13.6,112.6,1
1.6,13.0,0.341,0.091,69.8,9.2,33.0,0
5.7,48.9,0.467,0.467,61.2,8.8,214.7,0
82.9,127.3,1.054,0.704,71.2,47.5,51.2,3
11.7,63.7,0.732,0.488,56.2,9.9,40.7,1
0.5,23.1,0.311,0.297,52.5,10.4,29.6,0
4.5,55.8,0.647,0.438,51.3,24.9,43.6,0
1.2,63.9,0.421,0.543,47.7,5.9,63.0,0
21.1,43.5,0.616,0.305,43.1,30.1,39.2,0
27.6,66.4,0.557,0.477,61.5,11.4,73.4,0
40.9,68.8,0.717,0.375,46.2,8.6,73.8,1
33.7,48.3,0.65,0.418,62.6,4.1,121.8,0
2.1,9.1,0.374,0.238,49.9,26.8,32.0,0
26.3,43.4,0.531,0.29,48.6,9.4,42.4,0
15.3,33.8,0.471,0.318,65.7,10.6,37.1,0
46.4,53.1,0.553,0.333,47.8,12.3,63.2,0
37.4,85.8,0.813,0.476,52.7,9.9,73.3,2
91.9,158.4,1.115,0.821,62.1,21.8,38.3,3
5.1,32.3,0.241,0.328,54.0,22.9,71.5,0
4.1,35.3,0.525,0.143,47.7,45.2,75.3,0
9.9,29.8,0.516,0.328,65.3,31.2,59.8,0
16.0,45.6,0.519,0.328,43.6,14.3,63.7,0
7.6,59.2,0.483,0.37,85.9,22.2,71.2,0
5.5,48.9,0.376,0.266,44.4,36.7,116.1,0
24.6,54.0,0.445,0.384,79.6,25.3,143.2,0
9.9,28.4,0.362,0.242,62.3,14.5,212.3,0
7.2,69.1,0.43,0.56,52.3,17.8,69.1,0
2.1,22.7,0.442,0.11,54.2,29.4,51.8,0
0.1,7.6,0.343,0.123,49.0,1.8,52.3,0
59.3,96.0,0.918,0.456,64.3,13.9,53.1,2
57.8,61.1,0.711,0.438,55.3,4.1,62.1,1
38.4,80.2,0.63,0.594,63.8,6.5,65.0,1
30.5,75.1,0.532,0.514,58.3,2.3,27.4,1
8.8,25.7,0.256,0.18,45.5,10.7,212.8,0
31.7,51.4,0.703,0.339,60.5,35.9,39.8,1
3.6,73.0,0.646,0.388,55.5,27.2,48.1,0
19.7,165.4,1.084,0.862,49.4,7.6,53.9,3
6.4,39.3,0.427,0.291,49.6,17.6,45.7,0
31.9,49.2,0.613,0.242,61.2,7.1,39.7,1
69.9,114.7,0.758,0.674,71.9,17.0,58.2,2
4.5,32.8,0.543,0.42,51.6,31.8,37.9,0
9.3,51.6,0.394,0.362,60.9,4.5,116.7,0
19.4,56.2,0.356,0.407,64.4,16.5,115.5,0
0.7,38.3,0.63,0.192,62.5,21.3,119.8,0
1.4,3.2,0.275,0.007,55.6,7.8,147.3,0
68.1,87.7,0.725,0.351,55.7,18.8,164.5,1
24.7,42.4,0.36,0.339,63.1,7.6,41.5,0
8.1,25.6,0.421,0.251,51.8,14.5,152.5,0
17.2,72.2,0.699,0.507,58.8,14.9,79.0,0
10.0,18.5,0.387,0.233,48.6,4.0,41.3,0
20.0,21.8,0.407,0.353,50.4,3.8,221.0,0
10.5,27.5,0.485,0.364,48.1,2.9,147.0,0
15.8,29.2,0.499,0.263,43.9,18.9,53.6,0
34.6,67.7,0.349,0.35,52.8,17.8,220.6,0
32.5,57.0,0.454,0.227,48.9,14.7,117.2,0
64.9,86.0,0.921,0.64,66.9,13.8,54.1,3
26.5,114.0,0.831,0.534,47.7,23.8,56.2,2
18.4,32.2,0.435,0.169,49.6,10.5,121.5,0
73.3,125.5,0.779,0.674,63.7,10.6,210.5,2
14.0,43.2,0.457,0.212,68.7,5.2,42.5,0
38.9,109.5,0.952,0.613,52.7,14.4,22.6,2
23.4,132.6,1.031,0.66,44.7,15.7,56.6,2
17.5,46.3,0.599,0.441,44.3,12.8,51.9,0
39.8,43.4,0.597,0.422,51.5,22.5,58.0,0
10.6,19.1,0.361,0.353,48.4,10.3,214.9,0
40.6,46.7,0.46,0.378,76.9,54.2,218.1,0
7.8,27.5,0.282,0.208,61.0,12.9,122.7,0
4.8,21.4,0.275,0.169,50.2,8.7,51.3,0
37.5,76.0,0.803,0.424,72.8,11.0,50.1,1
55.3,121.5,0.918,0.827,55.9,19.0,22.7,3
11.9,14.9,0.371,0.215,50.6,45.1,148.9,0
39.2,70.6,0.686,0.466,54.5,8.9,46.5,1
27.3,41.4,0.448,0.476,64.6,20.5,215.6,0
84.8,117.2,0.957,0.654,65.0,19.8,64.0,3
26.5,46.3,0.604,0.291,68.3,33.5,53.3,0
53.5,110.9,0.681,0.672,64.0,9.4,229.0,1
9.0,18.3,0.511,0.212,60.7,17.9,37.9,0
1.4,16.6,0.305,0.27,37.7,24.6,61.3,0
44.9,71.8,0.7,0.502,45.6,21.2,51.1,1
1.3,23.3,0.303,0.225,38.9,22.8,44.1,0
37.1,63.9,0.518,0.442,54.5,11.3,218.1,0
4.0,8.2,0.27,0.356,40.3,15.0,78.7,0
23.9,120.5,0.855,0.587,65.7,29.2,45.2,2
86.1,104.3,0.961,0.7,64.2,7.3,28.2,3
34.5,44.6,0.554,0.299,62.4,11.4,52.3,1
14.0,41.6,0.624,0.502,50.3,7.0,142.3,0
27.9,59.5,0.674,0.332,63.1,7.4,47.9,1
9.4,140.1,0.851,0.683,37.8,16.3,113.9,1
114.1,189.2,1.289,1.0,69.9,21.3,28.3,3
7.0,28.5,0.464,0.429,57.1,10.3,61.1,0
15.9,129.4,0.933,0.751,59.2,14.9,58.6,2
31.6,128.4,0.789,0.577,54.5,13.5,42.9,2
25.9,36.2,0.548,0.327,42.5,3.8,65.0,0
28.9,182.9,1.014,0.884,64.7,5.8,46.2,3
9.7,28.3,0.498,0.212,50.4,19.7,35.0,0
13.4,48.6,0.638,0.43,51.7,6.0,37.7,0
43.0,128.5,0.94,0.604,76.6,12.0,52.0,2
41.1,44.1,0.299,0.234,59.4,18.8,131.1,0
26.6,53.3,0.425,0.239,52.1,16.8,28.1,0
59.4,99.8,0.867,0.718,56.9,10.3,55.8,3
44.6,117.5,0.658,0.586,64.3,14.8,36.9,1
40.0,70.2,0.719,0.406,51.8,11.5,50.6,1
1.2,4.3,0.42,0.104,56.3,11.4,40.3,0
26.2,156.2,1.1,0.904,65.0,32.7,60.9,3
21.7,53.0,0.491,0.26,54.8,18.4,134.3,0
66.1,107.8,0.899,0.486,70.5,14.6,58.6,3
12.4,17.4,0.425,0.218,53.4,13.4,37.5,0
0.8,94.3,0.568,0.541,46.6,1.3,54.5,0
56.0,74.9,0.767,0.527,47.6,62.4,67.0,2
25.5,39.7,0.637,0.272,58.3,29.1,53.5,0
7.6,85.2,0.719,0.647,55.6,9.4,81.5,0
9.2,15.1,0.337,0.178,61.3,2.8,53.3,0
32.8,75.1,0.7,0.378,64.3,11.1,118.1,0
32.0,45.7,0.667,0.257,73.7,26.3,49.3,0
53.2,100.1,0.882,0.495,55.9,25.5,106.7,2
14.2,72.3,0.741,0.353,57.1,13.1,22.4,1
8.7,26.9,0.186,0.351,47.9,39.4,222.6,0
23.5,112.8,0.749,0.524,63.2,11.8,222.7,1
17.8,49.1,0.601,0.357,47.4,10.8,45.8,0
10.9,142.3,1.008,0.635,61.0,17.2,61.3,2
61.2,139.5,1.051,0.611,55.9,9.8,25.3,3
108.7,143.4,1.119,0.831,75.5,13.6,221.5,3
45.0,79.5,0.56,0.63,68.9,21.7,29.5,1
14.0,20.8,0.476,0.374,41.8,6.9,32.6,0
26.9,104.4,0.838,0.449,45.5,18.0,37.4,2
21.8,38.2,0.579,0.207,57.4,24.6,56.5,0
39.8,78.1,0.732,0.658,59.4,11.1,224.2,1
34.4,164.9,0.975,0.791,55.2,12.2,48.5,3
13.1,101.0,0.877,0.445,50.3,14.2,66.4,1
5.6,16.8,0.44,0.342,46.1,6.4,80.8,0
23.1,54.6,0.499,0.396,58.3,10.0,143.6,0
10.6,52.4,0.421,0.433,46.0,3.8,117.4,0
2.8,99.4,0.645,0.361,55.4,5.2,217.9,0
7.7,93.3,0.72,0.509,48.6,12.0,76.1,1
2.1,53.9,0.508,0.473,49.0,15.9,147.1,0
15.3,62.9,0.538,0.364,64.2,16.7,51.0,0
115.2,146.1,1.148,0.853,78.1,13.1,67.7,3
12.5,53.3,0.477,0.267,46.0,8.1,110.2,0
12.2,36.6,0.529,0.311,47.0,8.9,150.0,0
16.0,78.7,0.831,0.631,60.8,13.2,25.3,2
65.8,115.6,0.817,0.521,51.1,8.4,62.0,2
113.4,188.7,1.228,0.93,81.8,8.5,145.6,3
82.0,155.5,1.181,0.831,66.2,17.9,45.2,3
44.7,61.0,0.658,0.423,54.5,10.0,50.1,1
5.8,6.8,0.211,0.184,53.0,16.3,68.7,0
45.7,60.6,0.722,0.334,70.2,42.5,32.4,1
2.6,43.1,0.334,0.363,35.4,8.1,220.8,0
1.9,26.3,0.43,0.272,60.5,17.0,63.0,0
20.2,43.7,0.377,0.219,64.8,2.7,142.5,0
17.7,31.6,0.536,0.401,52.3,10.1,54.3,0
14.4,60.2,0.538,0.329,53.7,14.0,59.0,0
11.3,62.7,0.573,0.294,54.9,1.9,209.4,0
28.5,80.8,0.617,0.437,62.4,30.6,140.1,0
20.3,94.2,0.687,0.462,49.4,7.4,56.1,1
38.3,294.6,1.639,1.0,58.0,23.2,54.2,3
41.7,42.5,0.396,0.232,57.9,20.0,147.9,0
25.3,75.6,0.783,0.511,61.5,35.0,121.1,1
8.3,67.4,0.514,0.564,74.7,2.1,224.5,0
8.2,23.2,0.358,0.279,47.4,15.2,62.9,0
11.8,38.0,0.452,0.196,54.5,11.9,44.9,0
25.2,44.3,0.537,0.268,49.9,2.4,45.9,0
36.2,89.3,0.822,0.543,53.9,12.4,60.9,2
8.9,89.5,0.613,0.347,44.8,10.1,53.9,0
59.3,67.4,0.589,0.328,49.2,7.0,152.4,1
14.1,60.3,0.514,0.264,63.7,10.7,155.5,0
94.1,188.4,1.386,0.915,69.9,14.0,50.5,3
19.4,35.6,0.472,0.511,55.8,9.0,223.1,0
42.3,54.4,0.725,0.276,51.8,17.2,83.1,1
1.0,11.5,0.357,0.298,51.6,19.9,52.2,0
7.2,20.1,0.536,0.206,43.9,6.8,41.3,0
12.4,141.2,1.037,0.604,53.8,11.5,42.3,2
2.7,154.7,1.017,0.916,55.1,33.2,60.4,3
13.7,117.7,0.907,0.827,49.9,11.5,25.5,3
10.8,34.7,0.421,0.351,47.7,6.8,41.3,0
53.9,161.1,1.197,0.832,56.7,7.3,111.2,3
31.4,41.2,0.499,0.344,63.5,18.9,63.1,0
45.4,109.4,0.881,0.587,60.9,9.0,63.1,2
94.8,112.6,0.997,0.644,54.3,10.4,41.4,3
37.4,45.6,0.422,0.416,63.8,18.4,70.1,0
5.1,50.1,0.509,0.522,57.2,3.7,69.0,0
13.3,59.2,0.603,0.361,55.6,16.5,35.8,0
23.1,73.1,0.624,0.473,68.9,6.0,76.7,1
61.0,116.1,0.901,0.618,62.0,8.7,28.0,3
0.7,43.7,0.583,0.44,55.6,3.4,119.7,0
31.3,60.0,0.432,0.627,60.8,7.5,219.9,0
1.4,35.4,0.305,0.411,59.2,25.0,113.2,0
8.7,73.4,0.563,0.534,51.6,56.6,71.0,0
2.1,43.7,0.46,0.43,47.2,10.3,217.2,0
7.0,27.1,0.515,0.398,60.9,9.1,36.1,0
39.3,54.0,0.614,0.605,65.7,21.9,110.1,0
11.2,45.0,0.599,0.202,64.0,16.6,43.8,0
6.1,100.1,0.773,0.619,56.3,23.2,26.9,1
5.0,60.8,0.523,0.182,39.6,15.2,50.2,0
3.3,101.3,0.651,0.655,53.8,25.2,51.4,1
36.7,60.2,0.512,0.461,58.1,16.2,36.8,1
18.5,57.3,0.547,0.351,64.8,34.1,64.5,0
25.6,69.9,0.719,0.209,64.6,20.9,38.2,1
1.8,69.0,0.615,0.444,57.2,31.3,58.8,0
18.6,42.1,0.472,0.362,38.4,9.7,121.8,0
0.1,55.8,0.448,0.389,45.4,9.8,46.6,0
53.5,143.3,1.224,0.675,57.6,16.3,52.5,3
31.3,61.5,0.546,0.336,54.3,15.8,39.5,0
15.7,28.3,0.454,0.284,55.8,12.0,62.1,0
0.0,92.2,0.741,0.463,63.8,12.1,121.8,0
4.6,64.7,0.584,0.502,59.0,9.8,58.2,0
2.1,8.0,0.271,0.204,45.0,13.7,48.2,0
14.7,45.7,0.595,0.2,47.7,8.9,47.8,0
26.6,161.4,0.867,0.817,48.9,25.7,114.2,2
25.1,77.1,0.817,0.514,55.1,20.1,65.7,1
71.1,104.9,0.877,0.729,69.8,17.3,63.6,2
16.9,27.7,0.367,0.37,62.4,3.6,148.6,0
56.7,67.4,0.494,0.358,58.1,5.2,147.9,0
12.4,76.3,0.541,0.602,53.8,12.8,53.0,0
30.1,42.1,0.492,0.217,70.2,6.8,107.0,0
14.0,58.5,0.687,0.408,42.4,17.9,145.5,0
24.3,54.5,0.497,0.457,61.0,2.5,212.4,0
17.1,59.4,0.613,0.54,59.0,37.7,52.1,1
7.6,35.3,0.456,0.486,50.8,4.3,124.5,0
25.2,75.1,0.876,0.584,55.9,24.3,47.9,2
32.1,105.6,0.756,0.574,60.5,10.9,57.9,1
37.8,66.0,0.798,0.486,55.7,4.5,27.8,1
22.1,90.4,0.674,0.548,50.4,10.9,69.5,1
0.0,101.4,0.62,0.506,46.3,29.0,130.0,0
26.5,70.7,0.632,0.442,71.1,10.5,61.4,1
3.0,65.5,0.573,0.594,49.0,27.5,59.2,0
21.0,29.3,0.52,0.351,57.0,12.6,39.3,0
24.2,53.0,0.321,0.569,62.2,19.8,110.9,0
0.8,5.7,0.243,0.105,50.4,7.1,219.7,0
18.1,37.7,0.444,0.291,55.2,6.8,42.0,0
1.7,30.8,0.371,0.336,56.3,4.2,52.8,0
0.0,143.7,0.778,0.799,45.2,13.8,74.7,1
1.6,16.5,0.338,0.233,40.0,16.5,61.6,0
15.7,48.0,0.504,0.437,48.7,10.4,20.8,0
14.6,26.7,0.418,0.354,68.2,7.3,25.4,0
9.7,36.5,0.326,0.195,48.9,33.1,51.4,0
30.9,81.5,0.607,0.561,58.0,13.1,216.1,0
13.7,71.4,0.543,0.551,43.6,16.0,72.1,0
26.8,50.3,0.411,0.4,67.0,9.4,52.7,0
37.4,54.8,0.56,0.225,55.6,4.6,27.5,0
119.5,231.2,1.357,1.0,67.5,11.7,119.2,3
16.0,37.7,0.487,0.364,53.5,11.7,61.3,0
53.6,55.2,0.568,0.314,80.7,6.0,58.4,1
22.8,112.9,0.669,0.697,59.2,18.4,78.3,2
24.2,26.7,0.383,0.348,54.6,12.4,39.0,0
16.2,106.5,0.585,0.602,31.5,11.0,114.5,1
20.8,25.9,0.546,0.281,66.2,2.5,57.4,0
13.8,20.6,0.494,0.276,48.7,11.6,112.8,0
45.7,55.1,0.735,0.391,52.5,15.1,55.0,1
7.1,27.0,0.381,0.168,47.0,5.4,44.2,0
1.6,92.6,0.8,0.497,64.0,7.7,73.9,1
9.3,19.1,0.45,0.26,53.1,13.1,28.8,0
8.0,58.5,0.443,0.533,41.1,5.9,129.1,0
9.2,50.6,0.471,0.437,51.8,7.9,59.7,0
15.3,50.4,0.489,0.507,47.8,6.9,112.6,0
9.3,87.2,0.7,0.389,56.4,17.2,43.4,1
15.1,52.9,0.579,0.352,51.3,24.3,60.4,0
9.3,49.9,0.533,0.559,40.9,13.3,46.4,0
27.4,89.5,0.685,0.457,55.7,10.2,64.9,1
118.6,139.3,1.196,0.647,70.5,24.5,60.6,3
22.3,54.9,0.571,0.367,45.5,3.8,35.4,0
9.8,54.0,0.527,0.569,37.9,11.2,59.5,0
88.6,160.5,1.101,0.737,68.4,28.9,51.7,3
23.6,52.4,0.556,0.432,53.5,7.9,46.6,0
14.9,47.0,0.42,0.396,52.7,16.0,24.8,0
15.8,65.3,0.522,0.257,60.5,20.3,38.2,0
20.6,49.9,0.758,0.37,39.8,13.5,67.0,0
9.4,24.7,0.279,0.225,54.0,6.0,44.6,0
2.3,64.3,0.551,0.488,57.7,7.6,139.1,0
2.0,40.1,0.507,0.491,50.9,17.0,53.0,0
89.7,112.1,1.005,0.58,55.0,21.1,60.9,3
20.0,29.4,0.493,0.262,49.9,12.9,52.9,0
9.4,12.0,0.44,0.453,49.9,2.3,219.6,0
18.7,70.4,0.6,0.387,42.4,4.6,138.9,0
17.4,32.3,0.595,0.183,57.7,11.3,42.7,0
1.8,6.5,0.429,0.329,52.3,6.5,50.6,0
43.0,55.9,0.753,0.391,53.7,6.5,41.7,1
14.5,58.4,0.587,0.43,62.2,5.2,33.5,0
20.3,35.0,0.518,0.516,51.1,44.0,55.5,0
66.3,111.0,0.782,0.481,74.4,16.8,155.2,1
2.5,21.0,0.409,0.243,50.2,16.8,56.2,0
6.5,38.9,0.495,0.219,45.4,9.6,56.9,0
25.0,60.1,0.416,0.441,48.6,22.8,42.0,0
42.2,101.4,0.791,0.52,59.5,17.8,42.1,2
8.3,69.0,0.681,0.34,44.8,13.0,64.0,0
8.9,42.3,0.334,0.409,54.6,13.2,121.1,0
33.6,45.1,0.442,0.354,54.2,7.6,80.4,0
111.3,196.1,1.393,0.822,66.4,11.2,80.3,3
19.4,41.3,0.631,0.232,54.8,14.2,51.0,0
6.5,49.1,0.354,0.387,61.1,20.3,237.1,0
4.1,48.2,0.465,0.215,48.3,25.5,159.3,0
15.2,38.0,0.426,0.347,55.9,18.6,146.1,0
40.4,45.6,0.627,0.476,62.0,29.3,118.8,1
151.7,155.3,1.12,0.838,66.6,32.0,106.1,3
12.5,37.0,0.458,0.266,58.2,10.6,32.2,0
19.4,29.6,0.579,0.318,61.6,32.6,55.0,0
77.7,149.4,0.961,0.642,72.2,15.3,61.7,3
24.5,48.2,0.497,0.377,47.1,12.1,60.3,0
22.5,43.2,0.52,0.317,47.3,17.9,76.0,0
65.5,198.0,1.38,0.848,62.1,28.5,48.6,3
19.9,52.1,0.401,0.436,54.3,7.8,129.9,0
4.6,7.4,0.278,0.031,52.9,11.6,55.1,0
54.5,146.4,1.038,0.637,57.9,12.6,89.9,3
1.3,5.8,0.299,0.106,53.7,5.2,218.1,0
46.7,92.4,0.777,0.49,39.0,9.1,67.0,1
17.8,57.9,0.579,0.52,60.1,6.2,30.1,0
12.6,15.3,0.364,0.307,65.8,16.9,113.1,0
12.2,58.2,0.373,0.413,49.5,10.1,152.5,0
15.2,33.6,0.497,0.314,56.0,9.1,22.1,0
10.5,64.6,0.72,0.427,67.1,15.5,61.8,0
28.3,45.4,0.414,0.478,56.8,16.6,65.0,0
11.0,57.1,0.491,0.236,56.2,25.0,53.9,0
18.0,47.1,0.493,0.431,69.6,2.7,56.1,0
0.4,46.4,0.406,0.313,68.3,21.2,158.5,0
17.8,71.0,0.796,0.498,46.4,5.8,54.4,1
10.3,36.4,0.383,0.366,50.3,14.7,63.4,0
43.6,65.6,0.517,0.498,66.1,6.7,104.6,0
13.3,65.2,0.664,0.573,58.1,18.3,60.3,1
38.0,56.7,0.443,0.275,63.7,9.1,222.3,0
34.1,60.7,0.678,0.504,36.5,17.6,63.9,1
35.0,141.3,0.841,0.718,42.0,8.1,210.6,2
13.8,46.3,0.568,0.317,68.5,3.1,42.7,0
19.1,79.9,0.472,0.67,61.3,7.4,148.5,0
27.5,43.3,0.577,0.41,59.2,16.6,42.4,1
19.8,65.3,0.569,0.394,45.2,10.3,154.4,0
13.3,40.7,0.461,0.423,50.8,19.8,72.7,0
5.4,27.9,0.306,0.283,57.4,10.6,74.6,0
18.2,20.5,0.382,0.22,43.8,14.6,147.1,0
1.6,11.9,0.406,0.171,46.6,3.0,80.4,0
3.6,16.0,0.286,0.269,55.6,15.5,124.8,0
34.6,59.6,0.526,0.354,62.3,22.3,116.1,0
23.0,48.7,0.548,0.381,51.5,2.9,167.1,0
34.9,100.6,0.94,0.647,65.4,5.5,47.4,3
7.4,33.2,0.478,0.318,60.8,35.3,156.0,0
47.7,96.7,0.798,0.73,45.3,15.7,68.3,2
2.0,29.9,0.421,0.296,65.4,9.6,36.6,0
3.9,73.5,0.514,0.584,62.0,8.7,224.2,0
47.0,67.0,0.506,0.525,61.2,3.0,111.9,0
21.3,30.6,0.353,0.435,54.3,18.5,219.2,0
35.1,84.1,0.769,0.681,63.9,10.8,129.2,1
23.1,73.6,0.654,0.304,60.0,13.0,53.1,0
9.0,42.0,0.434,0.365,51.3,21.2,60.4,0
3.1,31.2,0.375,0.29,65.4,10.5,54.0,0
0.6,51.5,0.516,0.388,35.3,23.5,57.7,0
83.3,92.3,0.733,0.499,60.0,6.7,21.6,2
1.2,45.0,0.371,0.304,55.8,14.7,123.0,0
63.7,174.6,1.238,0.753,61.8,10.6,118.1,3
20.1,36.3,0.291,0.328,60.8,16.1,226.6,0
23.8,49.3,0.471,0.454,44.7,10.6,62.4,0
22.2,111.1,0.732,0.563,53.5,25.6,220.4,1
31.1,64.2,0.587,0.397,66.2,19.8,47.2,0
6.5,71.3,0.621,0.392,41.1,7.9,55.1,0
0.2,46.3,0.513,0.269,50.1,7.1,159.3,0
8.7,58.3,0.367,0.383,49.1,14.9,147.7,0
28.6,43.8,0.564,0.379,59.5,11.3,115.8,0
3.9,18.7,0.327,0.365,55.8,13.2,68.8,0
48.8,106.6,0.816,0.483,60.6,18.9,33.5,2
15.5,21.4,0.534,0.259,52.2,21.9,148.6,0
3.4,30.0,0.305,0.401,53.0,9.0,60.5,0
21.1,72.0,0.679,0.351,54.1,6.6,77.8,0
28.1,53.4,0.68,0.499,56.2,26.1,44.3,1
30.1,58.5,0.433,0.365,68.5,22.2,225.5,0
53.5,121.1,0.844,0.71,50.9,17.9,44.4,2
8.3,105.8,0.628,0.567,56.1,17.7,221.6,0
12.4,194.8,1.038,0.97,46.4,11.4,122.8,3
3.8,94.8,0.713,0.689,68.3,17.1,55.7,1
0.4,20.7,0.477,0.249,52.8,27.6,44.6,0
16.9,29.3,0.322,0.383,44.6,5.8,219.2,0
8.7,29.3,0.516,0.317,51.5,6.5,66.7,0
41.3,93.0,0.843,0.467,46.9,20.4,125.7,2
0.9,23.7,0.433,0.258,47.1,1.4,71.7,0
5.7,21.6,0.448,0.244,57.8,28.9,59.0,0
2.3,109.3,0.723,0.473,63.3,32.6,37.7,1
17.3,39.4,0.273,0.373,63.4,6.5,34.3,0
7.6,55.8,0.601,0.454,52.4,6.0,58.0,0
2.7,49.8,0.54,0.445,57.0,0.7,134.6,0
11.4,13.8,0.399,0.362,60.3,6.1,59.1,0
6.8,108.7,0.85,0.684,71.1,11.6,58.7,2
5.6,13.9,0.312,0.179,48.1,2.6,70.2,0
19.1,24.1,0.482,0.238,67.1,23.1,53.7,0
22.6,42.2,0.647,0.418,46.9,22.2,57.4,0
42.7,55.4,0.661,0.428,68.3,15.6,59.7,1
12.9,102.4,0.875,0.572,49.1,8.0,54.0,2
21.4,62.6,0.746,0.342,50.0,7.6,15.4,1
13.1,30.8,0.357,0.251,51.8,18.3,32.0,0
7.0,11.7,0.425,0.277,46.9,25.9,59.4,0
23.1,68.8,0.578,0.269,59.1,8.4,44.1,0
10.7,34.9,0.316,0.104,63.5,26.6,140.8,0
13.7,64.9,0.578,0.492,37.3,16.1,44.1,0
20.1,61.6,0.771,0.369,53.8,27.5,22.8,1
2.3,15.5,0.305,0.282,43.7,8.9,84.6,0
0.5,57.5,0.377,0.543,59.3,3.9,72.5,0
71.0,78.1,0.584,0.389,74.7,30.1,105.6,1
21.6,44.8,0.575,0.202,54.1,7.9,43.8,0
18.6,45.1,0.413,0.329,49.3,23.5,123.4,0
6.4,36.7,0.226,0.259,40.1,1.7,151.1,0
22.2,28.7,0.324,0.288,71.1,12.9,68.5,0
6.2,92.2,0.716,0.583,63.5,15.9,53.9,1
26.9,40.0,0.582,0.363,40.5,14.7,59.3,0
23.0,65.6,0.52,0.436,60.9,14.7,147.4,0
19.8,157.3,1.064,0.88,46.3,11.6,37.4,3
24.7,27.1,0.501,0.345,51.9,11.2,117.6,0
9.3,77.6,0.58,0.462,43.5,15.0,44.0,0
10.4,42.7,0.428,0.401,37.7,25.5,155.7,0
28.1,34.9,0.442,0.175,56.1,8.2,51.4,0
16.2,42.5,0.556,0.439,69.7,19.0,55.0,0
53.5,166.4,1.033,0.822,53.1,6.6,53.7,3
34.5,128.0,0.785,0.564,64.7,18.1,58.5,2
21.3,229.8,1.305,1.0,63.8,9.0,57.8,3
7.8,67.1,0.71,0.531,59.0,6.3,33.5,1
29.2,48.1,0.539,0.296,72.6,15.8,152.8,0
6.4,73.7,0.708,0.5,60.7,28.1,63.6,0
16.6,31.4,0.527,0.38,69.1,6.0,83.3,0
1.7,30.3,0.433,0.299,43.1,4.4,61.4,0
10.0,25.0,0.371,0.198,59.6,12.2,53.2,0
9.8,68.9,0.524,0.439,65.7,6.6,64.3,0
11.2,65.9,0.447,0.306,47.6,12.5,67.8,0
37.0,53.4,0.698,0.342,30.0,10.6,48.1,1
46.0,126.4,0.891,0.567,49.2,6.7,33.2,2
24.5,126.3,0.714,0.661,50.1,8.1,63.7,1
34.5,53.7,0.7,0.272,62.0,24.5,46.0,1
6.7,53.1,0.54,0.392,48.5,9.9,63.6,0
4.6,111.3,0.855,0.71,52.8,11.5,71.8,2
29.8,72.6,0.617,0.567,51.9,7.4,80.3,0
3.6,26.8,0.358,0.171,51.5,14.4,41.9,0
3.0,32.7,0.477,0.246,51.9,18.9,68.6,0
19.1,37.9,0.447,0.403,50.0,13.6,209.9,0
9.8,92.4,0.681,0.599,60.1,9.7,56.6,1
8.5,82.9,0.785,0.444,64.4,21.5,52.6,1
1.8,16.2,0.457,0.199,43.1,11.7,58.3,0
24.0,41.6,0.56,0.347,57.6,25.8,65.7,0
12.5,17.7,0.294,0.083,42.6,17.7,59.7,0
44.8,96.8,0.66,0.6,45.1,11.3,70.1,1
30.7,39.3,0.582,0.429,65.2,4.6,127.3,0
12.0,164.2,0.799,0.776,70.0,18.0,80.4,2
0.4,13.0,0.298,0.102,49.4,24.7,142.4,0
19.1,21.2,0.442,0.389,69.7,6.0,44.0,0
17.3,25.5,0.398,0.298,49.6,11.7,47.5,0
0.2,41.8,0.476,0.405,50.1,17.3,54.0,0
27.3,56.6,0.624,0.279,69.7,10.4,51.7,0
3.4,15.7,0.22,0.122,45.2,11.9,224.9,0
46.9,74.8,0.734,0.505,66.8,33.5,117.5,1
16.1,33.0,0.52,0.399,51.8,14.9,54.9,0
8.1,59.1,0.518,0.306,47.5,6.5,104.8,0
22.1,31.2,0.298,0.291,51.5,12.7,216.0,0
20.7,57.1,0.58,0.257,38.0,12.8,35.3,0
19.9,57.8,0.761,0.339,65.3,6.1,65.9,1
41.4,71.6,0.596,0.432,60.4,41.3,65.7,1
23.6,69.3,0.734,0.491,54.6,2.2,114.5,0
7.2,34.8,0.304,0.124,47.6,3.5,53.2,0
13.0,71.5,0.55,0.574,56.6,5.6,49.6,0
62.7,92.8,0.711,0.522,69.1,6.3,110.9,2
6.3,91.8,0.683,0.65,50.8,2.4,222.6,0
26.9,63.1,0.624,0.486,64.0,32.6,41.4,1
42.9,124.0,1.002,0.734,61.1,20.2,69.0,3
29.6,46.8,0.468,0.542,56.0,23.2,135.7,0
19.2,29.7,0.455,0.224,62.4,9.6,52.8,0
22.6,80.8,0.637,0.503,51.6,26.6,74.0,0
31.4,62.1,0.694,0.33,47.0,19.0,226.6,0
6.2,7.2,0.183,0.198,52.6,8.6,153.7,0
17.4,31.5,0.419,0.366,55.1,17.0,51.6,0
107.2,149.1,0.916,0.855,67.4,8.8,216.6,3
27.7,55.9,0.637,0.361,66.0,15.8,49.8,0
20.0,33.3,0.366,0.2,59.2,11.1,65.6,0
11.5,41.9,0.663,0.348,52.9,31.6,52.8,0
6.3,41.7,0.459,0.264,53.0,23.2,115.2,0
23.4,26.6,0.493,0.23,56.4,4.6,49.5,0
25.1,104.5,0.785,0.642,60.2,6.7,119.8,1
16.1,110.4,0.802,0.648,55.0,41.1,35.8,1
143.2,157.1,1.15,0.859,73.7,15.7,143.9,3
7.1,141.1,0.913,0.693,42.5,3.7,57.9,2
5.0,33.4,0.495,0.399,47.1,18.9,61.0,0
11.7,27.5,0.361,0.287,56.1,28.6,58.5,0
16.7,32.1,0.385,0.278,56.2,10.6,37.8,0
5.8,133.1,0.957,0.593,41.1,16.0,36.1,2
22.8,32.1,0.375,0.115,51.2,12.0,219.3,0
25.4,61.5,0.425,0.276,48.6,20.1,49.3,0
35.1,75.3,0.643,0.489,68.5,7.8,38.7,1
9.5,68.0,0.736,0.36,55.5,14.1,64.6,1
58.2,91.7,0.667,0.385,64.8,25.4,221.2,0
32.9,153.1,0.962,0.731,56.7,10.0,36.3,3
6.9,145.0,0.792,0.763,48.1,21.7,48.8,2
5.8,105.4,0.687,0.623,49.4,18.5,83.1,1
12.6,56.6,0.459,0.395,58.0,4.9,50.9,0
25.5,94.5,0.785,0.538,54.0,7.5,45.2,1
29.3,52.2,0.476,0.332,60.7,21.3,217.6,0
32.8,114.6,0.805,0.678,58.4,7.8,54.2,2
101.7,118.7,0.857,0.62,70.6,6.2,119.8,3
15.7,27.0,0.579,0.277,57.3,13.7,54.2,0
94.9,105.9,0.817,0.681,63.0,16.9,86.9,2
36.6,88.7,0.577,0.592,55.4,20.9,211.9,0
4.5,113.5,0.771,0.6,60.0,26.9,46.3,1
21.6,137.5,0.853,0.679,70.1,13.3,143.7,2
14.6,87.2,0.737,0.485,61.7,15.4,53.2,1
14.0,24.5,0.51,0.092,31.9,3.9,58.1,0
9.2,189.6,1.203,1.0,47.4,9.2,35.2,3
19.8,26.5,0.658,0.22,56.1,48.4,66.8,0
49.2,52.5,0.441,0.459,51.1,19.5,69.0,0
10.3,84.1,0.68,0.507,44.5,27.9,78.0,0
33.1,54.5,0.537,0.515,53.9,10.4,56.2,0
38.7,58.9,0.79,0.454,61.0,9.6,59.4,2
57.8,71.5,0.71,0.537,66.2,10.4,58.7,1
5.7,22.2,0.13,0.212,50.0,22.3,209.8,0
18.2,94.7,0.76,0.428,51.4,10.9,69.9,1
7.9,18.8,0.421,0.266,46.5,3.5,51.1,0
19.9,47.2,0.508,0.189,59.2,11.7,210.4,0
19.7,29.3,0.384,0.251,58.7,8.8,69.8,0
3.8,38.6,0.443,0.221,59.9,23.1,150.6,0
21.1,40.9,0.485,0.262,56.4,39.8,53.8,0
105.9,154.1,1.065,0.826,58.5,8.5,45.7,3
29.4,83.4,0.693,0.548,53.9,18.9,118.6,1
2.6,113.1,0.699,0.6,59.3,25.3,215.7,0
5.2,176.7,1.089,0.889,38.9,20.1,153.9,2
17.2,32.6,0.47,0.257,54.1,8.6,54.6,0
5.3,64.8,0.618,0.648,55.1,9.5,87.6,1
55.2,74.6,0.592,0.494,76.9,14.7,61.1,1
2.1,54.6,0.657,0.337,47.5,6.8,62.2,0
29.6,80.3,0.614,0.568,55.8,15.2,61.7,1
1.3,50.6,0.619,0.486,65.7,28.6,21.1,0
16.9,80.3,0.636,0.419,50.0,18.1,147.0,0
4.2,41.2,0.495,0.211,61.3,2.6,55.7,0
35.0,56.6,0.668,0.288,60.7,12.6,50.1,0
47.4,82.6,0.535,0.437,57.8,38.5,51.6,1
25.4,187.4,1.087,0.896,59.7,7.3,42.2,3
49.3,66.8,0.721,0.29,58.7,22.2,69.8,1
0.0,23.4,0.476,0.232,70.1,4.3,218.5,0
20.9,35.0,0.487,0.296,38.8,18.2,44.5,0
29.2,31.6,0.216,0.331,54.4,10.7,133.5,0
33.0,62.9,0.558,0.477,55.3,32.7,109.7,0
27.6,83.3,0.654,0.537,55.3,32.3,117.4,1
33.7,45.2,0.638,0.515,66.0,5.0,68.9,1
20.6,118.0,0.801,0.732,51.7,11.7,113.8,1
2.7,49.6,0.367,0.391,56.4,8.7,111.6,0
9.1,86.2,0.731,0.424,55.3,19.8,114.8,0
55.4,98.5,0.842,0.498,67.6,13.0,79.9,2
50.1,77.3,0.666,0.349,58.9,31.3,20.6,1
28.7,50.8,0.619,0.389,59.2,11.1,68.6,0
35.7,77.2,0.593,0.507,56.7,15.0,124.5,0
45.0,89.9,0.722,0.606,51.3,12.6,61.1,1
28.4,47.2,0.501,0.386,69.3,20.9,52.8,0
54.1,80.6,0.688,0.585,54.6,35.1,75.7,2
52.5,191.3,1.273,1.0,56.6,25.0,53.5,3
9.6,45.5,0.317,0.262,46.7,9.6,107.5,0
9.9,49.2,0.523,0.323,56.8,4.7,224.4,0
10.6,124.4,0.857,0.657,49.9,7.2,56.5,2
9.8,55.3,0.527,0.329,65.7,27.7,37.0,0
18.2,49.9,0.548,0.35,59.2,14.4,48.3,0
23.7,98.9,0.686,0.588,53.6,15.7,36.2,1
24.1,86.0,0.558,0.5,48.6,22.7,51.7,0
19.1,59.3,0.511,0.408,54.2,13.1,41.8,0
26.3,69.7,0.43,0.363,60.4,24.8,117.3,0
27.3,51.4,0.379,0.423,56.0,11.8,158.6,0
13.1,21.8,0.266,0.303,53.0,9.4,61.2,0
56.4,110.9,0.868,0.538,52.9,7.5,223.2,2
18.2,23.0,0.306,0.152,72.9,2.3,66.2,0
30.3,39.5,0.521,0.443,55.2,15.3,42.6,0
65.9,92.1,0.795,0.692,51.5,23.8,223.7,1
46.1,69.7,0.746,0.469,50.8,22.7,54.5,1
1.4,61.0,0.479,0.382,49.5,28.0,148.1,0
17.3,90.5,0.647,0.622,70.3,12.4,116.9,1
19.7,173.7,0.983,0.891,53.8,28.6,216.7,2
40.2,43.9,0.731,0.33,55.4,14.6,73.6,1
40.5,89.6,0.771,0.612,65.2,6.7,72.5,2
14.4,61.8,0.65,0.345,61.7,17.6,47.8,0
14.5,56.7,0.771,0.336,59.6,5.7,51.2,1
4.8,59.2,0.586,0.441,54.4,11.7,52.9,0
7.4,72.1,0.727,0.467,44.4,25.0,45.4,1
37.4,137.2,0.969,0.765,52.0,2.7,76.5,3
33.4,76.7,0.665,0.583,44.6,14.8,147.0,0
22.2,146.5,0.88,0.604,53.8,8.0,33.2,2
25.2,68.9,0.522,0.448,52.6,25.9,70.0,0
70.8,91.2,0.712,0.702,59.1,37.9,124.3,2
4.5,44.7,0.572,0.298,55.0,10.0,63.7,0
29.3,42.1,0.607,0.278,51.4,20.2,45.7,1
66.4,80.0,0.861,0.286,59.9,6.6,61.1,2
11.3,39.8,0.425,0.342,49.9,15.6,158.7,0
38.7,63.3,0.583,0.476,57.9,7.3,214.3,0
13.6,111.2,0.806,0.66,57.1,6.6,112.8,1
71.9,100.0,0.822,0.471,52.7,14.5,65.4,2
0.0,10.7,0.312,0.22,55.6,6.0,66.2,0
7.3,41.0,0.318,0.358,55.3,15.9,113.3,0
16.3,59.6,0.531,0.414,58.0,13.0,111.9,0
38.7,75.8,0.677,0.373,59.3,9.2,49.5,1
9.5,19.6,0.519,0.262,56.4,7.3,27.8,0
8.3,114.4,0.907,0.547,50.0,17.8,56.3,1
34.8,37.9,0.535,0.157,61.1,22.0,47.5,0
17.1,53.7,0.726,0.448,63.9,13.9,80.9,1
36.0,45.6,0.569,0.368,53.8,21.0,55.8,0
24.8,103.7,0.777,0.632,52.3,6.1,211.6,0
3.4,52.6,0.488,0.334,57.6,5.7,109.3,0
14.6,57.8,0.47,0.459,49.9,8.2,49.2,0
32.4,58.4,0.502,0.497,51.4,6.1,154.6,0
45.3,144.2,1.072,0.893,62.6,3.2,125.5,3
7.4,33.3,0.434,0.381,49.7,10.4,50.4,0
32.0,164.9,1.02,0.849,66.9,8.1,30.6,3
1.1,14.2,0.298,0.111,48.4,8.8,164.6,0
11.8,45.7,0.486,0.346,47.3,6.5,43.2,0
9.3,72.4,0.738,0.331,53.4,8.9,41.6,1
71.0,123.3,1.101,0.58,66.8,15.6,60.9,3
1.8,33.2,0.458,0.484,54.9,18.7,35.2,0
60.7,64.5,0.716,0.336,66.0,29.4,61.1,1
8.1,47.0,0.605,0.15,48.9,10.1,48.3,0
12.9,35.9,0.5,0.391,63.2,7.0,28.5,0
10.6,28.2,0.262,0.228,40.5,2.9,218.2,0
51.2,117.6,0.846,0.701,54.0,45.0,47.6,3
8.8,11.4,0.403,0.119,53.7,20.5,53.6,0
84.0,116.5,0.899,0.59,59.9,17.7,160.8,2
47.1,99.7,0.634,0.671,57.1,5.9,58.6,2
20.1,87.0,0.664,0.396,47.4,2.1,49.9,1
4.9,43.3,0.39,0.331,51.1,2.5,116.1,0
24.0,44.8,0.571,0.378,59.6,8.9,117.5,0
15.5,113.2,0.753,0.551,50.2,7.4,34.6,1
31.9,134.9,0.824,0.721,50.1,7.8,147.2,2
37.1,82.4,0.665,0.498,54.2,8.9,51.8,1
135.4,250.7,1.604,1.0,82.5,29.1,121.6,3
10.3,23.4,0.52,0.436,62.4,4.0,30.9,0
39.7,69.2,0.718,0.687,54.5,6.6,28.0,2
11.1,12.0,0.473,0.268,57.8,5.3,51.5,0
6.0,14.8,0.449,0.227,52.8,7.9,117.0,0
19.8,27.6,0.289,0.326,65.4,3.3,53.5,0
8.4,60.7,0.61,0.393,54.9,16.9,80.1,0
0.5,10.1,0.317,0.076,50.5,6.3,47.6,0
2.5,18.6,0.275,0.247,65.2,10.3,50.2,0
3.2,21.7,0.322,0.361,45.1,11.8,134.9,0
6.6,13.2,0.379,0.099,55.6,9.0,147.8,0
59.2,94.9,0.866,0.456,72.4,23.2,157.0,1
18.3,60.3,0.478,0.36,60.3,26.8,32.0,0
10.7,15.2,0.339,0.272,47.6,4.4,223.6,0
32.3,91.7,0.916,0.747,50.6,7.7,55.6,2
18.7,30.7,0.632,0.225,43.7,6.0,47.1,0
22.5,40.7,0.205,0.345,67.5,4.2,45.0,0
13.0,62.5,0.778,0.421,45.0,18.7,62.5,1
5.5,23.9,0.48,0.245,58.6,15.7,86.2,0
17.3,26.2,0.242,0.277,43.4,7.1,39.8,0
15.8,49.6,0.461,0.329,75.0,6.8,65.8,0
40.6,120.3,0.985,0.889,47.7,15.2,56.8,3
17.9,89.8,0.645,0.593,55.2,10.0,214.5,0
7.3,23.8,0.353,0.231,62.9,13.7,71.2,0
6.7,17.7,0.398,0.355,47.4,7.4,48.8,0
107.5,121.5,1.037,0.67,73.7,17.8,50.4,3
0.1,72.6,0.502,0.464,49.8,21.0,144.7,0
55.3,69.0,0.632,0.429,63.9,13.0,117.8,1
23.4,134.3,0.988,0.674,64.4,31.6,50.6,2
29.4,78.5,0.56,0.372,53.3,15.1,149.8,0
43.1,73.4,0.547,0.312,70.9,3.5,73.1,0
26.1,42.3,0.483,0.376,59.0,10.9,25.2,0
12.5,46.8,0.423,0.343,69.6,17.8,83.2,0
77.7,86.7,0.643,0.592,57.8,18.6,212.1,1
39.2,44.0,0.334,0.269,53.1,18.9,156.7,0
8.6,58.1,0.604,0.305,51.5,12.5,18.5,0
64.3,94.4,0.824,0.613,52.6,32.6,149.1,2
0.9,62.2,0.398,0.393,59.6,18.6,212.8,0
81.8,122.6,0.899,0.729,64.5,15.5,41.1,3
31.1,47.0,0.515,0.364,47.8,15.2,84.9,0
0.7,72.5,0.49,0.628,45.5,40.1,115.9,0
35.2,53.3,0.69,0.453,50.7,29.5,25.4,1
11.5,100.5,0.605,0.603,61.2,9.9,152.9,0
9.2,26.7,0.382,0.355,57.1,14.3,55.9,0
31.0,37.1,0.441,0.298,55.9,30.8,52.9,0
21.0,123.1,0.949,0.505,52.4,5.7,46.5,2
47.8,64.7,0.63,0.461,57.7,10.3,55.8,1
1.2,19.4,0.511,0.429,66.4,22.0,145.3,0
33.7,40.1,0.497,0.128,55.5,7.5,154.8,0
27.4,55.1,0.685,0.434,63.2,10.6,50.6,1
38.6,46.3,0.477,0.22,55.5,15.2,143.7,0
9.9,107.3,0.627,0.591,67.0,20.3,151.0,0
95.5,116.8,0.957,0.636,57.5,8.3,32.5,3
29.8,41.1,0.462,0.405,63.2,22.3,55.4,0
15.9,48.5,0.368,0.386,48.5,13.2,29.1,0
11.4,180.1,1.07,0.996,71.5,13.6,219.5,3
40.4,74.4,0.678,0.571,64.0,4.5,63.5,1
66.9,91.3,0.736,0.513,49.1,14.2,45.9,2
18.9,50.8,0.478,0.474,47.6,5.0,225.3,0
76.5,140.4,0.982,0.692,69.7,35.0,118.1,3
5.0,64.2,0.612,0.383,58.1,9.0,213.4,0
28.2,67.9,0.619,0.333,61.2,28.1,143.3,0
29.0,103.2,0.67,0.695,57.9,14.2,219.4,0
33.9,67.6,0.711,0.413,54.9,28.6,41.7,1
21.9,48.4,0.541,0.148,64.2,2.7,49.5,0
26.7,59.6,0.627,0.458,49.4,6.9,30.3,0
4.8,22.4,0.512,0.227,53.2,25.9,59.8,0
61.4,126.5,0.827,0.64,56.9,38.5,55.9,2
44.9,61.6,0.545,0.396,53.6,11.9,73.9,0
25.6,69.0,0.554,0.415,52.4,8.5,125.9,0
45.9,59.7,0.565,0.655,53.5,5.6,117.1,1
63.1,123.5,0.972,0.804,66.5,5.3,146.7,3
33.5,63.8,0.497,0.488,45.5,3.6,55.8,0
104.1,168.8,1.178,0.851,72.1,16.7,51.9,3
36.2,38.4,0.466,0.429,52.7,12.8,66.5,0
6.1,22.6,0.509,0.289,53.2,4.3,141.8,0
24.3,35.1,0.512,0.389,54.6,7.5,149.7,0
47.5,241.5,1.322,1.0,55.6,11.2,209.7,3
63.2,82.9,0.837,0.511,71.8,4.7,58.5,2
22.4,27.0,0.275,0.368,52.6,14.4,151.6,0
5.4,48.1,0.7,0.327,58.5,14.8,48.5,0
14.3,24.0,0.367,0.278,60.0,18.0,29.3,0
2.4,72.8,0.687,0.372,50.2,16.3,119.7,0
39.8,120.2,0.935,0.565,48.3,12.2,32.8,2
11.2,22.2,0.425,0.038,46.7,31.5,76.0,0
7.6,21.8,0.421,0.305,63.4,7.9,214.2,0
43.5,82.7,0.823,0.564,62.9,18.1,33.7,2
75.2,147.3,1.016,0.844,65.1,7.5,114.4,3
7.5,50.9,0.431,0.277,48.7,4.2,154.3,0
22.5,42.3,0.525,0.382,69.5,16.2,60.1,0
15.1,21.2,0.37,0.261,47.5,5.6,116.3,0
65.7,184.6,1.116,0.956,63.6,18.2,220.6,3
17.1,61.5,0.638,0.358,58.8,16.4,126.1,0
4.6,143.5,0.969,0.702,42.3,33.3,32.5,2
18.1,68.2,0.597,0.303,48.8,4.4,119.1,0
54.3,179.4,1.045,0.805,57.0,5.7,120.3,3
14.0,26.8,0.465,0.283,61.1,12.7,59.5,0
8.7,22.6,0.249,0.283,49.9,25.5,71.7,0
16.3,41.8,0.381,0.189,43.1,12.4,141.6,0
4.9,16.5,0.383,0.197,40.5,58.1,140.4,0
15.0,18.6,0.426,0.266,48.3,15.4,154.0,0
9.6,25.2,0.365,0.404,41.6,14.4,151.3,0
119.9,169.4,1.231,0.756,77.3,14.8,43.5,3
6.0,13.3,0.4,0.275,59.4,16.7,57.5,0
8.7,17.0,0.451,0.195,53.4,25.0,53.1,0
4.9,21.8,0.397,0.224,50.7,13.1,33.3,0
28.5,38.6,0.422,0.249,62.5,24.3,54.9,0
7.3,25.2,0.361,0.183,58.8,13.1,213.3,0
1.9,29.4,0.601,0.25,44.4,3.4,63.4,0
20.4,28.4,0.337,0.383,48.5,3.6,112.5,0
13.1,30.4,0.441,0.229,59.7,19.4,52.9,0
7.8,37.8,0.443,0.243,55.4,13.5,49.6,0
64.3,76.5,0.935,0.493,67.2,27.2,70.4,2
29.4,35.6,0.322,0.317,49.6,20.8,206.4,0
26.3,39.5,0.497,0.326,50.2,3.9,54.8,0
30.1,51.1,0.531,0.399,60.5,9.2,57.4,0
28.6,31.9,0.309,0.212,51.1,6.5,155.9,0
13.9,64.1,0.474,0.346,42.1,11.9,59.7,0
7.4,29.7,0.387,0.383,47.9,10.8,227.9,0
20.9,34.3,0.439,0.299,53.7,3.4,230.7,0
13.6,17.8,0.364,0.302,67.8,7.8,30.2,0
4.3,49.0,0.603,0.479,46.0,7.3,120.7,0
11.6,92.7,0.517,0.613,53.4,16.2,39.7,0
44.4,60.8,0.462,0.291,75.4,13.0,144.8,0
21.0,150.6,0.902,0.749,46.6,7.3,43.5,2
5.7,34.3,0.401,0.406,58.2,5.7,146.2,0
3.7,33.3,0.369,0.355,46.9,2.4,120.8,0
53.4,116.2,0.861,0.643,63.8,21.4,49.6,3
14.7,61.5,0.629,0.269,73.0,19.8,53.6,0
24.7,31.8,0.607,0.247,62.3,26.7,55.2,0
17.0,32.7,0.536,0.312,55.9,7.6,61.5,0
16.5,88.5,0.658,0.392,47.0,31.7,135.8,0
15.3,63.0,0.489,0.494,53.0,19.7,213.8,0
20.3,150.9,1.059,0.75,50.7,21.7,69.9,3
47.6,89.0,0.925,0.344,48.0,10.7,50.9,2
21.7,70.8,0.687,0.401,38.4,9.0,63.7,0
0.8,14.1,0.262,0.208,45.5,17.4,151.3,0
8.7,88.7,0.707,0.509,53.1,26.6,65.1,1
5.3,6.2,0.289,0.332,61.8,31.2,223.2,0
85.1,119.8,0.907,0.693,59.7,32.3,31.1,3
78.8,129.2,1.042,0.554,66.1,19.3,67.8,3
17.5,56.4,0.608,0.263,41.2,4.6,27.8,0
5.0,33.8,0.544,0.286,46.4,20.3,77.2,0
124.5,150.3,1.034,0.769,52.3,11.6,74.8,3
5.8,35.8,0.308,0.407,70.8,38.4,51.2,0
6.0,14.8,0.284,0.392,54.5,27.7,147.7,0
46.8,85.6,0.642,0.67,60.8,13.9,217.9,1
47.8,61.2,0.471,0.376,63.9,14.9,61.2,1
14.9,31.3,0.403,0.384,74.6,18.3,56.2,0
4.1,11.6,0.477,0.263,49.2,12.4,49.4,0
11.2,237.5,1.382,0.995,45.9,19.0,28.8,3
20.3,56.6,0.578,0.228,71.3,12.4,67.4,0
3.1,8.7,0.25,0.226,42.7,8.0,54.5,0
25.4,58.3,0.66,0.27,66.4,6.7,123.5,0
41.5,120.8,0.779,0.568,58.0,10.3,155.8,1
1.2,39.6,0.493,0.27,55.7,13.4,33.0,0
42.1,70.2,0.707,0.47,47.2,7.1,45.5,1
7.4,19.6,0.404,0.37,73.9,22.4,69.6,0
80.2,118.6,1.064,0.637,61.8,17.4,54.9,3
38.0,95.4,0.778,0.498,52.5,11.4,119.3,1
32.0,90.0,0.764,0.34,61.5,6.4,51.7,1
14.9,50.1,0.523,0.414,49.2,24.3,65.1,0
137.7,172.8,1.288,0.847,77.4,36.9,55.3,3
10.2,100.4,0.712,0.517,43.5,1.4,71.6,1
4.4,87.1,0.713,0.62,53.9,12.9,22.0,1
7.8,32.1,0.36,0.196,48.4,26.9,153.9,0
48.6,170.6,1.048,0.774,53.5,20.2,61.3,3
19.9,25.6,0.362,0.256,47.7,3.6,50.9,0
16.9,53.5,0.515,0.335,61.8,9.9,80.2,0
10.4,50.6,0.505,0.424,50.9,4.8,49.7,0
15.9,27.2,0.593,0.326,53.1,5.7,79.0,0
9.5,13.6,0.476,0.327,56.9,12.2,35.7,0
35.0,46.7,0.542,0.405,66.7,18.0,56.6,0
13.3,80.7,0.594,0.48,46.7,7.7,106.9,0
8.0,77.0,0.697,0.446,55.0,11.3,51.4,0
45.0,99.7,0.874,0.604,51.9,18.5,212.4,1
4.7,18.3,0.453,0.233,51.1,2.9,65.6,0
20.2,90.0,0.523,0.53,63.8,5.9,113.3,0
0.5,15.3,0.462,0.285,33.3,5.7,28.3,0
2.1,40.9,0.473,0.35,45.0,8.4,220.0,0
11.7,41.5,0.687,0.367,52.0,9.8,66.5,1
9.3,29.4,0.38,0.222,56.5,12.5,120.3,0
9.3,61.7,0.599,0.539,63.2,7.5,39.2,0
38.4,100.1,0.831,0.465,44.6,19.0,44.9,2
40.5,53.2,0.52,0.424,69.8,9.6,59.2,1
24.6,56.1,0.508,0.352,60.1,5.0,44.6,0
4.3,63.3,0.621,0.521,50.8,6.6,39.8,0
15.8,59.3,0.4,0.488,42.8,5.1,118.3,0
89.8,149.9,0.916,0.756,61.8,5.7,124.8,3
127.1,172.5,1.265,0.983,80.5,41.8,120.1,3
45.4,92.6,0.806,0.519,59.5,3.4,60.9,2
4.6,32.3,0.558,0.384,51.3,8.2,55.0,0
15.9,72.5,0.572,0.394,46.8,11.6,225.6,0
23.0,29.8,0.461,0.331,61.5,11.6,63.6,0
19.5,31.2,0.536,0.216,53.9,2.0,130.5,0
49.8,96.3,0.744,0.552,58.1,14.2,63.0,2
36.8,93.6,0.74,0.535,57.1,25.3,29.6,1
4.2,83.9,0.653,0.582,47.5,2.9,59.7,0
8.2,116.5,0.807,0.568,46.8,11.9,120.5,1
45.2,59.1,0.602,0.684,47.1,14.0,81.0,1
64.1,72.6,0.534,0.335,57.3,12.9,125.9,0
23.3,89.4,0.654,0.545,41.3,40.0,117.0,1
71.0,90.2,0.803,0.553,67.2,13.0,37.7,2
20.6,49.5,0.504,0.419,50.0,7.6,138.9,0
5.4,66.1,0.515,0.388,49.7,2.2,111.2,0
33.7,70.3,0.702,0.472,57.1,27.6,48.4,1
2.8,57.9,0.397,0.352,46.0,4.3,70.0,0
68.7,81.2,0.729,0.661,53.6,16.3,159.1,2
31.9,72.5,0.822,0.402,58.9,29.5,50.8,1
7.6,47.4,0.457,0.349,68.3,15.6,59.4,0
0.5,79.1,0.65,0.424,59.4,2.5,40.8,0
0.1,93.2,0.68,0.466,62.3,17.7,42.9,0
9.3,28.0,0.424,0.162,43.1,6.7,39.0,0
27.1,37.0,0.359,0.383,54.8,18.1,137.8,0
42.2,100.2,0.875,0.505,57.2,37.3,213.3,1
51.5,55.0,0.554,0.32,71.7,18.2,217.0,0
24.7,86.1,0.641,0.424,63.3,11.5,59.0,1
20.9,86.4,0.529,0.54,54.0,6.6,220.8,0
12.1,29.3,0.467,0.295,35.6,4.6,27.9,0
27.7,28.1,0.282,0.29,47.2,16.9,35.4,0
7.7,79.0,0.746,0.415,58.3,27.2,48.0,1
3.0,101.4,0.689,0.609,49.9,14.5,52.1,1
19.6,112.7,0.748,0.554,54.3,12.5,213.3,1
39.3,134.8,0.93,0.705,63.2,13.4,124.5,2
2.0,8.2,0.39,0.199,61.4,10.1,118.1,0
9.3,41.7,0.478,0.189,47.3,25.2,154.1,0
18.8,58.4,0.612,0.587,59.7,19.6,110.7,0
18.4,52.7,0.641,0.434,67.8,30.8,62.0,0
31.1,86.7,0.699,0.53,68.4,29.4,35.4,1
87.7,96.8,1.065,0.583,61.8,47.4,19.7,3
0.1,3.4,0.246,0.378,54.4,21.2,227.0,0
91.0,92.8,0.837,0.639,72.6,23.5,53.5,3
84.5,157.0,0.922,0.815,65.7,14.7,221.3,3
42.9,49.0,0.566,0.305,56.9,14.0,42.7,0
22.8,56.9,0.6,0.349,41.8,24.0,79.7,0
8.0,24.3,0.433,0.111,46.4,8.9,43.1,0
42.4,59.6,0.784,0.376,53.2,27.6,56.9,1
24.1,49.2,0.497,0.429,45.8,11.5,81.4,0
12.5,30.4,0.511,0.354,54.9,13.0,56.1,0
41.4,44.7,0.463,0.408,65.6,35.6,42.8,0
48.2,73.4,0.787,0.416,56.4,21.7,217.7,1
0.8,13.5,0.214,0.282,34.5,12.8,121.4,0
11.1,23.1,0.608,0.343,52.8,40.2,48.8,0
74.4,195.4,1.217,0.731,66.1,10.8,77.8,3
18.5,23.2,0.237,0.297,56.6,6.7,41.3,0
15.5,39.4,0.613,0.519,48.7,6.2,57.9,0
72.2,109.2,0.884,0.574,53.9,17.6,56.7,2
36.6,157.8,0.979,0.56,64.9,13.9,61.6,3
3.3,11.2,0.41,0.15,55.3,15.9,60.9,0
12.7,102.0,0.707,0.409,48.6,2.7,228.6,0
30.7,55.7,0.634,0.337,44.9,3.9,37.9,0
21.9,47.8,0.64,0.254,57.3,6.8,56.2,0
2.7,55.5,0.459,0.477,45.3,14.1,228.2,0
24.7,125.4,0.827,0.732,59.0,9.6,221.9,1
18.5,36.4,0.339,0.351,56.2,5.0,221.0,0
63.1,102.6,0.899,0.685,78.7,8.2,63.1,3
96.2,130.9,0.952,0.633,66.8,24.6,67.8,3
47.1,80.3,0.608,0.495,75.5,32.3,65.7,1
17.4,78.2,0.584,0.678,55.4,9.8,150.1,0
20.4,34.3,0.358,0.364,49.9,5.2,216.4,0
6.5,27.1,0.505,0.337,44.6,14.8,64.4,0
8.4,11.9,0.244,0.157,46.3,37.0,40.4,0
16.2,65.5,0.704,0.394,58.0,13.7,52.2,1
14.4,46.1,0.465,0.267,55.3,14.4,53.2,0
2.4,101.1,0.507,0.72,37.7,10.7,59.4,1
63.7,71.4,0.501,0.314,70.3,19.9,214.0,0
71.5,204.6,1.261,1.0,75.3,17.3,35.3,3
61.9,118.6,0.933,0.688,47.1,19.5,66.4,3
73.6,128.2,0.945,0.529,71.9,16.6,58.5,3
119.7,135.6,0.954,0.804,84.6,10.6,56.9,3
6.6,29.5,0.37,0.27,38.7,7.0,50.1,0
115.6,134.7,0.843,0.579,66.8,8.6,226.2,2
12.1,97.0,0.743,0.586,47.1,18.9,71.7,1
35.4,38.0,0.527,0.252,65.5,23.5,28.1,0
10.3,36.7,0.524,0.303,50.3,15.1,62.0,0
48.4,77.0,0.537,0.431,56.1,11.0,68.0,1
37.0,55.4,0.545,0.314,61.3,13.7,58.4,0
11.8,22.3,0.544,0.159,66.4,14.9,145.8,0
20.4,47.3,0.539,0.434,54.8,15.1,143.2,0
8.9,58.0,0.477,0.432,49.7,20.0,150.3,0
48.2,80.0,0.611,0.511,57.4,9.4,82.1,1
67.4,77.9,0.836,0.447,68.0,16.3,57.7,2
6.7,35.6,0.611,0.322,42.4,5.9,38.2,0
18.2,117.8,0.733,0.567,54.8,19.2,39.6,1
24.0,38.5,0.312,0.26,48.3,7.3,215.4,0
31.9,68.2,0.603,0.596,47.5,41.3,158.9,0
26.0,67.2,0.667,0.518,40.6,13.4,43.4,1
29.5,34.8,0.483,0.263,52.6,10.0,150.6,0
16.1,37.9,0.662,0.191,63.2,8.0,41.4,0
16.6,38.6,0.411,0.175,38.8,12.8,43.9,0
15.7,46.3,0.536,0.301,58.9,34.6,38.7,0
9.8,92.5,0.771,0.545,48.4,5.2,56.0,1
11.5,18.8,0.467,0.263,45.3,19.1,51.2,0
30.5,117.3,0.773,0.645,59.6,7.3,76.9,1
63.7,116.2,0.838,0.657,72.7,7.3,55.7,2
5.1,140.9,0.872,0.629,64.8,16.1,37.2,2
16.5,211.3,1.379,1.0,56.9,9.6,39.4,3
3.5,8.5,0.199,0.195,52.0,11.5,151.4,0
10.1,21.6,0.375,0.289,56.7,15.4,64.0,0
12.4,24.0,0.397,0.213,73.8,34.5,215.8,0
22.2,72.5,0.551,0.487,53.2,19.2,45.1,0
21.6,45.3,0.546,0.541,64.5,9.8,63.7,0
18.0,31.8,0.3,0.213,50.1,20.5,45.2,0
28.1,29.1,0.387,0.191,49.8,4.9,221.9,0
5.9,76.1,0.636,0.395,67.1,10.2,56.3,0
22.4,50.4,0.511,0.344,55.6,8.8,145.8,0
38.1,51.5,0.511,0.331,59.9,46.5,40.4,0
5.7,21.2,0.386,0.168,57.3,6.0,115.2,0
0.9,22.2,0.392,0.261,45.0,18.0,57.8,0
47.9,59.7,0.655,0.55,56.2,9.7,209.1,0
3.7,64.9,0.652,0.416,47.5,5.6,32.8,0
9.5,29.0,0.31,0.283,56.2,6.8,53.3,0
37.0,91.0,0.632,0.561,60.9,14.6,116.9,0
5.3,21.0,0.244,0.319,48.0,11.2,221.5,0
45.0,80.7,0.725,0.614,75.4,10.9,62.5,2
7.7,43.4,0.501,0.369,53.0,22.7,24.1,0
6.5,36.7,0.44,0.321,53.9,9.8,75.7,0
7.8,96.8,0.97,0.463,64.0,21.5,64.4,1
32.5,128.8,0.818,0.742,50.2,13.1,108.4,2
9.5,68.0,0.72,0.365,49.3,5.1,69.8,0
48.1,123.2,0.789,0.575,62.0,14.8,212.6,1
18.9,74.7,0.461,0.485,43.2,13.3,38.2,0
20.7,38.7,0.504,0.468,53.4,51.7,75.2,0
6.2,32.0,0.508,0.368,69.4,28.1,121.2,0
54.6,56.1,0.678,0.392,75.4,34.0,62.7,1
38.3,47.9,0.583,0.276,65.3,12.8,64.4,0
37.3,42.4,0.507,0.48,67.4,9.1,114.9,0
15.1,28.4,0.398,0.284,58.4,10.3,61.7,0
2.8,41.2,0.561,0.312,49.0,9.3,56.1,0
21.9,39.2,0.452,0.381,68.7,22.7,75.0,0
31.2,94.9,0.637,0.505,49.4,9.2,150.4,0
31.5,41.5,0.573,0.272,64.8,21.3,42.0,0
27.5,79.3,0.597,0.426,52.3,25.3,147.9,1
26.4,35.3,0.621,0.256,52.6,18.0,33.9,0
7.7,91.7,0.753,0.431,57.5,4.2,37.0,1
8.2,18.2,0.328,0.139,69.6,16.3,46.8,0
3.6,48.9,0.433,0.456,64.0,3.6,18.2,0
48.6,62.3,0.489,0.48,62.5,14.5,224.8,0
92.6,200.6,1.506,0.878,67.3,14.4,51.7,3
170.8,275.3,1.677,1.0,85.6,25.9,112.4,3
23.5,67.5,0.702,0.467,66.7,9.4,38.8,1
26.4,69.6,0.519,0.419,42.1,8.8,56.9,0
15.8,75.6,0.55,0.36,53.5,9.1,52.4,0
23.2,74.2,0.626,0.496,47.3,10.1,69.2,0
5.3,72.1,0.662,0.625,51.1,3.6,230.2,0
15.4,25.2,0.305,0.278,44.4,25.4,76.2,0
6.5,36.8,0.366,0.411,38.6,9.7,130.2,0
13.2,28.2,0.525,0.269,43.6,20.5,53.4,0
7.4,110.6,0.926,0.688,48.7,15.9,48.5,2
31.2,37.6,0.567,0.311,61.7,11.3,26.7,0
35.1,152.9,1.065,0.552,51.1,9.7,51.0,3
25.6,56.4,0.497,0.332,49.2,4.4,60.5,0
8.2,75.9,0.527,0.484,56.5,7.3,35.7,0
3.2,20.3,0.292,0.356,54.8,4.1,51.7,0
35.4,41.1,0.441,0.324,71.3,6.8,76.1,0
18.8,118.8,0.794,0.639,62.5,20.4,151.9,1
0.8,48.3,0.3,0.313,43.9,8.1,218.2,0
21.7,29.0,0.485,0.432,50.1,7.2,49.6,0
26.6,53.6,0.559,0.521,62.2,9.6,28.0,0
1.6,26.6,0.351,0.221,45.2,4.0,80.5,0
31.7,77.8,0.662,0.343,54.5,6.0,218.2,0
2.2,11.9,0.267,0.063,38.7,21.3,60.0,0
7.1,14.1,0.404,0.289,42.7,29.8,219.1,0
2.2,36.6,0.493,0.333,62.4,11.1,124.4,0
6.1,16.5,0.201,0.173,54.3,2.3,208.1,0
3.2,105.7,0.76,0.611,47.5,28.3,221.8,0
48.3,110.6,0.763,0.495,55.8,40.2,24.5,2
14.2,74.9,0.753,0.54,68.0,14.7,60.3,1
10.9,12.3,0.416,0.193,48.5,7.1,31.1,0
52.4,70.4,0.559,0.353,64.2,22.4,23.1,1
50.1,72.3,0.565,0.425,67.0,13.1,63.0,1
12.0,20.4,0.359,0.222,65.5,18.9,75.3,0
25.1,76.3,0.686,0.506,49.2,3.9,148.6,0
9.1,54.4,0.537,0.494,42.3,8.1,44.4,0
16.8,75.4,0.642,0.57,45.9,4.6,33.0,0
4.3,78.2,0.651,0.495,58.5,5.3,39.1,1
28.9,99.7,0.491,0.547,72.6,4.0,218.1,0
54.3,261.5,1.547,1.0,66.8,7.8,80.1,3
46.2,75.5,0.811,0.311,54.1,26.7,60.8,2
19.7,44.3,0.601,0.349,64.7,6.7,39.8,0
0.6,51.2,0.48,0.3,48.3,2.5,56.6,0
8.6,93.6,0.638,0.649,46.7,6.1,41.0,1
16.7,20.1,0.335,0.239,52.0,3.5,25.4,0
2.5,14.9,0.266,0.305,47.8,11.5,57.8,0
1.8,17.8,0.584,0.205,46.7,5.9,56.2,0
67.8,100.1,0.816,0.504,72.6,12.4,69.4,2
41.4,59.4,0.646,0.463,54.5,8.6,144.8,0
31.1,106.0,0.778,0.613,44.3,10.6,215.9,1
37.1,73.9,0.689,0.493,62.6,4.2,48.5,1
3.4,30.1,0.348,0.287,44.9,5.5,59.1,0
5.8,51.5,0.569,0.449,45.5,16.2,65.4,0
23.6,25.5,0.345,0.336,61.4,18.1,64.4,0
25.5,69.2,0.687,0.25,50.3,10.7,57.5,1
2.3,13.1,0.231,0.207,48.7,10.1,117.6,0
21.9,86.0,0.659,0.602,55.8,2.8,57.1,1
17.1,19.7,0.311,0.164,52.4,14.5,160.1,0
44.8,93.3,0.892,0.386,55.7,26.4,56.3,2
25.7,36.9,0.274,0.309,37.4,4.0,64.6,0
74.5,160.9,1.311,0.846,62.5,22.5,50.2,3
12.1,15.9,0.31,0.2,66.8,3.2,66.8,0
3.8,35.0,0.407,0.431,57.6,11.4,117.8,0
72.8,129.2,0.983,0.843,60.7,5.9,83.0,3
27.0,68.5,0.657,0.27,60.1,4.4,65.3,0
17.2,58.4,0.654,0.37,59.8,5.8,51.6,0
6.1,12.4,0.377,0.022,46.2,4.6,127.1,0
12.2,18.0,0.586,0.309,64.0,23.1,47.2,0
11.5,51.2,0.601,0.316,55.1,12.4,56.5,0
3.6,37.9,0.418,0.283,50.1,4.7,120.2,0
0.2,9.2,0.252,0.319,64.8,16.0,121.2,0
11.1,19.5,0.35,0.135,37.2,18.5,55.7,0
38.0,65.1,0.747,0.288,48.7,16.1,65.8,1
58.4,78.5,0.881,0.277,66.5,15.7,60.6,1
46.4,178.6,1.163,0.981,64.8,15.2,147.3,3
48.9,139.4,0.669,0.81,73.0,6.7,76.1,2
4.3,66.4,0.388,0.409,34.6,11.3,52.6,0
24.1,123.8,0.867,0.541,62.7,23.8,44.2,2
31.4,46.1,0.55,0.432,47.1,34.0,24.1,1
33.3,50.7,0.576,0.623,60.7,11.6,46.5,1
16.8,97.0,0.855,0.532,54.2,7.1,47.0,1
21.2,52.2,0.662,0.273,62.2,5.9,58.3,0
45.2,78.2,0.684,0.592,57.3,23.6,113.5,1
30.3,37.9,0.313,0.224,64.9,6.4,156.2,0
35.9,113.1,0.714,0.582,51.1,10.5,72.3,1
10.5,61.0,0.54,0.177,53.0,9.1,125.6,0
34.2,56.8,0.627,0.371,59.0,19.2,67.2,1
20.9,38.4,0.391,0.213,68.8,14.6,49.9,0
41.2,128.8,0.957,0.789,65.3,39.7,74.6,3
7.7,22.6,0.251,0.179,54.9,13.6,56.9,0
38.2,42.8,0.302,0.415,63.2,23.8,58.9,0
12.4,104.1,0.584,0.571,62.7,7.7,216.8,0
38.3,131.4,0.937,0.697,61.1,15.2,226.0,2
24.2,39.1,0.638,0.377,47.7,24.0,63.9,0
19.3,171.6,0.897,0.835,60.1,21.7,79.2,3
13.3,41.0,0.327,0.279,53.9,3.9,110.0,0
17.3,32.4,0.496,0.231,51.9,5.2,120.7,0
11.2,60.2,0.544,0.457,47.5,14.2,38.8,1
12.9,19.0,0.522,0.082,58.7,9.5,63.3,0
29.5,39.9,0.604,0.484,60.8,12.2,22.2,1
1.1,41.1,0.558,0.35,44.5,8.6,58.3,0
37.8,71.5,0.589,0.425,49.2,21.5,56.3,1
38.4,105.8,0.848,0.611,73.3,14.1,56.1,2
13.7,21.2,0.538,0.208,61.1,10.1,151.7,0
21.7,154.7,1.014,0.759,56.2,47.2,31.8,3
5.2,24.9,0.309,0.174,57.7,22.7,227.2,0
27.7,60.2,0.554,0.445,52.7,27.4,66.3,0
6.2,25.0,0.279,0.269,51.6,4.3,46.0,0
56.5,62.5,0.562,0.437,61.2,51.3,46.4,1
4.4,33.6,0.331,0.443,60.4,44.7,121.0,0
16.9,72.6,0.382,0.387,43.4,20.2,228.8,0
22.6,47.7,0.343,0.352,47.5,13.1,151.5,0
29.5,41.3,0.31,0.19,46.9,7.4,43.9,0
18.6,87.9,0.573,0.567,61.8,21.8,152.3,0
24.7,96.2,0.809,0.548,55.1,39.8,51.9,2
13.4,37.1,0.448,0.324,46.8,13.0,61.0,0
1.7,44.0,0.482,0.335,50.5,4.5,21.4,0
17.8,86.7,0.764,0.461,49.8,11.8,55.1,1
33.5,88.6,0.878,0.745,45.9,9.1,59.0,2
4.8,46.0,0.606,0.36,62.9,5.3,226.1,0
22.8,76.0,0.67,0.499,54.5,3.6,57.7,1
87.2,132.1,0.974,0.586,76.2,39.9,51.7,3
16.5,47.4,0.493,0.442,43.1,28.4,52.9,0
17.5,24.8,0.486,0.264,58.8,9.2,59.1,0
1.4,11.2,0.332,0.263,40.7,1.1,66.2,0
4.0,50.7,0.509,0.456,72.2,15.6,53.9,0
6.3,24.9,0.414,0.266,39.2,29.6,48.0,0
32.3,77.5,0.594,0.417,71.5,39.7,56.9,1
5.3,12.3,0.117,0.018,52.7,15.5,116.0,0
27.1,40.3,0.473,0.3,54.9,7.3,26.3,0
7.2,32.3,0.584,0.243,57.9,14.0,50.1,0
1.5,2.4,0.429,0.086,44.7,9.9,76.8,0
36.1,47.3,0.544,0.493,64.1,10.5,222.4,0
11.6,26.9,0.29,0.372,60.7,25.7,221.5,0
29.7,65.7,0.497,0.268,56.8,17.4,152.1,0
1.4,25.0,0.558,0.29,54.2,3.4,52.2,0
20.7,58.5,0.5,0.331,70.7,26.3,29.1,0
3.7,35.7,0.364,0.35,57.8,35.8,218.2,0
20.4,42.9,0.656,0.273,49.0,6.7,74.3,0
20.8,36.2,0.406,0.271,61.3,16.5,211.2,0
18.1,51.1,0.425,0.463,50.6,10.4,214.4,0
48.5,133.6,0.991,0.768,53.9,4.6,147.4,3
26.7,42.0,0.523,0.477,60.4,15.0,64.3,0
87.1,215.9,1.354,0.991,57.9,24.5,75.6,3
12.0,45.6,0.609,0.224,54.3,14.3,124.1,0
2.6,67.2,0.304,0.522,57.8,28.4,149.3,0
7.9,50.6,0.562,0.458,68.5,13.4,52.0,0
12.9,61.4,0.507,0.473,59.2,2.9,64.0,0
93.2,104.4,0.861,0.514,55.2,11.1,72.9,2
19.3,37.7,0.51,0.228,44.6,24.3,41.3,0
50.1,74.6,0.64,0.515,73.8,3.0,49.1,1
10.8,63.3,0.51,0.344,48.7,7.4,216.4,0
9.2,33.9,0.506,0.283,41.3,13.8,37.0,0
1.3,68.9,0.605,0.707,44.2,23.6,68.6,0
90.8,111.1,0.916,0.799,72.9,35.0,69.4,3
65.5,79.8,0.639,0.558,63.4,12.7,209.6,1
23.1,40.6,0.5,0.277,60.9,12.5,57.6,0
13.8,70.7,0.627,0.387,53.9,7.9,58.4,0
20.1,127.9,0.806,0.736,46.4,13.1,23.9,2
2.5,141.4,1.025,0.859,38.1,4.0,39.3,2
29.6,81.6,0.589,0.448,50.1,17.7,214.2,0
60.9,126.0,0.857,0.623,62.7,3.8,115.2,2
63.6,68.3,0.729,0.45,52.7,18.2,51.1,2
1.4,8.2,0.316,0.087,60.1,9.8,78.2,0
49.7,61.5,0.657,0.294,52.0,26.5,215.1,0
2.5,91.7,0.771,0.427,39.2,19.9,58.1,1
51.4,139.7,0.973,0.766,60.2,10.9,66.2,3
9.8,172.9,1.072,0.869,59.6,19.3,150.7,3
45.1,56.6,0.577,0.5,71.2,6.4,149.3,0
41.6,69.1,0.552,0.289,45.8,4.6,60.4,0
36.8,40.1,0.622,0.198,69.3,16.6,36.0,0
19.8,25.2,0.281,0.318,56.7,3.3,35.3,0
3.0,25.5,0.108,0.2,47.5,32.5,39.0,0
12.9,25.0,0.455,0.204,59.5,2.3,115.5,0
64.5,76.7,0.777,0.566,73.2,25.8,41.0,2
46.2,62.3,0.687,0.37,46.0,12.0,30.3,1
13.7,111.2,0.873,0.568,50.8,17.3,129.0,1
13.5,89.0,0.691,0.5,49.8,13.0,64.7,1
33.8,43.5,0.502,0.33,62.4,8.6,60.5,0
21.4,95.2,0.81,0.608,67.1,7.0,52.5,1
14.6,27.8,0.384,0.178,54.9,18.2,46.1,0
31.2,35.7,0.489,0.3,54.6,25.8,42.2,0
30.2,45.6,0.548,0.46,60.4,15.1,84.0,0
8.2,47.5,0.447,0.554,51.4,16.6,219.1,0
26.0,37.1,0.38,0.201,38.8,14.2,206.5,0
28.4,79.5,0.65,0.516,60.7,4.8,35.4,1
18.2,34.9,0.336,0.297,62.8,4.5,124.8,0
7.0,48.9,0.417,0.359,61.7,30.7,108.5,0
12.4,22.0,0.588,0.193,44.7,10.3,40.1,0
5.2,35.4,0.424,0.384,57.7,22.3,74.5,0
26.8,38.3,0.517,0.391,68.5,9.3,65.3,0
70.3,93.5,0.681,0.767,83.5,8.8,43.5,2
58.5,188.8,1.361,0.787,65.2,10.7,153.1,3
29.1,48.3,0.375,0.208,64.5,19.9,221.9,0
43.8,50.4,0.468,0.559,51.1,8.0,73.8,1
41.2,73.2,0.681,0.457,49.6,15.0,38.6,1
21.7,54.3,0.482,0.348,63.4,17.4,60.2,0
15.1,47.4,0.562,0.379,38.1,12.1,50.1,0
13.2,61.8,0.345,0.292,55.4,13.4,225.6,0
6.7,24.9,0.463,0.31,64.5,13.3,151.2,0
6.9,59.7,0.61,0.402,58.8,6.1,120.8,0
47.4,76.4,0.66,0.57,65.2,11.3,102.3,1
43.4,49.5,0.398,0.448,58.6,7.6,111.2,0
14.1,73.4,0.564,0.547,51.0,9.3,49.0,0
32.2,67.2,0.646,0.455,74.4,21.2,49.0,1
36.3,86.8,0.563,0.658,67.7,21.2,144.3,1
2.8,9.9,0.242,0.27,59.2,13.3,76.3,0
61.8,124.1,0.919,0.609,62.1,14.1,218.4,2
36.3,193.4,1.153,0.851,53.1,17.4,111.9,3
29.6,36.0,0.51,0.256,65.4,14.2,59.9,0
36.6,106.3,0.848,0.642,55.4,10.4,68.3,2
26.2,61.3,0.581,0.296,56.8,11.9,66.9,0
17.1,46.4,0.417,0.372,59.7,5.1,226.1,0
21.9,84.8,0.732,0.431,57.2,4.9,61.1,1
2.3,59.6,0.626,0.297,64.8,27.7,61.1,0
97.6,181.9,1.262,0.781,57.1,23.2,65.7,3
16.8,24.3,0.575,0.271,55.2,8.0,34.9,0
96.2,183.2,1.229,0.953,84.5,15.4,54.6,3
22.3,63.8,0.479,0.365,62.7,9.2,65.3,0
9.1,12.5,0.478,0.041,51.9,10.9,38.2,0
60.3,79.7,0.657,0.77,68.0,21.6,147.1,1
28.4,64.3,0.512,0.528,56.2,2.2,117.7,0
127.1,146.0,1.186,0.825,84.1,21.4,51.1,3
8.8,34.8,0.509,0.46,60.0,3.8,34.3,0
62.5,78.7,0.61,0.491,55.1,65.8,68.2,1
65.3,286.2,1.684,1.0,64.4,24.9,31.9,3
39.2,92.8,0.932,0.659,61.6,4.8,41.3,2
65.8,97.7,0.842,0.677,66.3,6.2,64.8,2
17.2,26.5,0.315,0.337,57.3,7.1,227.8,0
6.6,91.2,0.564,0.61,57.6,10.7,25.3,0
10.2,57.9,0.744,0.291,57.0,6.4,61.4,1
20.7,31.2,0.404,0.277,49.5,7.7,83.5,0
41.1,51.7,0.462,0.532,54.9,3.0,51.2,1
7.3,33.9,0.465,0.383,51.1,46.5,58.6,0
13.2,45.4,0.591,0.223,54.9,10.8,79.2,0
8.2,60.6,0.689,0.365,51.3,33.9,43.4,1
48.1,76.4,0.537,0.612,68.5,9.0,227.6,0
95.6,152.0,1.089,0.805,59.6,47.0,48.4,3
5.1,24.1,0.412,0.289,38.9,16.5,55.2,0
33.7,62.0,0.716,0.438,73.1,12.8,36.7,1
53.6,140.6,1.021,0.713,54.0,32.5,74.6,3
15.6,74.1,0.652,0.418,63.3,3.8,74.7,1
2.6,32.6,0.539,0.231,57.3,10.8,33.5,0
59.8,100.0,0.699,0.655,55.3,11.9,49.9,2
2.3,30.8,0.433,0.32,51.3,21.9,123.2,0
75.5,81.0,0.749,0.555,61.8,5.4,113.3,2
7.9,119.5,0.812,0.689,56.1,7.8,56.2,1
1.7,13.1,0.326,0.357,46.1,1.1,75.6,0
11.2,31.8,0.429,0.343,52.4,8.4,116.8,0
19.0,212.3,1.167,1.0,54.7,27.2,66.1,3
23.6,32.4,0.729,0.32,64.6,9.0,43.0,1
36.4,63.3,0.764,0.338,54.5,7.1,30.4,1
25.8,117.5,0.838,0.612,48.3,19.4,218.7,1
89.3,220.1,1.324,1.0,61.9,10.1,52.5,3
18.1,65.2,0.46,0.492,57.8,24.8,154.6,0
27.2,112.4,0.807,0.743,42.2,33.9,43.2,2
25.0,49.3,0.519,0.328,65.6,12.9,123.2,0
1.3,80.4,0.514,0.51,52.4,15.9,52.4,0
3.8,33.2,0.478,0.296,56.1,25.6,77.3,0
20.8,42.3,0.504,0.489,57.1,12.4,234.4,0
30.6,50.2,0.326,0.407,51.6,3.8,114.9,0
0.4,55.8,0.468,0.43,43.4,27.3,37.7,0
92.7,147.6,1.177,0.744,61.2,20.7,62.2,3
33.1,63.3,0.656,0.403,45.2,10.1,54.1,1
19.6,64.7,0.531,0.299,57.9,4.3,50.2,0
31.6,40.2,0.533,0.221,55.8,9.4,146.8,0
10.4,35.1,0.318,0.331,41.4,14.4,215.0,0
23.8,32.9,0.365,0.312,50.9,16.4,210.8,0
27.9,36.6,0.347,0.337,61.7,21.1,141.8,0
60.4,101.8,0.826,0.656,72.0,31.5,58.5,2
16.3,48.1,0.62,0.373,44.3,19.8,60.3,0
2.4,21.4,0.343,0.231,69.7,11.3,73.4,0
6.4,29.8,0.465,0.276,45.3,7.0,107.8,0
14.9,59.4,0.584,0.43,40.7,5.7,34.0,0
2.9,59.3,0.6,0.374,66.5,21.0,145.6,0
5.4,54.3,0.44,0.485,44.5,10.9,151.3,0
6.5,9.6,0.397,0.216,65.2,4.4,216.7,0
13.7,14.5,0.432,0.258,48.9,16.0,80.2,0
32.6,45.3,0.56,0.281,54.9,16.4,67.2,0
13.0,114.5,0.827,0.716,43.6,45.7,60.3,2
34.8,57.4,0.541,0.53,67.8,2.9,82.6,0
19.6,25.6,0.394,0.156,64.3,3.5,56.6,0
5.7,28.1,0.411,0.324,47.6,1.6,126.4,0
28.3,30.3,0.366,0.287,55.9,6.6,57.7,0
24.1,30.4,0.413,0.322,61.2,11.6,57.7,0
35.7,56.4,0.477,0.437,53.9,10.2,113.4,0
42.9,60.1,0.677,0.21,69.8,32.7,52.8,1
62.1,82.6,0.808,0.566,61.1,11.8,45.1,2
33.7,79.5,0.805,0.586,53.2,3.2,54.5,2
23.3,92.0,0.695,0.644,43.1,41.3,58.4,1
35.8,69.6,0.589,0.363,47.4,22.8,40.6,1
11.5,83.2,0.556,0.497,58.5,20.7,26.9,0
10.5,28.1,0.462,0.24,55.6,3.9,55.0,0
69.5,149.4,1.132,0.582,69.6,15.6,114.0,3
10.1,44.4,0.441,0.295,49.1,27.2,151.8,0
6.7,70.5,0.616,0.354,39.9,23.5,48.2,0
33.7,51.7,0.575,0.409,53.4,7.4,52.0,0
11.6,44.5,0.435,0.204,70.2,11.1,215.3,0
42.5,186.8,1.239,0.81,51.1,25.4,64.5,3
58.2,90.8,0.94,0.482,61.0,15.1,71.2,2
8.1,76.3,0.639,0.543,34.0,8.7,125.5,1
37.6,112.9,0.891,0.864,53.9,5.8,51.1,2
9.8,62.0,0.496,0.446,50.3,10.9,157.1,0
15.2,75.6,0.627,0.378,57.1,29.7,69.1,0
27.1,45.2,0.528,0.293,53.8,27.6,50.8,0
10.5,22.7,0.375,0.327,41.5,15.0,67.5,0
24.7,34.0,0.458,0.189,50.6,14.4,119.4,0
16.7,60.6,0.64,0.512,53.0,20.1,56.0,1
43.3,75.0,0.695,0.493,51.0,15.7,52.6,1
43.4,84.7,0.7,0.494,52.1,15.7,60.7,1
10.6,17.9,0.404,0.097,61.7,3.0,58.9,0
27.7,42.3,0.441,0.425,51.4,5.6,51.6,0
49.5,116.2,0.891,0.558,63.4,20.1,141.0,1
5.3,41.8,0.451,0.355,51.4,12.8,54.1,0
16.6,51.1,0.442,0.362,44.8,12.1,52.6,0
26.5,51.0,0.538,0.234,53.6,9.5,159.4,0
5.0,18.1,0.386,0.229,55.1,28.9,133.6,0
12.2,94.2,0.645,0.434,67.8,18.6,48.3,0
81.7,175.0,1.232,0.794,58.9,19.7,42.8,3
10.1,43.0,0.505,0.385,52.9,4.5,141.8,0
11.5,38.6,0.659,0.392,61.1,16.2,57.9,0
33.3,132.1,0.835,0.686,67.4,53.7,146.8,1
4.1,19.2,0.382,0.174,47.5,2.0,60.0,0
17.0,36.4,0.418,0.262,53.5,21.7,73.0,0
6.8,70.8,0.645,0.393,62.0,11.7,73.2,0
24.6,43.7,0.546,0.156,60.0,12.4,21.2,0
21.3,52.6,0.588,0.389,63.7,25.7,153.2,0
27.2,28.5,0.41,0.14,65.7,7.0,83.4,0
12.6,107.6,0.824,0.601,58.4,8.8,44.7,1
13.5,73.1,0.546,0.33,55.3,10.2,161.6,0
10.8,88.3,0.529,0.411,48.4,5.8,48.0,0
16.7,27.7,0.496,0.347,52.7,10.0,66.7,0
70.3,181.9,1.006,0.882,61.8,9.4,81.3,3
44.6,73.1,0.669,0.291,68.7,13.9,51.8,0
16.7,99.8,0.755,0.513,56.1,22.2,23.1,1
12.2,55.1,0.558,0.415,55.4,5.6,46.0,0
40.9,102.8,0.775,0.52,50.6,14.8,103.9,2
23.1,68.9,0.629,0.414,65.3,12.0,61.6,1
4.8,23.7,0.403,0.293,46.6,10.7,120.8,0
14.7,18.6,0.408,0.256,52.1,5.4,32.5,0
64.1,152.3,1.283,0.677,72.7,28.1,51.3,3
32.1,99.9,0.74,0.566,64.2,26.5,60.1,1
12.3,100.5,0.648,0.541,47.2,10.9,33.8,1
2.1,7.8,0.203,0.365,43.7,20.0,70.7,0
24.5,44.5,0.594,0.342,54.3,7.8,45.9,0
19.7,24.5,0.283,0.286,50.5,22.6,73.3,0
16.2,32.1,0.254,0.327,42.8,5.7,223.7,0
41.3,117.8,0.745,0.604,52.6,6.3,49.7,2
32.5,93.8,0.796,0.476,35.2,13.7,44.7,1
2.3,56.8,0.564,0.44,59.6,36.3,222.8,0
19.8,40.0,0.418,0.376,61.9,4.9,55.5,0
3.4,10.4,0.394,0.407,63.8,2.1,48.9,0
11.0,35.5,0.195,0.383,56.6,21.9,117.9,0
3.0,12.2,0.293,0.295,48.9,12.7,54.1,0
3.2,71.6,0.658,0.52,60.7,13.8,62.7,1
27.6,142.0,0.923,0.664,50.8,9.8,42.5,2
25.0,67.6,0.614,0.327,45.4,18.1,225.2,0
18.3,23.9,0.233,0.182,53.8,20.9,52.1,0
9.9,100.7,0.663,0.629,56.9,3.5,76.1,1
2.6,37.2,0.5,0.451,45.9,2.6,62.5,0
11.1,41.3,0.538,0.405,45.4,4.9,48.3,0
25.1,75.8,0.733,0.456,52.7,7.6,13.7,1
24.5,31.9,0.496,0.454,59.2,10.8,53.4,0
63.0,83.5,0.597,0.461,60.9,15.5,144.9,1
55.4,83.7,0.675,0.399,82.0,20.7,51.2,1
19.1,58.4,0.733,0.427,54.0,7.3,145.1,0
10.9,54.0,0.419,0.504,59.8,21.2,79.5,0
7.1,57.7,0.43,0.326,41.5,12.9,54.1,0
2.0,18.4,0.44,0.097,57.0,14.2,62.6,0
4.1,6.9,0.204,0.21,49.0,3.2,120.7,0
25.1,49.4,0.717,0.439,55.9,6.5,46.5,1
34.6,62.0,0.851,0.152,71.0,9.7,78.7,1
13.8,16.3,0.271,0.331,51.2,64.8,223.5,0
123.7,139.2,1.057,0.592,61.3,26.5,149.3,3
4.1,40.2,0.312,0.4,43.4,10.3,58.4,0
1.6,19.9,0.481,0.077,53.6,6.9,56.8,0
122.0,156.7,0.946,0.65,72.5,43.6,69.5,3
2.4,19.9,0.254,0.312,53.0,13.2,80.5,0
13.5,67.4,0.579,0.549,43.9,6.0,121.4,0
7.9,18.0,0.454,0.249,69.5,4.6,32.0,0
27.0,57.7,0.446,0.617,68.0,17.3,70.2,0
12.4,44.5,0.479,0.259,55.0,10.6,24.2,0
34.7,100.9,0.535,0.475,45.4,25.4,217.2,0
42.0,63.7,0.555,0.398,71.4,5.9,145.9,0
1.9,115.1,0.678,0.591,61.4,20.9,120.1,1
6.7,116.6,0.744,0.654,53.9,22.4,59.1,1
37.6,48.6,0.591,0.3,67.6,29.2,112.1,0
49.9,79.7,0.727,0.537,56.0,8.4,80.8,1
22.4,28.9,0.502,0.34,47.9,22.0,70.0,0
29.0,76.2,0.658,0.618,57.9,9.6,54.2,1
66.4,84.4,0.825,0.461,50.2,8.1,61.0,2
12.6,46.7,0.459,0.39,45.1,10.8,150.3,0
22.2,45.8,0.495,0.411,59.9,2.4,40.2,0
55.5,270.3,1.573,1.0,62.8,16.9,64.4,3
58.5,85.0,0.72,0.488,50.3,13.4,46.9,1
16.9,41.1,0.485,0.152,51.4,3.6,34.4,0
7.0,76.9,0.736,0.483,42.4,14.7,51.3,1
16.7,95.0,0.8,0.599,50.8,20.8,82.7,1
18.5,57.4,0.556,0.396,50.2,10.5,39.5,0
6.7,86.8,0.77,0.443,61.0,7.8,33.0,1
8.1,196.7,0.967,0.786,52.0,16.8,154.9,2
58.6,80.9,0.719,0.532,59.4,32.7,40.1,2
30.3,37.9,0.441,0.329,53.7,10.7,57.8,0
13.6,57.6,0.533,0.527,40.4,40.9,110.8,0
4.6,78.6,0.666,0.352,51.9,25.0,123.3,0
8.3,114.3,0.745,0.577,57.2,8.2,223.3,0
1.4,52.7,0.567,0.264,54.1,5.6,50.9,0
23.0,54.4,0.544,0.482,61.2,18.0,116.2,0
7.7,20.8,0.351,0.371,59.2,4.3,116.9,0
24.9,113.5,0.939,0.789,73.6,5.1,36.0,2
37.2,78.0,0.498,0.527,48.9,10.0,143.8,1
25.3,28.2,0.4,0.36,57.9,9.0,57.7,0
11.8,155.8,1.01,0.819,56.7,35.6,60.2,3
6.2,14.4,0.454,0.287,50.4,22.1,150.6,0
3.6,78.8,0.601,0.488,47.5,22.6,68.6,0
53.8,91.6,0.757,0.588,64.6,19.1,44.2,2
24.2,27.5,0.34,0.479,59.1,9.3,56.3,1
12.6,40.5,0.411,0.356,45.6,10.1,110.9,0
32.8,55.2,0.652,0.394,42.9,17.0,53.9,0
46.5,51.3,0.729,0.395,55.5,7.0,64.3,1
7.9,55.0,0.479,0.378,47.9,5.1,123.8,0
23.5,90.2,0.593,0.549,60.6,21.4,145.8,0
24.0,53.9,0.509,0.371,48.4,18.9,163.1,0
64.0,85.8,0.611,0.613,60.8,7.5,70.0,1
12.4,62.7,0.702,0.515,40.3,4.8,47.6,0
5.9,25.2,0.204,0.472,40.5,4.7,227.1,0
26.2,47.0,0.56,0.359,50.0,21.2,72.2,0
35.4,66.2,0.667,0.461,55.7,25.8,50.4,1
21.6,25.9,0.401,0.302,48.9,5.9,224.8,0
67.8,69.4,0.692,0.465,64.0,16.2,112.5,1
12.3,21.6,0.405,0.365,40.4,5.2,68.9,0
22.1,68.6,0.667,0.298,53.8,29.0,51.3,0
2.2,22.7,0.49,0.309,50.7,2.3,33.4,0
5.5,14.7,0.531,0.416,41.3,14.4,62.1,0
8.0,135.2,0.787,0.823,55.1,8.5,50.9,1
14.8,36.5,0.316,0.433,37.0,5.5,53.6,0
3.0,34.0,0.275,0.387,47.0,3.1,115.6,0
32.4,119.8,0.714,0.587,63.5,5.5,22.9,2
7.1,42.6,0.283,0.276,35.3,9.7,225.8,0
106.7,156.6,1.009,0.716,74.4,11.7,60.2,3
7.4,19.7,0.293,0.153,43.9,12.8,166.5,0
19.9,52.5,0.639,0.467,50.5,37.3,44.4,0
17.4,132.3,0.938,0.821,66.0,22.1,62.8,3
4.8,49.3,0.361,0.409,47.8,20.4,222.0,0
14.9,53.7,0.49,0.459,67.3,20.4,77.9,0
14.7,38.7,0.617,0.355,51.9,16.7,144.2,0
42.1,48.4,0.59,0.417,58.1,26.0,117.5,0
27.1,107.1,0.771,0.401,63.1,8.6,123.0,1
31.9,60.6,0.619,0.441,61.5,17.5,56.0,1
41.3,55.8,0.571,0.356,59.8,4.1,65.7,0
32.4,37.8,0.707,0.322,53.5,21.5,32.6,1
23.3,64.0,0.592,0.447,43.3,13.3,54.4,1
7.9,15.7,0.405,0.176,41.2,11.1,38.9,0
21.8,102.4,0.622,0.477,66.0,5.5,50.6,1
6.1,21.6,0.314,0.196,66.6,3.6,109.3,0
16.2,49.5,0.494,0.24,55.6,8.5,43.4,0
13.9,57.6,0.61,0.298,40.0,12.8,56.0,0
15.0,54.2,0.489,0.297,48.2,22.3,48.2,0
3.0,69.9,0.612,0.32,45.9,24.0,44.4,0
11.2,28.4,0.328,0.337,49.3,22.6,151.2,0
50.2,81.5,0.585,0.412,53.0,19.3,124.1,0
19.6,71.9,0.544,0.289,59.3,4.1,38.2,0
47.1,153.4,1.021,0.734,61.5,13.1,32.5,3
6.1,69.0,0.622,0.345,65.6,30.3,38.8,0
10.5,83.7,0.658,0.633,50.6,36.9,48.6,1
111.9,134.2,0.975,0.708,71.5,8.6,48.2,3
6.6,51.1,0.524,0.244,59.0,8.4,41.6,0
31.3,125.7,0.855,0.715,65.2,32.9,49.8,2
31.3,61.0,0.511,0.422,47.1,25.9,62.6,0
28.1,72.8,0.671,0.438,59.7,13.0,39.0,1
31.7,35.4,0.655,0.458,58.2,15.9,71.9,1
6.5,63.3,0.559,0.336,55.5,16.5,66.3,0
11.8,50.3,0.405,0.467,54.4,25.5,48.8,0
65.8,119.4,1.042,0.602,76.2,27.7,55.6,3
31.5,54.4,0.655,0.388,49.9,10.4,121.5,0
8.0,10.3,0.495,0.152,45.7,30.3,43.1,0
6.2,65.3,0.588,0.369,46.4,32.7,46.8,0
51.0,65.4,0.556,0.392,57.8,12.4,109.8,0
7.3,11.6,0.274,0.054,55.5,31.6,70.2,0
7.9,44.0,0.501,0.38,49.6,10.2,226.1,0
4.5,121.8,0.977,0.659,60.8,19.6,38.0,2
37.3,49.3,0.494,0.235,57.9,36.3,43.1,0
46.5,61.5,0.391,0.476,58.7,29.3,84.8,1
14.0,75.7,0.645,0.602,43.6,7.1,49.9,1
46.7,71.9,0.595,0.397,74.0,18.3,60.8,1
25.9,84.8,0.637,0.435,55.8,19.2,54.6,1
4.1,27.9,0.353,0.388,65.8,14.2,142.0,0
61.9,81.9,0.726,0.531,56.9,10.0,149.3,1
4.4,17.1,0.246,0.234,59.4,6.8,164.3,0
15.2,56.9,0.578,0.472,49.9,11.0,55.5,0
14.1,26.7,0.42,0.307,68.8,3.9,64.8,0
11.4,30.2,0.233,0.425,62.8,18.1,67.1,0
0.6,80.1,0.707,0.487,58.9,38.4,26.4,1
93.9,251.6,1.471,1.0,61.2,16.0,52.5,3
0.8,47.4,0.388,0.461,67.4,6.6,57.6,0
65.2,147.2,0.864,0.526,78.7,7.2,214.8,2
5.9,27.2,0.446,0.387,49.9,25.9,52.6,0
9.0,33.4,0.477,0.263,54.7,16.5,28.8,0
59.9,97.5,0.767,0.6,69.0,17.0,220.8,1
28.6,43.3,0.574,0.496,40.8,17.6,47.5,0
2.4,22.1,0.297,0.238,61.5,16.5,51.3,0
2.3,59.5,0.288,0.368,60.6,17.7,59.2,0
24.7,56.7,0.592,0.393,51.4,16.5,54.1,0
4.3,31.4,0.491,0.17,35.2,20.0,67.8,0
30.0,55.7,0.532,0.592,59.5,18.3,112.2,0
32.9,42.3,0.602,0.339,48.2,3.5,40.1,0
6.8,43.2,0.392,0.494,40.4,6.5,78.0,0
9.6,24.2,0.285,0.243,56.5,6.6,228.5,0
25.5,29.1,0.387,0.295,66.6,7.9,48.4,0
6.4,14.2,0.402,0.32,51.3,4.7,110.6,0
19.6,45.8,0.347,0.257,64.6,15.9,218.1,0
117.3,170.6,1.297,0.827,76.1,26.2,213.9,3
26.7,92.5,0.676,0.618,45.3,3.9,76.4,1
11.6,17.1,0.37,0.226,49.4,5.5,213.5,0
101.8,150.5,1.013,0.716,76.9,8.1,123.8,3
39.8,162.6,1.166,0.906,53.9,3.4,62.3,3
4.5,73.1,0.736,0.587,59.3,12.5,51.0,1
5.9,41.0,0.407,0.478,49.7,2.1,135.5,0
1.1,38.9,0.501,0.269,57.9,11.8,41.5,0
25.1,59.2,0.664,0.356,59.4,15.3,125.8,0
101.7,119.9,0.988,0.599,66.3,16.4,69.7,3
13.3,84.7,0.601,0.57,59.7,12.1,49.2,1
42.0,52.5,0.56,0.274,41.4,12.3,116.8,0
12.0,48.8,0.447,0.265,45.2,22.1,75.5,0
24.6,101.4,0.745,0.506,52.2,33.8,117.1,1
15.4,50.9,0.37,0.291,63.9,15.6,222.8,0
19.0,23.9,0.468,0.351,43.5,7.3,54.0,0
54.3,152.8,0.832,0.841,60.4,7.6,119.7,2
78.4,106.7,0.784,0.547,67.1,5.6,40.1,2
73.4,80.1,0.648,0.471,65.7,31.9,117.9,1
193.0,324.5,1.7,1.0,82.1,18.9,44.7,3
7.5,31.3,0.313,0.259,48.2,10.2,49.8,0
27.1,40.0,0.439,0.446,54.4,13.4,48.3,0
7.7,46.2,0.526,0.312,61.0,8.1,144.6,0
52.4,60.2,0.719,0.313,54.9,16.4,57.4,1
4.8,23.1,0.176,0.393,35.5,14.6,60.6,0
55.2,144.6,0.946,0.636,64.6,18.6,54.5,3
22.3,46.8,0.641,0.499,67.5,4.1,70.8,1
16.4,62.7,0.534,0.681,46.2,1.9,211.7,0
18.6,111.3,0.81,0.598,65.9,21.8,100.7,1
3.6,27.3,0.489,0.397,56.7,9.8,29.8,0
4.1,16.5,0.288,0.093,43.4,5.8,61.8,0
22.8,76.9,0.699,0.322,50.0,23.8,25.4,1
22.6,28.9,0.504,0.22,49.6,7.0,53.3,0
8.2,18.9,0.415,0.327,54.7,5.7,38.7,0
13.2,100.6,0.67,0.567,52.7,7.9,123.5,0
29.4,62.3,0.549,0.403,65.5,7.7,152.5,0
6.4,62.3,0.466,0.303,59.8,6.7,65.1,0
0.8,12.5,0.311,0.216,39.8,19.4,223.2,0
67.9,112.5,0.762,0.555,51.5,33.0,43.3,2
24.4,70.5,0.563,0.368,60.8,5.8,58.3,0
10.2,141.1,0.973,0.632,49.5,12.1,55.2,2
7.7,59.5,0.612,0.426,51.8,6.9,21.4,0
6.3,72.0,0.558,0.392,57.4,24.6,77.8,0
52.2,87.7,0.596,0.517,67.2,17.4,63.2,1
2.7,43.9,0.494,0.19,42.6,12.0,43.7,0
27.0,53.1,0.51,0.429,38.5,20.1,59.5,0
27.0,51.8,0.606,0.401,55.4,23.9,56.2,0
37.9,57.1,0.557,0.379,51.2,20.3,54.5,0
11.4,36.3,0.212,0.334,54.4,18.5,229.2,0
63.0,78.5,0.607,0.566,61.4,35.2,57.5,1
39.0,99.5,0.743,0.432,50.4,17.5,58.5,1
11.0,20.5,0.381,0.265,70.5,6.0,114.5,0
7.2,125.0,0.635,0.543,53.3,13.2,222.0,0
15.5,71.7,0.523,0.464,49.9,8.8,118.3,0
10.5,85.1,0.748,0.484,54.5,31.2,56.3,1
5.7,16.1,0.481,0.24,57.1,8.9,53.6,0
19.5,37.2,0.523,0.4,50.1,9.9,41.7,0
13.3,47.5,0.513,0.436,72.7,10.8,29.4,0
76.2,107.4,0.78,0.691,52.0,17.8,122.0,2
10.5,66.9,0.609,0.402,42.1,7.3,121.4,0
7.1,38.4,0.444,0.391,40.3,7.1,59.2,0
18.2,140.9,0.909,0.768,54.9,6.3,217.3,2
23.6,34.4,0.474,0.279,59.6,29.7,219.6,0
25.5,33.7,0.508,0.32,53.4,18.5,78.9,0
25.3,42.1,0.479,0.33,59.8,10.8,48.2,0
18.8,43.7,0.472,0.474,58.7,8.5,66.2,0
17.4,97.3,0.54,0.627,51.9,6.0,141.2,0
33.1,76.7,0.669,0.445,60.7,10.2,62.0,1
4.9,32.2,0.435,0.267,51.2,9.9,61.2,0
7.2,27.1,0.297,0.37,49.9,25.0,67.0,0
1.6,29.7,0.589,0.415,48.3,5.0,144.5,0
5.1,29.9,0.488,0.324,54.7,13.8,53.1,0
47.8,156.9,0.974,0.843,69.4,19.1,36.6,3
31.8,102.1,0.966,0.69,47.4,7.8,57.6,2
84.8,102.6,0.813,0.559,61.7,6.6,75.5,2
68.7,99.4,0.813,0.57,64.3,16.6,209.2,1
32.1,54.9,0.6,0.435,71.2,6.7,42.3,0
21.2,22.6,0.289,0.228,58.8,15.7,223.7,0
18.6,37.3,0.402,0.476,48.5,14.3,149.4,0
0.3,19.3,0.476,0.215,44.7,21.1,118.5,0
16.4,31.1,0.546,0.305,62.5,23.1,43.0,0
9.0,27.1,0.427,0.457,50.9,3.2,44.4,0
5.4,28.7,0.246,0.123,43.0,17.1,58.2,0
27.3,74.2,0.692,0.485,64.5,15.9,44.0,1
14.3,30.4,0.329,0.237,56.8,14.8,74.9,0
19.8,109.6,0.807,0.601,45.6,23.7,116.1,1
4.3,14.9,0.306,0.129,42.0,5.6,58.3,0
40.5,118.3,0.776,0.602,41.1,24.4,111.8,2
10.5,50.9,0.415,0.378,48.7,17.2,155.8,0
25.9,33.2,0.481,0.329,58.6,3.6,212.6,0
11.6,34.3,0.268,0.392,61.5,7.9,118.9,0
0.1,112.5,0.837,0.404,55.4,11.6,62.9,1
28.4,143.3,0.983,0.72,46.1,4.1,51.6,2
15.4,63.4,0.486,0.408,52.2,17.2,223.1,0
1.4,42.4,0.404,0.337,63.7,22.6,119.5,0
3.5,49.1,0.502,0.372,48.5,20.0,149.2,0
41.6,63.7,0.599,0.35,64.8,20.5,52.6,1
1.5,24.0,0.373,0.133,57.4,8.0,43.5,0
10.1,36.0,0.463,0.338,59.7,16.9,77.4,0
91.0,215.0,1.493,0.917,70.0,35.8,76.3,3
29.2,72.7,0.522,0.496,62.7,5.4,49.7,0
36.5,103.8,0.834,0.495,46.0,5.3,68.3,2
12.9,54.4,0.538,0.452,66.2,5.9,57.0,0
1.1,112.0,0.756,0.606,37.7,11.0,53.2,1
21.8,36.8,0.305,0.323,58.0,6.0,138.6,0
3.9,8.8,0.177,0.192,52.2,19.0,74.5,0
3.4,4.4,0.26,0.16,47.5,12.0,217.5,0
19.3,39.9,0.399,0.312,47.3,12.5,35.9,0
4.4,25.0,0.409,0.382,57.1,22.8,217.5,0
17.0,26.6,0.341,0.144,61.1,3.7,71.4,0
7.5,32.0,0.462,0.245,52.4,14.6,116.6,0
16.4,61.2,0.541,0.51,52.3,15.6,44.5,0
9.3,50.3,0.496,0.447,63.7,28.3,17.1,0
16.9,28.3,0.364,0.41,51.3,43.6,59.0,0
64.0,113.6,0.918,0.612,61.9,7.0,61.3,3
37.3,139.2,1.013,0.597,56.3,9.4,52.5,3
14.9,50.1,0.513,0.273,74.1,2.5,47.7,0
55.4,69.6,0.748,0.421,54.2,7.5,36.9,1
26.3,32.2,0.446,0.372,62.9,30.5,113.8,0
52.2,100.2,0.648,0.543,46.8,22.2,120.5,1
1.9,43.1,0.524,0.316,44.6,9.5,51.0,0
4.5,78.2,0.56,0.516,50.2,11.0,141.4,0
21.6,67.5,0.285,0.442,54.4,4.8,223.2,0
14.5,69.9,0.484,0.409,52.1,4.9,222.2,0
16.9,97.3,0.586,0.464,53.9,12.1,56.3,0
30.7,118.3,0.734,0.72,51.4,8.5,61.3,2
21.8,118.4,0.828,0.73,65.8,20.0,29.5,2
40.6,71.4,0.676,0.359,50.5,23.6,30.2,1
39.6,226.6,1.179,1.0,64.3,9.5,162.1,3
4.8,92.0,0.647,0.594,58.2,15.1,217.9,0
0.2,72.3,0.6,0.356,44.4,10.8,48.5,0
4.4,25.3,0.375,0.31,49.8,10.7,59.6,0
3.9,52.5,0.544,0.353,52.6,28.6,38.5,0
18.4,27.0,0.493,0.174,68.3,4.0,156.8,0
18.1,105.1,0.577,0.744,51.9,28.7,60.9,1
13.5,72.8,0.75,0.429,83.1,20.8,49.6,1
27.3,33.9,0.336,0.357,62.5,15.6,217.4,0
125.3,186.1,1.227,0.795,74.8,24.8,34.6,3
13.2,16.6,0.359,0.384,61.2,10.9,52.6,0
22.5,78.3,0.55,0.657,41.9,8.4,118.5,0
16.9,19.5,0.319,0.12,64.1,6.1,53.1,0
8.3,9.9,0.403,0.203,42.7,20.9,107.0,0
30.9,34.8,0.514,0.433,63.9,14.8,53.2,0
12.4,51.3,0.353,0.335,49.2,35.1,76.0,0
6.1,79.7,0.695,0.523,46.6,19.6,76.4,1
6.8,99.9,0.798,0.413,67.3,14.6,26.1,1
42.0,78.5,0.567,0.411,57.9,9.1,54.4,0
30.2,71.1,0.668,0.481,44.6,9.5,50.9,1
9.5,28.3,0.479,0.236,61.3,7.0,79.2,0
26.9,38.6,0.365,0.296,46.5,17.1,52.2,0
17.1,56.0,0.584,0.259,65.6,10.8,67.9,0
22.9,51.6,0.496,0.437,55.5,8.4,54.1,0
8.0,50.4,0.477,0.253,43.1,36.8,220.7,0
4.1,15.7,0.252,0.379,59.2,24.5,120.4,0
12.3,37.1,0.532,0.261,58.1,12.1,122.7,0
5.3,52.0,0.514,0.452,35.9,12.5,45.8,0
4.8,41.2,0.392,0.402,52.3,20.2,115.1,0
2.2,9.8,0.284,0.129,54.7,10.3,53.1,0
9.7,103.8,0.822,0.527,55.5,4.3,73.2,1
49.3,132.2,0.878,0.647,58.4,9.2,44.8,3
38.9,64.5,0.728,0.393,64.2,14.4,61.8,1
72.3,148.2,1.05,0.633,68.1,15.9,72.8,3
4.5,4.9,0.208,0.247,53.0,2.7,51.8,0
32.9,81.8,0.659,0.433,55.4,21.4,125.3,1
14.8,26.5,0.432,0.272,55.6,3.4,73.1,0
6.8,79.6,0.42,0.577,48.3,5.1,222.5,0
44.4,48.6,0.581,0.418,50.9,23.2,52.0,0
15.0,40.8,0.451,0.281,45.4,10.4,214.5,0
0.8,6.1,0.44,0.297,51.3,25.8,41.8,0
38.5,89.1,0.838,0.582,51.3,24.8,52.9,1
25.1,32.6,0.695,0.242,54.7,5.0,54.9,0
19.5,125.7,0.822,0.617,65.8,9.4,121.4,1
3.2,86.7,0.727,0.603,50.9,7.2,46.3,1
22.0,76.3,0.6,0.543,56.6,8.8,62.4,0
64.1,113.8,1.047,0.482,60.4,10.0,64.3,3
24.4,59.0,0.411,0.316,66.4,5.8,219.2,0
1.6,6.0,0.495,0.266,65.5,24.2,56.9,0
26.3,99.7,0.92,0.458,52.4,6.3,52.0,2
24.6,170.9,0.928,0.91,61.8,10.6,157.6,2
35.5,146.2,1.067,0.916,74.4,6.5,54.6,3
23.9,35.0,0.529,0.348,46.5,14.0,56.2,0
4.8,109.1,0.726,0.516,60.6,9.4,64.3,1
18.4,128.9,0.808,0.692,41.0,8.3,144.1,2
12.6,42.3,0.472,0.436,54.2,24.7,142.7,0
20.8,69.5,0.675,0.456,54.2,11.2,31.7,1
45.9,74.0,0.724,0.508,45.7,13.2,218.8,1
7.5,104.8,0.707,0.511,61.9,2.8,221.7,0
81.7,98.5,0.78,0.494,66.3,16.4,51.2,2
26.1,27.4,0.53,0.367,48.8,20.3,50.8,0
38.7,99.6,0.632,0.499,60.8,7.8,45.3,1
34.1,106.7,0.765,0.358,64.7,10.8,65.4,1
25.1,43.0,0.488,0.318,41.9,28.6,70.0,0
29.9,38.7,0.562,0.357,31.6,8.7,72.6,0
21.8,23.3,0.593,0.365,55.1,18.1,57.7,0
28.4,61.7,0.627,0.566,50.4,11.0,55.5,1
2.3,48.0,0.475,0.372,63.1,24.5,55.4,0
28.1,105.2,0.722,0.644,53.5,15.4,64.1,1
26.2,74.4,0.739,0.477,58.7,7.7,43.6,1
37.7,57.2,0.582,0.432,56.5,5.4,61.8,1
39.1,79.4,0.613,0.469,45.9,33.3,122.6,0
57.7,137.9,0.96,0.745,61.5,18.7,221.9,3
29.0,74.1,0.706,0.399,46.0,15.2,154.8,1
67.4,138.4,0.849,0.891,51.8,11.5,150.1,2
10.3,19.7,0.205,0.04,44.9,3.4,158.2,0
69.6,128.4,0.938,0.725,53.6,18.0,65.9,3
12.8,61.0,0.436,0.443,52.4,14.7,123.7,0
26.2,50.3,0.388,0.407,53.1,18.2,144.4,0
41.4,122.8,0.792,0.546,60.9,28.0,53.6,2
25.4,174.1,1.182,0.699,43.5,14.4,34.0,3
87.9,90.9,0.881,0.584,64.0,7.0,60.4,3
18.9,44.2,0.739,0.471,51.2,18.7,57.3,1
31.5,62.6,0.503,0.441,58.6,33.6,147.1,0
22.0,55.4,0.692,0.466,57.5,11.7,52.8,0
58.1,75.3,0.658,0.428,62.5,13.1,219.8,0
10.7,14.8,0.335,0.267,45.8,10.0,50.4,0
93.7,120.4,0.935,0.754,67.2,16.5,71.9,3
7.7,39.1,0.327,0.302,49.1,14.9,225.2,0
75.2,99.7,0.873,0.67,74.6,20.6,41.9,3
4.5,36.6,0.502,0.174,53.6,7.3,140.0,0
32.5,73.7,0.645,0.408,57.8,9.1,31.3,1
17.1,44.9,0.5,0.402,44.5,1.4,213.8,0
40.6,57.6,0.731,0.573,53.8,4.6,44.0,1
26.9,59.1,0.716,0.409,58.4,10.1,76.1,1
38.6,82.7,0.569,0.405,57.5,16.6,117.1,1
4.3,39.3,0.469,0.5,52.0,8.5,58.1,0
1.4,157.7,1.031,0.775,38.2,19.0,55.3,3
3.3,50.2,0.383,0.433,46.0,6.8,118.9,0
3.1,36.7,0.292,0.291,50.3,7.2,141.5,0
4.2,18.5,0.399,0.264,62.3,23.2,31.5,0
8.4,23.2,0.37,0.219,38.2,14.8,66.0,0
8.3,32.8,0.383,0.509,45.0,21.3,147.8,0
17.6,42.9,0.456,0.452,39.6,15.7,76.7,0
6.0,30.3,0.655,0.455,55.6,12.6,20.1,0
6.6,55.4,0.518,0.322,62.6,14.9,32.7,0
13.7,93.0,0.71,0.374,57.1,5.0,152.0,0
45.8,106.8,0.866,0.564,63.9,3.8,64.3,2
10.4,65.6,0.406,0.659,45.4,4.4,116.6,1
16.4,28.9,0.476,0.262,57.6,3.3,232.9,0
19.4,108.4,0.865,0.692,48.9,15.1,23.3,2
5.0,19.0,0.404,0.161,53.3,23.5,56.9,0
11.7,54.9,0.653,0.317,57.9,4.7,45.8,0
42.0,94.3,0.703,0.535,56.4,15.6,152.8,1
38.9,130.0,0.989,0.87,64.8,31.1,57.5,3
6.4,141.8,0.687,0.825,51.7,20.4,143.6,1
16.0,39.5,0.568,0.147,56.8,16.0,55.7,0
31.5,71.5,0.676,0.515,72.2,13.0,45.8,1
24.0,108.6,0.76,0.494,59.8,15.6,147.9,2
26.7,171.0,0.975,0.776,50.3,14.0,77.0,2
5.0,31.1,0.428,0.346,49.0,10.4,44.2,0
73.0,86.3,0.723,0.638,70.7,8.5,117.2,1
8.2,14.7,0.274,0.358,61.7,7.4,56.9,0
7.9,24.0,0.465,0.302,53.0,14.0,27.1,0
2.6,74.3,0.766,0.497,40.2,22.1,46.5,1
14.4,89.5,0.538,0.645,46.7,5.0,114.8,0
50.2,97.1,0.841,0.412,61.5,41.0,45.2,2
23.8,48.7,0.513,0.532,60.4,3.5,46.8,0
15.7,64.6,0.549,0.362,62.5,6.3,57.7,0
36.3,71.8,0.632,0.48,41.6,15.9,118.1,1
49.1,75.3,0.653,0.425,66.8,20.3,143.6,1
38.8,83.9,0.671,0.398,69.6,9.0,159.7,0
0.7,24.5,0.267,0.316,33.0,11.8,118.3,0
36.6,81.5,0.82,0.515,57.8,12.0,24.0,2
27.7,79.0,0.582,0.475,62.5,10.2,229.4,0
6.2,68.7,0.656,0.431,41.7,5.7,53.1,1
27.8,32.3,0.594,0.441,52.5,15.2,52.5,0
50.3,140.3,0.744,0.917,64.5,16.8,148.1,2
8.7,40.0,0.545,0.447,49.2,11.9,49.3,0
41.4,177.9,1.114,0.889,55.7,21.0,33.7,3
24.3,96.3,0.851,0.403,57.7,15.0,33.9,2
5.3,19.1,0.315,0.31,43.5,6.5,63.1,0
11.8,67.7,0.684,0.501,45.3,29.9,64.9,1
51.1,135.9,0.857,0.772,63.9,18.9,61.2,3
4.1,31.5,0.489,0.199,60.2,9.2,37.7,0
12.2,24.9,0.463,0.352,57.1,8.6,38.2,0
12.8,23.0,0.413,0.409,64.9,8.6,42.9,0
17.9,24.1,0.345,0.184,58.2,5.5,47.4,0
42.5,74.4,0.641,0.528,73.6,8.9,70.0,1
17.0,28.0,0.547,0.214,55.3,13.5,28.5,0
15.8,33.8,0.612,0.3,56.6,17.5,41.1,0
16.5,155.5,1.155,0.693,57.9,27.8,59.8,3
23.5,75.0,0.692,0.437,50.7,10.3,72.6,1
2.9,16.3,0.299,0.212,46.3,13.7,220.8,0
0.8,190.0,1.134,0.948,44.9,13.4,69.1,3
23.4,68.0,0.7,0.522,51.3,7.9,221.0,0
1.9,178.9,1.07,0.977,68.9,15.7,111.5,3
8.4,122.9,0.834,0.594,67.9,3.9,65.4,2
40.9,86.8,0.704,0.546,55.9,12.6,62.3,1
9.1,40.8,0.481,0.238,50.1,9.6,45.0,0
155.7,226.5,1.503,1.0,59.7,14.9,114.1,3
72.6,115.1,0.735,0.626,55.7,18.0,221.9,2
26.3,48.2,0.493,0.282,49.7,28.4,52.7,0
48.3,68.8,0.662,0.495,56.2,23.0,58.2,1
72.3,152.6,1.033,0.753,59.0,16.7,31.1,3
34.4,47.7,0.591,0.377,59.2,21.2,89.8,0
36.3,115.7,0.914,0.735,64.0,34.3,44.6,3
2.5,38.9,0.518,0.291,46.6,6.5,16.0,0
18.6,23.3,0.491,0.346,66.5,11.5,28.2,0
55.1,139.7,0.993,0.847,63.6,18.1,47.7,3
24.9,38.6,0.163,0.453,63.1,17.5,56.6,0
1.4,17.3,0.3,0.23,48.7,9.3,53.2,0
18.2,46.9,0.558,0.273,59.3,14.2,112.6,0
32.1,65.5,0.554,0.368,60.8,11.2,54.6,0
36.8,83.1,0.727,0.357,69.6,12.9,155.8,1
51.5,132.7,1.027,0.752,65.5,5.1,51.7,3
25.9,104.8,0.759,0.65,63.0,28.4,58.5,2
28.5,48.4,0.495,0.377,52.3,3.5,61.2,0
10.8,31.3,0.463,0.177,63.3,8.1,37.6,0
27.4,101.6,0.733,0.538,46.2,18.1,116.2,1
17.7,28.7,0.509,0.415,50.2,23.1,54.6,0
10.3,46.7,0.204,0.414,55.9,10.0,222.8,0
92.9,200.9,1.133,1.0,57.6,22.7,215.3,3
8.9,32.0,0.355,0.601,46.0,11.1,64.7,0
19.3,25.4,0.216,0.307,47.7,15.1,52.2,0
17.6,31.3,0.417,0.106,57.8,8.8,56.8,0
21.7,36.4,0.354,0.221,54.2,18.0,58.6,0
87.3,99.7,0.82,0.591,73.7,8.5,65.5,3
32.2,59.6,0.582,0.411,72.2,39.3,19.3,1
10.1,184.5,1.142,0.874,55.8,7.3,42.9,3
65.9,120.5,0.833,0.63,58.5,7.9,154.1,1
37.6,67.7,0.508,0.37,61.0,13.1,33.5,0
10.4,43.0,0.532,0.379,46.5,9.3,54.2,0
57.5,74.5,0.877,0.592,60.7,29.7,135.8,2
2.4,35.0,0.558,0.47,72.1,33.8,42.2,0
3.9,108.2,0.726,0.75,51.0,7.2,218.9,0
1.2,38.8,0.441,0.243,54.6,15.4,70.1,0
0.3,78.8,0.586,0.481,50.8,14.2,62.8,0
54.0,124.2,0.826,0.629,57.4,17.7,113.2,2
22.0,190.3,1.13,0.965,59.4,6.6,103.0,3
1.5,70.7,0.498,0.444,42.1,5.4,58.2,0
17.1,176.8,1.107,0.84,53.4,12.9,31.8,3
42.5,125.9,0.74,0.795,47.9,16.6,222.7,2
6.9,53.2,0.401,0.393,65.5,4.1,25.3,0
12.3,27.8,0.321,0.298,61.9,8.3,151.1,0
96.5,174.7,1.301,0.889,61.3,15.1,59.1,3
13.7,97.3,0.739,0.615,39.3,23.6,66.9,1
1.7,87.2,0.316,0.577,56.2,19.2,116.2,0
9.4,31.9,0.291,0.442,53.1,26.8,222.7,0
1.3,55.3,0.623,0.277,70.2,11.2,46.7,0
34.7,59.0,0.519,0.436,68.8,10.1,155.3,0
5.6,26.0,0.46,0.271,58.0,25.6,69.1,0
5.4,22.3,0.379,0.239,48.6,11.2,39.6,0
103.8,108.7,0.941,0.666,66.5,22.0,56.6,3
3.2,54.8,0.504,0.507,54.9,2.1,116.6,0
2.3,21.2,0.348,0.208,55.2,10.7,38.1,0
4.2,27.3,0.478,0.437,47.0,11.2,52.0,0
43.8,73.9,0.785,0.335,48.1,13.0,114.6,1
30.5,89.5,0.759,0.577,72.3,13.4,60.3,1
9.2,54.3,0.551,0.309,53.7,25.3,61.6,0
8.1,51.4,0.461,0.32,56.7,8.2,47.3,0
28.2,29.4,0.559,0.299,49.7,20.4,50.5,0
22.8,102.6,0.664,0.539,66.6,4.4,156.8,0
14.8,145.0,0.93,0.48,62.7,4.4,148.9,2
31.5,73.7,0.633,0.519,57.5,7.2,220.0,0
3.8,14.3,0.477,0.305,54.3,6.9,24.0,0
5.8,26.7,0.517,0.268,55.2,19.1,52.0,0
33.2,44.3,0.574,0.329,58.1,13.7,147.7,0
24.8,143.4,0.823,0.698,60.4,3.9,70.3,2
18.5,41.5,0.433,0.186,58.0,13.9,49.2,0
100.8,144.8,0.941,0.573,66.7,17.9,68.8,3
38.5,67.4,0.508,0.512,48.8,2.3,72.8,1
9.6,66.3,0.678,0.531,53.3,26.8,147.9,0
6.5,20.9,0.298,0.314,59.0,6.4,78.7,0
26.0,68.5,0.528,0.478,61.5,20.1,59.8,0
53.8,77.1,0.697,0.547,71.1,18.8,72.1,1
24.2,112.7,0.756,0.678,67.2,5.7,41.2,2
12.1,13.5,0.54,0.161,59.5,23.8,126.1,0
22.0,47.9,0.519,0.384,57.0,15.5,47.2,0
2.0,83.8,0.715,0.476,55.1,23.2,27.3,1
53.8,128.0,0.872,0.647,56.0,33.5,29.6,2
67.1,72.6,0.576,0.562,69.1,8.8,38.5,1
35.3,102.9,0.75,0.718,68.2,15.5,15.0,2
79.1,91.9,0.763,0.322,73.0,7.3,33.9,2
11.3,29.0,0.378,0.269,58.3,23.5,55.2,0
23.6,101.8,0.528,0.544,53.8,3.7,215.5,0
35.8,61.2,0.643,0.52,54.9,5.9,32.9,1
26.4,31.3,0.407,0.17,54.9,8.7,121.0,0
13.2,22.5,0.227,0.0,48.3,11.6,142.6,0
14.9,51.8,0.494,0.453,56.6,20.1,155.1,0
62.0,86.5,0.831,0.6,39.5,5.9,59.8,2
17.5,41.6,0.628,0.179,50.5,14.4,31.1,0
51.1,107.0,0.614,0.58,60.7,9.6,58.6,1
16.5,63.9,0.518,0.564,74.6,11.5,78.2,0
50.8,77.2,0.539,0.38,60.2,28.3,131.9,0
19.6,94.9,0.678,0.554,55.5,12.9,48.7,1
33.0,89.3,0.855,0.569,50.6,17.6,56.9,2
7.7,52.7,0.459,0.254,67.0,2.2,75.2,0
23.5,44.3,0.439,0.3,49.3,7.3,129.4,0
7.9,93.0,0.639,0.386,69.5,11.4,43.2,1
11.0,34.8,0.562,0.299,47.8,4.0,139.6,0
12.1,38.2,0.218,0.256,61.5,3.0,150.9,0
14.7,135.3,0.841,0.719,53.9,6.9,62.0,2
10.5,24.1,0.349,0.33,49.2,11.5,45.6,0
21.1,34.5,0.323,0.438,63.4,19.6,61.0,0
51.0,78.1,0.775,0.69,70.8,21.2,116.9,2
32.3,42.8,0.371,0.363,55.7,11.6,56.5,0
1.9,12.6,0.318,0.2,52.1,12.1,54.6,0
26.9,144.9,0.952,0.704,53.0,4.4,47.2,3
9.8,36.5,0.414,0.234,55.4,36.0,38.5,0
1.4,47.7,0.341,0.404,43.5,27.9,69.2,0
8.9,15.2,0.264,0.194,31.9,14.7,224.4,0
27.9,40.2,0.445,0.381,41.5,10.2,60.2,0
12.0,142.8,0.94,0.645,52.1,23.0,146.3,2
19.0,29.5,0.5,0.252,46.5,36.9,61.9,0
13.3,60.9,0.765,0.453,53.2,16.3,38.7,1
7.4,7.6,0.346,0.198,49.1,19.1,73.3,0
23.0,28.7,0.508,0.117,50.0,8.4,64.4,0
6.1,32.4,0.428,0.303,47.8,4.0,36.7,0
38.4,111.8,0.979,0.538,65.9,12.1,69.3,2
2.0,36.9,0.464,0.428,54.2,17.1,51.1,0
18.0,46.6,0.461,0.447,67.4,3.8,150.2,0
10.9,71.0,0.664,0.248,54.6,34.5,59.9,0
9.6,51.5,0.474,0.45,38.3,16.6,59.7,0
41.9,74.7,0.652,0.502,50.3,20.8,32.2,1
49.7,70.9,0.72,0.319,60.9,4.3,69.5,1
4.2,31.8,0.464,0.381,54.6,7.9,129.8,0
14.8,35.4,0.531,0.201,49.7,12.8,52.4,0
0.5,33.8,0.346,0.413,45.7,4.4,209.6,0
39.7,88.8,0.766,0.463,53.5,45.3,51.0,2
16.9,24.4,0.484,0.137,53.6,27.5,113.6,0
1.7,18.0,0.278,0.44,51.9,12.6,63.6,0
6.6,65.1,0.582,0.291,44.3,20.8,62.9,0
3.6,68.5,0.341,0.371,54.5,9.1,43.8,0
6.1,111.2,0.843,0.553,54.9,24.0,60.8,2
0.7,36.3,0.394,0.278,51.2,10.3,40.9,0
61.4,76.7,0.641,0.538,56.3,35.6,78.1,1
4.4,21.1,0.387,0.266,58.1,7.1,56.9,0
17.9,52.5,0.561,0.472,65.5,4.4,132.3,0
27.7,39.9,0.727,0.367,52.8,12.5,60.4,1
49.7,149.3,0.769,0.604,54.9,8.8,222.4,1
18.6,39.0,0.428,0.38,58.7,16.6,41.9,0
13.1,101.8,0.765,0.593,44.7,6.1,66.9,1
19.5,29.9,0.386,0.239,44.9,44.4,68.9,0
4.1,31.9,0.524,0.489,47.5,3.6,46.6,0
4.7,28.4,0.373,0.344,55.2,16.4,125.4,0
12.7,18.8,0.479,0.337,47.0,9.4,59.0,0
7.6,33.2,0.397,0.396,53.1,29.8,113.5,0
10.0,51.8,0.486,0.341,37.5,9.7,221.3,0
89.2,90.4,0.682,0.585,71.2,13.5,151.1,1
55.6,108.6,1.004,0.626,72.4,11.3,85.2,3
27.6,72.6,0.46,0.409,49.1,18.0,120.3,0
40.6,73.2,0.557,0.351,62.1,10.4,145.3,0
4.6,67.1,0.369,0.44,51.1,7.7,213.9,0
20.0,86.2,0.731,0.564,56.1,4.3,117.7,1
36.1,256.5,1.393,1.0,55.8,7.6,211.9,3
4.7,10.3,0.148,0.203,50.3,20.2,215.7,0
24.7,136.0,1.011,0.706,49.3,7.7,43.5,3
2.3,78.7,0.572,0.457,43.6,13.1,58.5,0
30.1,75.1,0.697,0.608,65.6,3.5,62.4,1
49.0,59.6,0.591,0.434,46.4,21.8,215.6,0
4.9,27.0,0.373,0.24,52.6,49.9,103.2,0
5.6,24.4,0.445,0.111,52.4,4.5,139.9,0
47.7,77.1,0.688,0.459,59.3,7.6,57.9,1
18.7,79.2,0.641,0.433,60.3,10.3,146.5,0
42.1,137.4,0.941,0.653,55.8,4.5,24.6,2
13.3,149.9,0.68,0.841,59.3,5.3,231.8,1
14.5,36.7,0.468,0.328,70.2,19.3,57.0,0
18.2,57.0,0.49,0.248,53.7,12.3,60.6,0
74.6,87.9,0.878,0.574,47.7,15.1,119.4,2
39.1,118.4,0.703,0.493,57.1,4.0,116.4,1
7.2,54.8,0.666,0.453,51.2,3.7,37.5,1
21.6,48.4,0.517,0.323,58.7,8.9,67.2,0
12.2,17.3,0.425,0.254,38.0,27.1,66.1,0
9.6,48.9,0.369,0.366,56.1,8.0,106.1,0
29.3,72.5,0.627,0.445,53.3,14.8,53.4,0
23.7,26.8,0.355,0.302,62.2,7.6,120.0,0
5.0,12.6,0.543,0.236,48.7,11.5,72.1,0
18.2,56.7,0.463,0.566,61.9,36.1,130.6,0
9.2,136.8,0.932,0.726,41.4,15.4,161.9,2
27.5,113.6,0.929,0.639,56.5,10.6,55.7,2
8.7,36.3,0.571,0.256,45.6,18.2,56.7,0
14.6,38.2,0.378,0.361,50.4,18.1,148.0,0
10.0,25.7,0.535,0.187,75.4,16.6,146.3,0
18.0,32.0,0.594,0.407,47.3,8.5,144.5,0
73.6,99.0,0.864,0.427,60.8,6.5,64.0,2
18.9,176.4,1.014,0.783,45.9,11.1,85.8,3
34.6,58.0,0.533,0.257,55.1,6.4,41.3,0
7.9,41.2,0.525,0.376,52.1,4.6,65.7,0
8.2,16.5,0.402,0.205,47.4,13.5,37.6,0
16.9,71.8,0.598,0.518,67.3,11.9,138.8,0
73.1,105.8,0.745,0.499,72.9,21.4,51.4,2
5.3,27.4,0.367,0.333,45.3,16.2,159.7,0
0.5,11.6,0.397,0.277,58.6,17.4,153.3,0
46.7,61.5,0.707,0.436,55.6,47.6,59.2,1
36.6,57.2,0.522,0.403,48.0,9.5,126.1,0
10.7,32.6,0.433,0.318,48.0,15.8,78.5,0
97.9,108.9,0.743,0.517,57.6,17.8,124.8,2
101.4,131.3,0.926,0.588,75.8,7.0,106.9,3
0.8,41.0,0.447,0.387,45.1,10.1,54.1,0
7.7,71.1,0.627,0.42,63.5,4.6,128.6,0
16.8,139.0,0.749,0.755,55.8,20.7,223.2,1
26.8,29.7,0.376,0.434,53.1,8.6,57.7,0
22.9,68.7,0.698,0.403,51.6,6.9,52.2,1
17.9,42.5,0.474,0.29,68.9,26.7,52.6,0
4.2,5.8,0.155,0.173,52.7,14.3,228.4,0
30.2,47.2,0.568,0.365,52.8,17.9,146.0,0
31.9,89.8,0.773,0.581,63.9,14.8,53.4,1
43.8,95.5,0.658,0.545,63.7,6.8,217.1,0
3.3,40.1,0.407,0.521,44.6,3.4,118.1,0
13.9,29.2,0.486,0.33,54.3,17.0,48.3,0
10.0,108.1,0.762,0.666,39.1,24.5,154.4,1
3.2,12.6,0.281,0.225,52.2,9.3,219.0,0
13.7,36.1,0.427,0.41,56.7,25.2,155.1,0
4.5,31.2,0.391,0.282,56.3,9.5,48.3,0
2.3,32.8,0.398,0.248,44.4,8.0,50.1,0
37.1,217.2,1.26,1.0,52.0,14.3,53.0,3
10.6,125.1,0.7,0.656,55.7,6.0,152.6,1
7.2,57.5,0.421,0.423,63.2,18.8,118.2,0
53.8,86.8,0.705,0.602,61.3,28.1,123.2,1
32.8,65.4,0.728,0.444,52.8,6.3,39.6,1
26.9,88.6,0.431,0.507,64.1,8.9,223.1,0
26.8,110.5,0.779,0.557,57.3,26.7,48.6,2
13.0,22.1,0.424,0.361,55.5,7.0,83.9,0
12.5,135.5,0.887,0.671,60.4,6.7,224.6,1
1.3,49.4,0.679,0.366,51.4,31.9,47.2,0
97.0,115.8,0.913,0.651,60.1,41.1,68.6,3
13.6,42.5,0.624,0.369,52.9,14.1,149.3,0
25.5,75.9,0.705,0.563,65.0,13.9,52.2,1
14.5,67.1,0.695,0.432,69.5,37.8,32.6,1
7.3,18.6,0.29,0.375,43.4,26.7,66.8,0
39.8,71.2,0.643,0.431,71.5,39.8,160.5,1
20.9,61.0,0.662,0.448,52.4,8.2,74.1,0
13.8,98.5,0.668,0.542,54.4,9.4,68.4,1
25.2,33.0,0.236,0.495,69.6,3.0,75.0,0
16.1,50.7,0.564,0.343,51.3,2.9,40.4,0
77.9,95.6,0.807,0.524,62.3,6.3,59.2,2
38.5,88.0,0.8,0.529,53.0,10.8,147.0,2
29.5,202.9,1.145,0.936,57.0,6.9,69.5,3
1.7,78.5,0.475,0.51,54.8,13.3,216.5,0
30.5,83.8,0.597,0.613,51.4,8.2,57.1,0
29.8,96.3,0.604,0.564,68.4,30.9,212.5,0
4.6,112.8,1.008,0.63,46.8,5.3,81.6,2
1.6,72.9,0.462,0.44,56.2,1.6,67.0,0
37.1,167.3,0.845,0.778,58.1,5.0,222.2,2
41.5,79.3,0.703,0.494,68.6,28.8,46.1,1
8.3,56.0,0.727,0.396,46.9,5.5,58.0,0
7.8,99.8,0.765,0.669,57.8,19.7,116.2,1
20.5,187.6,1.21,0.815,74.7,14.0,143.8,3
10.6,32.9,0.431,0.437,42.2,24.6,42.1,0
1.5,89.6,0.456,0.511,45.0,31.7,223.0,0
4.6,25.5,0.377,0.291,69.4,14.1,54.4,0
24.6,68.9,0.618,0.349,54.9,15.4,59.8,0
5.0,11.0,0.371,0.273,53.7,1.1,34.3,0
43.4,64.5,0.632,0.341,56.3,14.3,42.1,1
29.3,71.7,0.694,0.489,69.9,9.2,71.7,1
25.6,81.4,0.607,0.518,43.2,18.9,79.2,1
20.1,73.2,0.572,0.432,65.1,20.4,33.1,0
6.9,86.1,0.467,0.325,41.3,3.9,222.4,0
33.3,57.7,0.617,0.596,44.8,11.7,54.2,1
6.6,38.5,0.501,0.233,44.4,28.4,27.4,0
45.6,79.0,0.752,0.508,58.3,21.7,145.6,1
67.9,94.1,0.952,0.476,57.2,18.5,45.2,3
20.8,34.4,0.33,0.407,49.1,17.8,126.0,0
60.4,98.5,0.776,0.525,54.2,3.7,120.6,1
4.7,73.7,0.548,0.396,45.5,11.8,144.6,0
29.6,76.5,0.476,0.528,49.3,8.0,150.5,0
17.4,40.5,0.355,0.221,56.7,32.4,219.5,0
37.7,76.4,0.84,0.437,52.9,47.0,29.9,2
0.4,22.1,0.338,0.327,30.7,6.6,57.9,0
35.6,92.6,0.673,0.672,57.4,36.2,62.6,2
7.8,78.8,0.643,0.396,59.2,18.9,53.7,0
18.4,90.7,0.799,0.474,52.7,1.6,49.9,1
95.6,124.4,0.949,0.69,57.2,33.3,57.9,3
30.6,52.7,0.484,0.203,62.9,25.4,222.8,0
26.8,106.1,0.482,0.71,45.3,12.9,227.7,0
24.7,51.4,0.567,0.288,53.4,19.8,126.6,0
50.0,88.2,0.774,0.48,59.8,22.6,52.8,2
38.9,85.3,0.799,0.532,66.9,33.3,62.7,2
25.0,60.3,0.392,0.417,60.6,33.1,115.0,0
22.0,85.9,0.619,0.424,57.4,9.3,142.8,1
20.5,27.6,0.539,0.441,62.7,7.0,53.3,0
16.4,69.1,0.567,0.214,45.4,7.3,59.2,0
3.2,19.1,0.295,0.152,65.2,6.0,218.2,0
30.0,53.9,0.444,0.33,32.3,10.1,216.4,0
8.9,50.4,0.496,0.289,64.8,9.3,51.9,0
14.3,19.2,0.504,0.363,47.6,6.1,66.7,0
41.3,71.6,0.554,0.306,61.7,12.2,34.6,0
16.8,42.5,0.513,0.483,66.3,29.2,38.8,0
15.4,47.3,0.511,0.337,59.0,12.9,117.9,0
20.8,45.1,0.61,0.231,58.3,4.6,55.4,0
12.3,50.6,0.545,0.186,60.9,7.5,19.9,0
94.0,114.8,1.026,0.602,55.2,42.0,49.6,3
83.6,117.7,0.928,0.57,54.7,31.6,52.4,3
81.8,123.2,0.902,0.675,67.3,9.5,155.0,2
24.8,106.3,0.779,0.548,54.4,32.8,84.4,2
8.2,104.1,0.813,0.666,50.8,21.0,53.3,1
42.4,50.3,0.633,0.361,68.7,37.2,52.0,1
12.4,98.9,0.64,0.522,63.2,2.9,52.2,1
45.8,59.4,0.596,0.496,52.0,9.4,137.4,0
7.7,42.1,0.507,0.362,56.8,21.9,110.8,0
26.6,32.0,0.554,0.373,43.7,17.6,151.1,0
51.7,54.0,0.517,0.491,47.6,35.5,63.4,0
13.2,179.1,1.132,0.842,47.0,25.0,42.5,3
13.2,48.4,0.492,0.37,53.7,2.7,61.2,0
1.9,30.5,0.349,0.373,47.1,18.2,224.9,0
8.0,53.8,0.447,0.166,56.9,25.9,51.0,0
24.3,53.5,0.51,0.377,55.8,5.7,147.5,0
28.1,98.4,0.689,0.538,65.4,14.7,222.6,0
32.3,75.8,0.525,0.505,61.5,6.8,156.4,0
12.4,73.8,0.749,0.392,45.7,16.3,79.1,1
2.4,18.5,0.24,0.35,59.6,10.1,63.3,0
23.1,29.6,0.455,0.227,48.8,13.1,150.7,0
1.3,78.0,0.421,0.439,55.5,25.5,44.4,0
3.9,51.3,0.463,0.318,48.7,8.3,119.6,0
38.3,48.0,0.61,0.475,68.7,11.0,53.4,1
9.3,19.2,0.455,0.066,59.3,10.1,67.7,0
60.9,100.0,0.813,0.725,56.2,17.5,51.8,2
33.1,90.5,0.73,0.661,54.2,9.9,29.0,1
13.3,26.8,0.389,0.232,80.3,6.7,219.8,0
44.0,107.7,0.872,0.687,49.0,24.0,120.8,1
14.6,95.7,0.839,0.56,48.6,9.8,77.9,2
36.3,74.5,0.566,0.615,52.4,12.8,40.9,0
7.5,42.9,0.42,0.431,43.9,19.5,150.5,0
46.3,55.0,0.314,0.589,51.0,9.7,215.7,0
1.6,17.8,0.201,0.108,51.4,3.5,149.1,0
3.9,35.4,0.397,0.333,56.4,31.2,50.1,0
5.0,53.6,0.618,0.231,40.1,16.4,48.1,0
8.6,50.0,0.485,0.326,49.4,12.3,51.6,0
25.2,28.2,0.45,0.491,49.6,14.0,30.9,0
17.9,30.5,0.477,0.339,45.5,36.3,70.7,0
36.7,80.4,0.635,0.578,65.8,21.1,62.1,1
52.4,102.0,0.636,0.618,54.3,3.2,54.7,1
1.2,25.1,0.245,0.317,41.2,11.8,218.0,0
58.0,117.3,0.874,0.584,68.3,15.7,60.6,2
14.3,72.9,0.673,0.397,64.3,12.7,57.6,0
7.1,164.8,0.925,0.764,55.0,2.0,159.9,2
0.6,36.2,0.499,0.073,44.6,4.3,50.9,0
33.5,56.4,0.644,0.39,55.1,3.9,109.3,0
31.5,45.1,0.547,0.375,51.8,40.8,216.1,0
4.0,11.3,0.27,0.168,52.3,12.3,225.5,0
4.7,61.3,0.456,0.404,58.5,13.9,71.2,0
39.3,90.8,0.63,0.576,58.1,12.2,63.7,1
26.4,35.0,0.391,0.394,56.2,6.7,50.3,0
12.7,69.6,0.515,0.34,49.9,6.7,60.9,0
29.1,69.2,0.544,0.375,62.0,40.8,230.7,0
23.9,50.3,0.667,0.441,58.8,11.7,148.1,0
5.5,56.6,0.557,0.451,38.2,7.6,74.8,0
42.0,166.1,1.061,0.94,44.5,26.6,53.4,3
34.9,50.4,0.661,0.491,54.9,10.9,48.7,1
18.3,58.5,0.501,0.622,62.7,4.5,58.0,0
39.3,93.8,0.857,0.514,67.6,7.2,50.1,2
88.9,89.9,0.931,0.668,72.3,28.8,20.0,3
4.6,17.5,0.356,0.165,51.5,7.9,110.0,0
13.4,19.2,0.559,0.469,65.9,15.3,112.2,0
14.2,137.7,1.007,0.75,48.5,11.1,49.5,2
38.5,64.8,0.606,0.478,55.4,22.2,113.5,1
8.5,52.7,0.53,0.472,42.0,9.7,47.4,0
36.5,52.0,0.543,0.258,55.1,7.9,50.9,0
9.8,11.2,0.356,0.126,46.7,5.6,52.4,0
3.8,31.3,0.435,0.311,64.9,21.8,48.0,0
19.5,34.6,0.412,0.344,65.8,8.3,119.6,0
9.6,58.2,0.557,0.591,54.0,14.5,31.9,0
21.6,86.1,0.589,0.426,59.2,28.2,60.0,1
27.2,35.9,0.442,0.457,51.5,13.3,62.3,0
1.4,18.4,0.228,0.227,31.9,15.9,72.7,0
11.0,28.9,0.487,0.266,47.7,8.0,42.4,0
19.5,83.3,0.681,0.486,61.1,10.2,72.3,0
39.4,75.7,0.618,0.444,61.8,29.6,147.3,0
35.1,44.2,0.618,0.394,54.5,21.8,66.2,0
6.2,87.2,0.505,0.48,58.9,10.4,215.9,0
15.0,30.3,0.386,0.17,50.6,12.8,62.9,0
28.6,48.9,0.377,0.344,47.4,11.2,128.7,0
13.8,25.8,0.533,0.32,60.1,19.1,43.0,0
7.1,45.9,0.507,0.23,48.2,7.4,146.0,0
17.1,40.9,0.62,0.39,63.0,19.2,58.4,0
26.0,126.6,0.92,0.773,40.2,35.8,219.9,2
5.4,42.1,0.411,0.475,48.3,13.4,119.9,0
31.7,44.6,0.439,0.382,61.8,5.4,117.8,0
20.7,53.9,0.408,0.225,59.3,11.8,42.5,0
32.8,144.6,0.845,0.794,55.5,34.2,85.7,2
16.7,24.5,0.366,0.361,57.0,12.9,116.8,0
78.1,129.2,0.73,0.614,65.6,8.6,146.3,2
25.5,120.6,0.749,0.637,44.2,11.6,63.0,1
36.4,57.2,0.579,0.443,54.9,30.9,79.1,0
31.6,44.0,0.62,0.51,58.9,8.7,53.5,0
14.7,121.3,0.763,0.624,58.4,30.2,69.6,2
23.3,54.4,0.576,0.47,55.2,10.9,63.1,0
8.7,41.0,0.672,0.366,49.0,51.0,30.3,1
73.5,94.6,0.563,0.562,53.1,11.4,208.6,1
28.4,50.5,0.65,0.494,62.6,7.1,68.4,0
6.6,8.8,0.39,0.139,58.2,1.1,46.3,0
60.0,110.4,0.882,0.625,69.5,14.0,212.9,2
15.6,21.5,0.473,0.265,45.9,10.3,108.5,0
41.2,113.5,0.748,0.481,59.6,34.4,118.4,1
1.4,11.2,0.251,0.334,46.7,22.1,224.7,0
50.9,86.0,0.613,0.585,60.5,31.1,56.5,1
27.3,44.9,0.483,0.356,79.6,25.7,63.4,0
5.9,27.0,0.415,0.26,60.2,11.7,77.7,0
26.8,52.4,0.532,0.381,50.2,106.4,156.9,0
67.4,111.2,0.884,0.672,60.8,14.0,163.0,2
9.1,113.3,0.869,0.62,50.6,16.3,165.7,1
8.9,29.5,0.362,0.233,54.4,39.9,122.4,0
14.5,16.0,0.512,0.195,42.1,23.3,29.2,0
19.3,106.5,0.801,0.588,57.7,14.1,61.4,2
43.7,100.8,0.671,0.484,42.0,20.1,67.4,1
28.8,38.2,0.497,0.357,43.2,8.5,52.6,0
14.5,21.8,0.366,0.193,70.3,9.5,158.7,0
24.3,69.9,0.559,0.363,53.0,17.0,57.0,0
76.9,115.7,0.76,0.912,75.7,8.6,151.4,2
33.7,158.5,0.83,0.964,50.9,8.2,215.2,2
16.3,67.1,0.563,0.451,37.8,2.7,53.1,0
14.0,30.4,0.382,0.374,45.8,12.4,43.3,0
22.9,35.5,0.557,0.408,77.2,14.2,125.8,0
43.2,77.3,0.422,0.47,47.6,27.2,145.8,0
7.5,10.0,0.359,0.244,67.4,6.0,67.7,0
38.1,42.4,0.598,0.32,60.9,10.7,41.6,0
15.9,23.9,0.342,0.385,55.5,21.5,54.6,0
18.6,34.5,0.357,0.427,49.0,24.3,221.5,0
130.2,160.8,1.15,0.939,65.6,29.1,65.1,3
34.6,88.4,0.718,0.544,62.1,7.8,62.1,2
9.9,101.3,0.802,0.765,64.1,2.8,58.9,2
27.2,105.0,0.796,0.577,57.9,14.2,127.6,2
45.2,113.4,0.795,0.8,65.1,13.7,58.6,2
35.0,55.2,0.419,0.351,54.2,15.3,115.2,0
0.3,13.3,0.279,0.114,69.4,15.3,213.2,0
43.8,88.6,0.644,0.703,60.9,19.4,125.6,1
51.9,99.2,0.658,0.621,76.6,20.0,217.4,1
32.3,41.4,0.493,0.386,49.4,10.6,148.0,0
0.6,26.0,0.313,0.247,51.7,10.2,156.3,0
5.9,17.6,0.42,0.172,61.5,8.1,44.3,0
18.9,23.0,0.653,0.201,56.2,22.0,59.5,0
1.9,43.7,0.554,0.361,56.4,4.8,51.2,0
32.8,99.9,0.839,0.551,49.4,39.3,150.0,1
14.8,130.8,0.925,0.508,51.1,12.4,49.3,2
12.1,39.5,0.398,0.484,46.9,12.1,217.9,0
21.5,24.5,0.451,0.236,54.8,11.0,115.9,0
23.3,155.4,1.039,0.889,54.2,22.8,50.5,3
24.3,165.5,1.077,0.753,51.7,13.7,117.5,3
16.1,259.5,1.418,1.0,59.6,9.0,66.2,3
14.5,189.3,1.006,0.996,45.8,21.6,51.3,3
30.5,70.1,0.416,0.525,39.7,8.5,217.8,0
26.8,58.8,0.573,0.382,51.7,23.3,157.7,0
12.6,74.0,0.495,0.51,71.2,3.7,118.1,0
9.6,15.1,0.446,0.299,57.6,29.2,51.2,0
26.7,41.7,0.63,0.327,49.5,8.1,74.2,0
40.7,68.5,0.629,0.343,62.1,6.1,66.8,1
88.1,168.3,1.247,0.771,65.0,13.9,75.8,3
5.6,88.7,0.701,0.487,56.0,8.7,65.5,1
0.8,30.2,0.423,0.298,59.2,15.5,72.6,0
61.3,67.7,0.65,0.584,63.4,6.9,124.5,1
5.4,71.6,0.538,0.537,53.8,15.3,53.4,0
11.8,17.6,0.32,0.174,65.8,10.0,37.3,0
64.4,82.4,0.615,0.662,66.6,15.7,37.8,1
106.9,146.2,0.927,0.735,70.7,10.0,214.4,3
11.2,16.0,0.481,0.302,54.1,12.4,220.4,0
0.6,14.5,0.189,0.151,47.6,6.9,123.7,0
51.7,126.4,0.821,0.626,50.3,5.2,38.7,2
18.4,79.8,0.579,0.58,60.3,19.3,81.5,1
22.9,30.5,0.397,0.218,65.9,7.0,58.6,0
28.0,71.7,0.669,0.461,59.9,16.5,61.2,1
6.3,62.4,0.521,0.462,57.5,6.2,54.1,0
26.7,42.1,0.453,0.25,49.2,12.9,141.0,0
1.6,27.5,0.247,0.126,47.5,47.0,218.3,0
17.8,52.9,0.45,0.465,44.6,25.3,157.2,0
47.5,55.7,0.617,0.652,57.6,37.4,38.5,1
21.2,35.2,0.474,0.357,63.3,26.5,52.2,0
18.3,137.8,1.092,0.768,49.3,12.2,50.7,3
21.1,45.2,0.523,0.274,54.8,22.7,56.4,0
0.9,37.9,0.448,0.458,57.8,10.3,49.3,0
51.8,89.3,0.533,0.49,70.0,6.4,61.3,1
0.2,93.5,0.732,0.644,38.8,13.9,30.0,1
61.3,126.0,0.754,0.719,58.0,5.9,53.4,2
12.1,20.9,0.462,0.317,48.0,10.5,52.0,0
28.5,131.4,0.915,0.739,49.6,28.4,53.2,2
0.7,134.5,0.932,0.748,49.1,23.5,69.5,2
37.9,46.7,0.465,0.385,42.5,11.9,118.0,0
32.2,54.8,0.599,0.478,54.2,36.6,34.4,0
30.4,59.1,0.657,0.342,57.1,18.2,61.7,0
0.6,24.1,0.332,0.251,43.8,19.1,37.6,0
6.9,63.2,0.577,0.555,49.3,8.8,151.0,0
26.8,53.0,0.524,0.399,56.5,22.5,213.7,0
50.6,69.0,0.656,0.416,61.1,13.1,63.8,1
5.6,64.1,0.622,0.52,39.8,5.5,223.9,0
5.8,7.5,0.379,0.284,58.5,17.1,72.9,0
25.2,64.8,0.409,0.312,61.8,13.2,148.3,0
121.2,171.9,1.2,0.907,65.4,17.3,234.9,3
8.5,106.3,0.697,0.601,66.8,18.3,66.2,2
11.9,46.4,0.583,0.422,57.6,3.5,64.0,0
9.9,13.2,0.359,0.232,56.1,7.7,124.3,0
16.0,52.4,0.318,0.423,60.0,16.1,43.0,1
54.1,56.9,0.686,0.234,52.4,7.4,51.0,1
16.9,63.0,0.572,0.342,51.9,7.1,58.6,0
130.4,215.1,1.38,1.0,77.8,27.7,45.0,3
20.4,50.5,0.503,0.61,48.9,4.9,66.4,0
58.6,84.8,0.768,0.539,58.6,27.3,148.8,2
13.0,76.5,0.494,0.412,58.9,18.8,168.7,0
3.2,47.8,0.512,0.376,55.0,19.6,217.3,0
16.9,76.4,0.452,0.393,54.9,5.2,158.3,0
30.9,202.8,1.231,1.0,57.4,26.6,55.3,3
7.0,26.8,0.458,0.287,51.7,14.0,118.7,0
51.0,99.8,0.864,0.659,67.0,38.0,66.8,2
10.5,114.8,0.725,0.608,70.4,19.0,210.4,0
4.6,110.1,0.759,0.706,55.1,11.4,47.6,1
111.6,164.6,1.128,0.667,80.1,8.7,47.7,3
6.5,31.6,0.239,0.304,49.6,16.1,217.4,0
10.1,69.0,0.551,0.494,48.2,23.4,49.1,0
35.8,95.7,0.668,0.524,51.4,22.7,68.2,1
12.5,81.2,0.57,0.524,46.6,5.6,42.1,0
4.8,14.4,0.534,0.266,50.4,34.6,54.3,0
8.9,140.0,0.713,0.813,60.5,7.9,117.6,1
87.9,192.5,1.298,0.976,74.1,28.5,148.2,3
31.9,63.0,0.506,0.458,53.0,7.3,56.6,0
38.1,134.6,0.737,0.777,55.5,7.6,222.7,1
23.9,53.0,0.485,0.262,55.8,7.2,30.4,0
28.2,143.4,0.853,0.664,58.4,7.5,50.3,2
11.4,47.6,0.501,0.238,58.5,4.3,226.1,0
21.0,33.4,0.535,0.358,52.2,6.0,46.7,0
0.5,155.4,0.939,0.815,50.5,1.2,49.5,2
44.8,111.2,1.091,0.732,70.0,4.2,46.5,3
11.3,38.4,0.487,0.36,51.6,40.6,44.6,0
3.7,126.5,0.861,0.61,48.0,15.0,30.0,2
22.3,81.7,0.62,0.506,54.9,12.7,54.5,1
14.7,38.6,0.407,0.159,55.0,15.4,70.0,0
43.4,167.4,1.036,0.787,46.6,10.4,40.8,3
17.3,85.7,0.73,0.298,51.2,11.9,116.6,1
8.7,54.3,0.615,0.418,56.8,9.3,23.3,1
17.7,51.8,0.659,0.354,70.9,17.8,64.2,0
64.5,76.2,0.667,0.461,58.1,25.4,46.6,1
44.7,45.2,0.603,0.27,65.3,8.6,79.5,0
31.8,94.7,0.784,0.484,58.5,6.4,47.3,1
46.4,55.3,0.646,0.455,68.7,9.9,60.3,0
34.2,46.0,0.423,0.228,52.5,8.3,138.9,0
5.9,34.4,0.371,0.358,61.8,17.4,42.1,0
38.4,67.6,0.696,0.367,69.4,13.6,56.3,1
51.4,65.1,0.728,0.279,71.8,7.9,70.4,1
53.9,116.7,0.788,0.739,72.0,4.6,115.0,2
4.2,7.9,0.391,0.33,54.2,19.5,66.8,0
10.2,72.0,0.684,0.408,58.3,6.9,131.0,1
8.4,33.8,0.367,0.26,50.0,9.1,152.0,0
12.8,25.8,0.248,0.257,36.3,16.2,144.8,0
28.8,33.1,0.358,0.234,58.7,17.3,74.4,0
21.7,61.4,0.437,0.359,54.2,22.5,217.9,0
21.7,29.7,0.433,0.335,63.2,26.7,37.3,0
2.6,9.1,0.338,0.402,59.3,6.1,62.7,0
9.7,113.1,0.741,0.583,45.1,19.8,140.5,1
57.4,63.0,0.645,0.514,79.9,26.1,38.6,1
51.2,54.7,0.615,0.422,63.3,25.1,155.8,0
17.0,74.6,0.583,0.316,44.4,14.2,41.0,0
38.4,81.1,0.764,0.49,49.0,28.3,146.9,1
26.3,44.5,0.622,0.338,38.8,47.0,46.8,1
42.4,53.2,0.639,0.516,64.9,13.4,110.9,0
40.0,54.9,0.481,0.526,54.2,8.3,149.7,0
18.5,37.2,0.42,0.357,48.2,14.8,152.4,0
32.0,84.0,0.763,0.612,52.0,9.8,70.2,1
28.0,68.6,0.518,0.431,54.1,8.8,222.1,0
19.0,41.6,0.45,0.441,59.6,37.0,46.0,0
14.9,37.2,0.42,0.332,41.2,9.9,49.3,0
78.3,138.2,0.948,0.81,56.0,12.8,53.4,3
19.0,31.9,0.326,0.411,58.8,8.5,116.6,0
36.3,40.4,0.689,0.4,53.1,17.1,220.8,0
73.5,168.1,0.857,0.76,68.4,21.8,211.2,2
32.0,54.6,0.49,0.352,53.1,30.6,64.1,0
30.6,173.7,1.143,0.916,69.5,6.3,42.1,3
19.2,38.5,0.436,0.408,56.7,29.3,50.7,0
28.5,60.8,0.566,0.428,66.4,7.1,66.1,0
13.6,25.2,0.366,0.249,58.3,5.3,222.6,0
143.7,184.8,1.311,0.908,79.6,17.5,206.9,3
2.8,25.6,0.35,0.254,46.4,5.2,121.7,0
16.0,41.8,0.531,0.316,63.9,16.1,149.0,0
32.5,68.2,0.484,0.619,58.9,8.9,63.4,1
30.7,50.5,0.518,0.331,49.3,23.1,41.4,0
13.5,53.5,0.594,0.431,37.3,17.8,55.3,0
1.3,16.4,0.567,0.257,53.3,18.4,29.4,0
3.6,41.7,0.358,0.23,64.6,14.5,119.2,0
23.3,26.2,0.347,0.167,48.5,15.0,55.5,0
0.6,6.2,0.358,0.197,44.6,6.8,59.8,0
34.6,46.1,0.574,0.181,55.0,9.3,26.4,0
55.0,62.4,0.483,0.585,69.6,10.6,231.0,0
40.5,48.8,0.46,0.335,43.8,22.5,60.0,0
47.9,97.2,0.687,0.514,54.5,17.6,146.3,1
0.7,24.2,0.447,0.383,44.1,7.8,63.5,0
14.2,34.0,0.426,0.298,58.8,12.6,75.5,0
5.3,45.5,0.605,0.414,51.7,28.1,59.9,0
1.8,45.0,0.446,0.301,49.5,0.2,116.2,0
11.0,28.4,0.497,0.293,52.3,11.4,50.9,0
72.0,148.1,0.96,0.837,69.8,15.8,230.4,3
88.8,113.8,0.892,0.54,75.2,11.8,45.8,3
6.3,59.8,0.648,0.457,61.2,3.5,39.4,0
20.5,35.6,0.277,0.099,59.9,7.9,220.1,0
28.1,67.0,0.593,0.552,67.6,7.3,33.4,1
14.3,72.1,0.583,0.407,46.8,13.2,69.1,0
58.4,110.6,0.848,0.598,64.4,9.2,134.1,2
11.2,59.3,0.622,0.399,72.6,12.5,62.9,0
9.1,23.3,0.343,0.182,38.8,32.9,52.7,0
6.8,13.8,0.29,0.138,48.8,5.1,47.9,0
14.2,20.0,0.384,0.304,46.0,23.6,109.6,0
14.9,33.7,0.313,0.361,56.7,10.8,83.8,0
21.8,39.2,0.596,0.251,67.0,2.3,50.5,0
23.2,67.0,0.597,0.487,60.0,22.9,63.5,1
4.8,35.9,0.354,0.368,51.0,21.7,58.1,0
22.8,28.9,0.253,0.257,60.0,5.9,222.4,0
22.3,89.1,0.741,0.406,53.3,16.5,55.4,1
22.8,59.7,0.56,0.406,57.2,10.9,148.4,0
41.2,54.4,0.489,0.422,63.5,15.4,120.8,0
31.1,47.1,0.557,0.356,71.0,8.3,27.7,0
1.9,96.0,0.616,0.496,55.9,5.3,41.5,0
27.4,34.9,0.466,0.356,58.1,5.6,61.2,0
35.9,134.0,1.068,0.809,74.0,27.7,35.8,3
18.9,41.8,0.642,0.272,39.4,5.8,153.5,0
4.7,29.2,0.421,0.266,52.0,15.5,43.1,0
1.6,42.1,0.463,0.589,46.3,5.0,152.2,0
14.9,18.8,0.445,0.278,52.5,46.9,47.7,0
0.9,37.7,0.324,0.211,57.0,4.8,27.2,0
2.5,59.4,0.446,0.365,60.2,4.8,66.6,0
2.3,20.6,0.129,0.191,48.2,28.7,147.6,0
19.8,48.5,0.478,0.401,60.5,10.2,223.8,0
40.9,186.3,1.268,0.924,51.4,5.8,152.1,3
25.8,88.0,0.776,0.461,45.9,11.9,111.3,1
64.5,74.9,0.738,0.635,62.9,8.8,32.6,2
12.6,29.7,0.427,0.302,52.3,52.1,75.6,0
12.6,34.8,0.399,0.273,65.9,2.7,119.3,0
6.2,71.8,0.712,0.346,70.0,18.1,52.1,1
102.5,112.8,0.861,0.533,63.5,34.4,220.9,2
2.3,54.7,0.44,0.278,37.9,19.5,225.5,0
38.3,90.9,0.588,0.513,47.2,8.4,153.2,1
41.6,72.2,0.668,0.378,52.0,25.8,152.5,1
40.1,107.5,0.788,0.664,60.1,14.7,83.9,2
7.0,18.6,0.371,0.199,51.0,17.6,151.0,0
16.1,95.2,0.835,0.622,44.5,20.7,26.9,2
33.4,36.0,0.365,0.363,71.6,6.2,47.0,0
9.3,19.5,0.361,0.313,58.8,16.9,75.1,0
13.7,16.5,0.366,0.324,68.3,19.7,36.4,0
9.5,22.0,0.307,0.444,39.1,11.3,148.1,0
21.2,74.7,0.555,0.391,65.6,7.5,47.8,0
19.8,61.9,0.523,0.494,54.0,11.2,65.0,0
74.4,110.9,0.796,0.642,60.8,39.1,42.7,2
34.1,46.3,0.622,0.454,57.6,16.9,61.6,1
3.4,31.7,0.489,0.312,46.9,11.8,31.6,0
3.9,83.6,0.631,0.607,51.5,4.9,150.2,0
38.9,51.8,0.352,0.263,65.8,25.3,150.8,0
19.6,33.2,0.611,0.217,39.4,17.3,117.8,0
97.6,111.9,0.894,0.559,79.6,12.9,53.4,2
97.4,132.1,1.168,0.681,70.7,11.8,59.5,3
6.2,55.6,0.608,0.398,52.1,4.4,64.9,0
26.2,85.8,0.673,0.444,63.7,18.2,73.9,1
4.0,26.1,0.547,0.191,55.5,2.1,147.5,0
38.3,58.3,0.607,0.345,54.3,19.2,144.2,0
83.4,99.7,0.737,0.409,59.2,6.3,216.9,1
22.7,69.4,0.555,0.421,67.6,10.7,122.3,0
12.1,16.2,0.486,0.237,42.1,24.5,50.2,0
28.9,54.1,0.524,0.428,55.0,3.0,62.1,0
45.8,71.2,0.645,0.469,48.0,30.0,48.0,1
46.0,99.3,0.756,0.723,63.3,9.1,28.0,2
12.3,18.5,0.268,0.324,53.2,10.7,161.7,0
9.0,65.9,0.523,0.5,43.4,7.3,69.0,0
24.8,69.0,0.688,0.478,49.0,8.7,228.5,0
13.2,134.3,0.92,0.745,54.5,5.9,152.4,2
58.4,162.1,1.09,0.784,63.6,25.3,69.6,3
13.1,88.2,0.663,0.528,38.6,19.1,24.9,1
21.0,22.5,0.382,0.44,49.7,5.8,53.9,0
28.2,35.3,0.458,0.309,57.8,16.8,63.5,0
2.5,70.2,0.728,0.33,62.1,13.2,112.5,0
10.0,34.6,0.474,0.376,60.3,8.9,83.3,0
94.2,197.7,1.295,1.0,63.4,20.8,148.8,3
44.0,75.3,0.719,0.483,67.0,12.1,36.2,1
12.9,64.6,0.519,0.259,51.5,21.1,48.7,0
38.4,87.0,0.634,0.63,33.2,7.3,229.7,1
57.6,88.0,0.668,0.539,72.7,21.9,55.4,1
15.3,83.9,0.73,0.475,58.1,2.7,150.6,1
42.2,97.5,0.66,0.662,60.3,14.4,141.6,1
36.9,45.0,0.505,0.171,58.0,13.0,45.6,0
4.1,157.1,1.001,0.794,55.1,5.8,124.8,2
15.4,22.5,0.365,0.218,54.5,17.2,46.3,0
76.1,89.6,0.779,0.659,61.9,21.3,58.9,2
92.0,143.0,0.813,0.752,61.5,11.3,55.1,3
44.4,87.4,0.676,0.438,59.7,10.6,114.8,1
9.6,68.8,0.673,0.547,46.5,14.8,34.7,1
0.2,24.1,0.316,0.051,42.9,2.5,109.2,0
8.0,53.9,0.593,0.433,55.4,7.4,53.2,0
3.2,17.9,0.388,0.135,60.4,7.6,44.7,0
80.8,112.0,1.002,0.569,58.6,12.9,52.1,3
1.0,95.0,0.636,0.524,47.2,19.6,57.6,0
4.3,11.3,0.329,0.305,39.1,18.9,65.2,0
24.3,96.5,0.617,0.749,45.4,6.4,51.4,1
19.4,45.1,0.515,0.193,44.9,12.8,55.0,0
73.0,84.2,0.631,0.544,71.5,17.5,229.4,1
34.8,47.0,0.65,0.559,43.7,17.5,43.3,1
16.7,41.5,0.454,0.288,58.3,4.7,45.2,0
59.3,134.3,0.912,0.639,59.4,4.1,75.3,2
12.4,58.1,0.449,0.425,58.8,39.4,149.9,0
78.0,84.2,0.771,0.579,73.8,10.0,77.0,2
6.6,75.8,0.807,0.531,52.8,10.8,61.7,0
18.7,78.7,0.309,0.45,64.1,15.1,121.0,0
0.4,3.1,0.258,0.12,64.5,10.2,146.4,0
46.4,57.0,0.742,0.518,70.2,13.1,23.2,1
22.9,104.3,0.632,0.511,50.3,14.8,219.7,0
78.1,108.7,0.837,0.426,48.7,9.6,213.8,2
14.8,83.6,0.687,0.371,53.4,6.5,215.6,0
2.4,3.1,0.287,0.14,53.8,6.2,68.0,0
30.8,84.8,0.587,0.641,41.3,16.6,159.3,0
10.3,26.7,0.525,0.176,54.1,18.2,38.9,0
40.7,97.4,0.816,0.692,37.9,7.2,63.7,2
6.8,76.4,0.572,0.591,65.5,6.0,150.4,0
66.9,83.5,0.814,0.522,66.5,19.7,58.1,2
21.0,48.9,0.589,0.139,48.8,20.7,120.1,0
16.7,38.8,0.483,0.223,55.7,22.2,63.7,0
63.1,79.5,0.757,0.429,64.1,9.4,68.5,2
47.1,84.7,0.767,0.661,63.4,17.6,78.0,2
8.2,71.9,0.524,0.405,53.9,32.8,142.4,0
45.9,59.5,0.729,0.339,66.9,9.8,62.1,1
37.7,51.3,0.435,0.394,47.9,20.4,139.7,0
17.8,34.6,0.468,0.186,53.8,13.2,50.7,0
42.6,93.6,0.836,0.538,73.1,45.2,50.3,2
66.6,135.8,0.898,0.63,59.8,4.5,33.5,3
18.4,40.1,0.592,0.576,56.9,14.5,34.1,0
18.4,20.2,0.388,0.175,47.0,28.1,132.7,0
17.4,26.3,0.575,0.455,72.0,5.7,31.5,0
7.7,28.1,0.492,0.185,55.5,19.3,49.6,0
18.2,29.8,0.448,0.318,44.8,8.7,46.0,0
16.1,22.3,0.439,0.311,63.3,2.9,62.1,0
15.0,47.0,0.554,0.374,45.8,8.3,45.9,0
14.8,196.8,1.32,0.944,59.8,5.9,80.6,3
4.2,14.0,0.323,0.311,60.9,23.2,143.7,0
51.3,89.3,0.753,0.561,76.4,46.1,46.3,2
10.0,58.8,0.536,0.391,55.4,8.6,76.5,0
5.8,58.2,0.481,0.343,53.3,7.9,209.2,0
83.5,112.2,0.702,0.597,49.1,5.7,227.9,1
13.2,19.8,0.363,0.24,50.5,22.2,70.7,0
46.4,109.8,0.765,0.584,53.7,32.6,25.8,2
22.7,48.6,0.397,0.374,54.2,17.7,166.2,0
3.4,26.7,0.455,0.156,48.4,7.5,117.9,0
3.7,11.1,0.361,0.13,58.9,14.2,50.7,0
8.9,25.8,0.362,0.354,49.0,21.5,49.5,0
12.3,63.2,0.577,0.22,57.8,10.8,49.9,0
19.0,44.9,0.498,0.46,54.1,18.6,58.8,0
27.9,32.6,0.456,0.255,51.5,9.8,110.0,0
16.4,73.6,0.402,0.614,48.9,4.2,223.2,0
26.5,144.8,0.862,0.847,58.1,21.6,43.2,2
30.9,36.6,0.378,0.291,67.9,14.3,52.5,0
15.6,43.7,0.373,0.328,48.7,14.9,150.3,0
37.2,66.3,0.596,0.578,58.3,24.2,21.1,1
45.2,50.7,0.393,0.49,63.1,7.6,225.5,0
31.7,115.2,0.921,0.711,56.9,9.2,30.3,2
33.4,63.1,0.791,0.526,43.3,31.6,49.1,2
24.2,89.4,0.806,0.426,59.7,14.9,31.2,1
55.3,95.4,0.704,0.566,48.8,23.8,117.0,2
19.5,100.6,0.77,0.497,43.2,12.7,64.8,1
9.1,48.7,0.519,0.267,43.0,17.8,51.4,0
20.1,39.0,0.442,0.345,53.9,18.9,58.7,0
3.5,51.0,0.645,0.339,44.8,6.9,50.7,0
2.8,14.8,0.516,0.222,41.0,45.8,111.6,0
45.4,97.0,0.648,0.508,62.3,16.3,59.0,1
70.8,80.5,0.83,0.377,63.1,6.1,145.7,2
13.6,40.8,0.436,0.489,60.2,3.9,65.6,0
45.7,67.8,0.598,0.455,53.5,10.3,121.2,1
0.8,37.9,0.384,0.196,51.6,2.0,229.3,0
31.8,123.7,1.009,0.672,63.5,28.7,61.3,3
19.6,35.8,0.512,0.455,44.6,7.8,51.4,0
80.6,142.5,1.03,0.814,59.6,8.2,117.3,3
16.8,100.0,0.791,0.518,62.6,15.5,114.9,1
5.2,65.4,0.669,0.387,53.0,17.8,68.0,0
2.2,39.0,0.514,0.244,51.1,8.6,58.6,0
20.1,55.2,0.567,0.326,54.9,18.8,206.9,0
24.1,39.2,0.45,0.271,65.6,22.0,59.2,0
15.7,19.3,0.263,0.122,54.3,9.0,37.7,0
46.7,77.4,0.853,0.438,59.8,6.0,77.6,2
64.5,153.6,0.981,0.802,62.2,10.7,15.5,3
13.5,112.6,0.712,0.576,41.2,10.3,118.0,1
1.2,6.2,0.241,0.223,56.2,11.9,155.4,0
26.6,123.4,0.779,0.801,49.7,22.5,120.3,2
56.3,105.8,0.773,0.752,50.9,12.7,53.2,2
13.5,58.3,0.509,0.398,40.2,6.6,225.4,0
33.4,122.0,0.925,0.728,45.0,9.0,32.8,3
4.6,73.9,0.686,0.449,34.6,13.6,39.2,1
26.0,35.5,0.545,0.273,48.0,15.6,53.0,0
34.0,47.2,0.514,0.261,54.0,35.4,61.5,0
26.7,29.6,0.391,0.302,64.8,10.9,123.4,0
98.6,141.5,1.159,0.822,68.3,10.9,49.6,3
70.1,81.1,0.614,0.377,65.2,4.8,213.4,0
39.3,57.5,0.501,0.375,68.5,4.1,150.0,0
51.8,132.1,1.024,0.658,37.5,18.8,55.5,3
25.8,74.0,0.664,0.487,59.3,8.3,37.6,1
18.7,68.0,0.532,0.465,57.5,26.1,123.6,0
11.9,162.6,0.967,0.854,60.5,2.4,44.6,3
4.5,16.3,0.482,0.413,38.3,8.0,51.0,0
72.8,94.8,0.835,0.466,59.1,24.1,114.4,1
101.7,114.5,0.973,0.537,60.8,32.5,46.5,3
20.6,85.4,0.594,0.531,45.0,18.3,48.2,0
21.0,45.7,0.451,0.487,73.9,23.1,220.1,0
35.3,43.6,0.475,0.216,53.1,7.5,135.1,0
16.8,56.5,0.479,0.427,62.1,9.8,65.0,0
5.4,51.3,0.373,0.359,58.5,28.9,220.9,0
3.3,12.5,0.384,0.305,41.0,5.5,120.3,0
98.8,124.8,1.092,0.717,63.6,16.5,64.0,3
1.6,48.5,0.406,0.371,52.7,18.6,68.2,0
27.7,111.7,0.727,0.653,59.6,27.6,64.1,2
2.0,16.5,0.438,0.184,55.0,10.6,54.8,0
17.8,69.3,0.492,0.519,68.9,9.6,211.4,0
13.4,30.4,0.487,0.422,61.4,16.0,79.7,0
2.7,35.9,0.38,0.327,57.7,35.4,122.0,0
36.5,46.8,0.611,0.323,65.6,17.0,52.2,0
4.9,55.0,0.426,0.379,63.6,16.0,41.7,0
2.1,75.0,0.679,0.539,47.4,10.6,41.5,1
40.3,67.4,0.411,0.436,45.8,7.6,140.1,0
13.5,37.3,0.558,0.215,49.3,9.5,65.6,0
7.9,29.5,0.43,0.379,42.3,10.7,65.8,0
42.6,49.6,0.626,0.282,50.9,10.9,43.0,1
4.5,63.5,0.541,0.462,53.5,11.5,149.8,0
1.2,83.5,0.504,0.333,47.8,16.2,52.7,0
60.9,74.3,0.823,0.476,66.9,10.1,75.5,2
87.9,125.4,1.003,0.656,68.5,25.7,49.9,3
17.3,66.2,0.677,0.258,57.7,16.2,54.9,0
17.0,33.7,0.41,0.34,44.6,13.0,37.9,0
44.8,143.6,0.94,0.633,52.1,12.0,154.1,2
55.7,93.9,0.686,0.549,45.6,8.1,25.6,2
5.3,10.3,0.387,0.183,57.4,16.6,24.2,0
14.2,90.3,0.622,0.394,69.7,46.8,51.8,1
25.6,53.8,0.964,0.293,57.5,28.1,149.7,1
42.5,62.4,0.65,0.333,60.9,20.0,118.6,0
38.5,93.8,0.824,0.629,53.9,31.0,144.6,1
33.0,50.3,0.55,0.449,55.5,9.2,46.2,0
55.6,149.5,0.956,0.953,71.1,9.1,221.8,3
18.6,96.9,0.823,0.506,55.7,12.2,52.0,1
73.4,177.6,1.083,0.814,68.9,15.5,33.1,3
10.4,154.8,0.908,0.788,64.1,25.5,57.4,2
39.0,87.4,0.823,0.484,67.1,22.9,49.9,2
12.3,43.1,0.492,0.293,54.2,2.3,42.8,0
17.5,34.1,0.412,0.316,55.7,22.1,46.9,0
20.7,73.2,0.585,0.525,52.2,11.0,56.8,0
11.5,152.9,0.855,0.578,57.8,15.2,52.7,2
57.7,64.8,0.479,0.378,57.9,13.7,75.5,0
13.0,54.2,0.398,0.262,56.9,7.6,57.0,0
19.6,24.4,0.44,0.26,63.4,15.5,56.3,0
34.9,39.5,0.571,0.371,44.1,8.3,79.2,0
134.6,219.0,1.662,1.0,58.7,16.8,60.4,3
36.1,110.0,0.813,0.564,57.4,7.5,64.2,2
21.4,37.0,0.391,0.332,60.8,5.3,33.5,0
0.8,9.8,0.246,0.066,54.4,44.5,216.8,0
17.0,124.5,0.915,0.581,45.0,8.7,58.0,2
9.2,19.0,0.492,0.272,60.7,10.5,52.2,0
14.0,20.3,0.459,0.136,69.5,27.2,115.0,0
12.0,22.3,0.469,0.377,47.0,13.3,52.4,0
34.6,79.7,0.71,0.534,51.7,7.2,40.8,1
16.6,176.5,1.103,0.777,54.9,6.3,111.8,3
6.6,23.5,0.314,0.137,52.1,5.5,40.1,0
46.5,130.1,0.745,0.616,69.1,37.4,52.3,2
3.8,38.6,0.64,0.247,54.9,1.6,87.5,0
20.4,22.2,0.385,0.156,52.9,5.6,120.2,0
17.2,34.6,0.423,0.186,50.0,8.9,223.5,0
28.5,103.0,0.495,0.555,44.3,9.5,111.6,1
56.1,127.3,1.069,0.736,71.9,10.2,50.7,3
150.9,165.7,1.306,0.753,81.2,24.1,118.4,3
21.4,80.2,0.498,0.528,54.7,14.8,114.2,0
9.0,36.6,0.406,0.291,54.3,6.7,115.2,0
7.9,51.5,0.517,0.433,52.4,8.1,120.5,0
7.9,95.3,0.543,0.476,39.1,53.6,152.6,0
27.5,43.0,0.565,0.37,45.0,15.5,66.0,0
3.4,24.4,0.405,0.285,50.9,0.6,221.7,0
27.5,116.2,0.851,0.75,54.6,6.9,77.3,2
48.6,195.9,1.078,0.984,59.7,9.8,28.5,3
48.8,115.9,0.783,0.649,73.4,46.2,40.8,3
22.5,63.6,0.59,0.292,53.3,9.0,63.6,0
43.1,109.7,0.818,0.555,52.8,10.5,42.6,2
56.9,74.3,0.628,0.394,61.5,5.1,150.0,0
12.8,45.7,0.448,0.282,42.9,12.3,127.8,0
52.0,56.5,0.484,0.399,61.6,22.2,16.4,1
1.8,19.6,0.454,0.277,46.5,11.2,65.9,0
3.3,49.3,0.566,0.395,54.3,7.9,64.3,0
13.7,51.3,0.493,0.491,52.7,10.4,211.4,0
1.4,2.2,0.34,0.232,51.1,19.1,77.1,0
35.1,59.6,0.586,0.299,62.6,10.8,51.0,0
10.7,47.5,0.475,0.381,59.6,9.7,37.9,0
17.4,55.6,0.477,0.446,71.0,16.2,47.8,0
4.9,11.0,0.494,0.336,58.3,6.9,58.2,0
3.9,63.6,0.585,0.411,50.7,5.3,37.9,0
15.6,147.4,0.742,0.734,49.4,3.1,146.8,1
19.3,85.2,0.703,0.605,57.9,11.1,31.7,1
13.7,46.6,0.349,0.375,65.9,7.2,28.0,0
14.9,124.4,0.877,0.515,61.2,22.0,45.1,2
10.4,27.8,0.451,0.124,48.0,9.7,51.3,0
32.5,85.7,0.654,0.675,60.8,21.1,74.6,1
4.4,34.1,0.313,0.157,54.5,17.2,147.9,0
2.9,113.3,0.735,0.601,60.8,2.2,219.8,0
56.1,66.9,0.612,0.517,63.4,6.7,145.2,1
3.4,14.2,0.159,0.076,54.7,37.2,112.0,0
16.5,106.8,0.871,0.494,45.2,7.6,81.2,1
0.8,50.7,0.429,0.263,58.5,14.5,61.8,0
29.6,125.9,0.765,0.826,45.6,11.5,47.3,2
10.5,22.6,0.478,0.449,54.4,2.6,153.5,0
27.6,42.5,0.632,0.278,52.0,6.9,37.2,0
11.6,54.2,0.459,0.441,49.0,5.2,142.7,0
24.3,29.0,0.296,0.319,60.5,19.6,147.2,0
18.7,58.7,0.513,0.38,55.0,6.4,28.5,0
78.4,99.0,0.8,0.414,45.4,19.5,63.4,2
54.5,84.0,0.849,0.711,59.1,6.1,61.9,2
9.4,68.8,0.628,0.281,50.4,1.2,214.5,0
15.3,77.3,0.67,0.496,64.5,12.7,49.2,0
56.7,183.4,1.182,0.827,51.1,17.8,122.6,3
12.5,92.1,0.678,0.625,69.3,8.7,77.3,1
22.8,24.6,0.374,0.351,62.5,12.6,39.5,0
2.3,14.2,0.197,0.147,50.1,2.9,111.6,0
16.8,30.1,0.471,0.224,51.3,9.4,78.3,0
8.1,81.2,0.684,0.353,48.2,21.7,145.6,0
3.9,116.9,0.653,0.647,55.2,38.1,223.7,0
19.3,26.6,0.541,0.346,48.8,11.4,73.8,0
32.2,106.8,0.705,0.551,56.2,15.6,161.4,1
17.3,50.3,0.554,0.352,46.1,22.6,47.7,0
8.6,37.3,0.443,0.495,59.1,12.6,72.1,0
3.8,20.9,0.496,0.345,54.0,14.8,74.8,0
121.1,145.9,1.16,0.863,67.6,36.2,44.4,3
7.3,47.4,0.509,0.16,51.2,14.5,54.1,0
30.1,49.5,0.521,0.42,51.3,9.8,129.5,0
9.3,57.1,0.443,0.422,56.0,30.2,67.6,0
25.6,54.4,0.36,0.276,46.1,14.4,72.9,0
10.4,36.1,0.383,0.225,60.9,4.2,122.2,0
19.6,75.5,0.615,0.451,56.5,10.1,86.3,0
12.3,56.0,0.599,0.275,50.4,41.5,65.4,0
37.3,38.2,0.512,0.255,62.7,24.8,50.2,0
31.3,81.0,0.64,0.45,60.1,8.5,73.5,1
8.9,50.4,0.171,0.425,45.1,25.4,209.7,0
8.6,92.3,0.745,0.471,63.8,9.4,65.6,1
6.4,49.5,0.532,0.33,33.1,5.9,68.5,0
4.8,28.2,0.399,0.381,61.5,21.9,227.5,0
39.7,56.0,0.604,0.237,57.0,5.8,56.2,1
5.9,9.5,0.397,0.237,60.9,6.0,152.1,0
27.8,60.3,0.557,0.447,68.0,13.4,46.0,0
11.1,24.5,0.421,0.312,50.4,14.2,53.9,0
48.8,142.9,1.007,0.684,56.8,21.8,48.2,3
92.3,126.2,1.052,0.57,69.3,9.3,35.2,3
7.1,16.4,0.42,0.38,44.1,12.6,56.4,0
10.9,14.8,0.422,0.16,51.1,1.7,61.1,0
15.8,61.9,0.609,0.317,51.2,2.2,59.9,0
14.8,117.5,0.764,0.634,44.9,6.7,120.3,2
3.2,58.1,0.628,0.337,48.8,19.5,63.0,0
93.8,123.2,0.823,0.749,73.0,20.7,50.5,3
15.4,80.8,0.61,0.467,59.9,9.7,55.6,1
31.2,74.6,0.753,0.573,55.6,3.5,149.4,1
32.1,54.9,0.524,0.431,57.6,15.1,55.1,0
2.1,109.1,0.75,0.565,49.9,60.9,67.1,1
13.1,38.2,0.613,0.427,40.0,11.5,49.0,0
39.7,53.0,0.528,0.325,50.2,5.9,138.0,0
67.0,97.7,0.746,0.527,70.4,13.5,53.7,2
13.5,50.3,0.603,0.421,63.7,3.0,122.5,0
2.9,73.1,0.588,0.482,45.6,7.0,55.6,0
9.8,22.7,0.332,0.207,62.5,18.7,158.6,0
12.8,28.8,0.258,0.152,44.4,28.9,69.1,0
12.2,29.2,0.337,0.291,49.8,9.1,216.5,0
6.4,35.5,0.49,0.251,52.1,3.5,111.8,0
2.4,11.9,0.316,0.229,50.2,19.2,58.8,0
4.4,97.6,0.602,0.517,47.2,13.2,58.5,0
9.9,13.8,0.317,0.169,54.6,10.5,83.2,0
39.1,103.6,0.711,0.554,64.5,13.6,111.8,1
53.6,65.6,0.601,0.426,48.9,11.5,122.5,1
21.9,48.7,0.505,0.43,56.5,11.9,40.3,0
4.6,19.1,0.539,0.291,60.5,12.6,56.9,0
10.6,76.0,0.663,0.661,50.4,13.9,60.6,0
0.5,101.1,0.569,0.581,47.7,11.5,60.0,0
68.1,325.3,1.7,1.0,56.1,8.5,43.1,3
8.7,60.5,0.574,0.398,69.4,36.9,43.5,0
28.7,32.9,0.588,0.358,68.5,11.8,66.7,0
50.3,61.2,0.624,0.506,57.7,4.3,60.0,1
43.1,92.7,0.74,0.657,68.3,11.3,62.9,2
12.2,40.1,0.673,0.243,49.7,10.2,30.4,0
32.6,96.3,0.607,0.666,56.0,7.3,149.1,1
82.0,126.1,1.038,0.661,56.6,8.3,51.1,3
8.6,20.8,0.409,0.177,38.6,12.8,57.0,0
2.2,25.9,0.269,0.261,47.7,12.4,223.8,0
6.5,72.9,0.557,0.569,49.6,4.0,62.4,0
30.6,77.0,0.8,0.517,60.3,14.0,50.2,1
12.5,76.9,0.691,0.367,59.2,15.5,50.1,1
17.7,24.3,0.48,0.165,53.8,4.2,67.7,0
35.7,49.0,0.546,0.257,49.8,10.6,221.5,0
6.3,94.1,0.723,0.476,47.7,36.4,82.3,0
16.7,23.8,0.335,0.278,67.4,18.2,53.3,0
10.4,71.5,0.382,0.354,58.7,17.9,216.4,0
79.2,85.2,0.933,0.469,76.1,21.5,43.9,3
41.9,78.2,0.717,0.607,72.9,26.4,55.8,1
12.6,32.9,0.478,0.452,48.8,6.5,38.9,0
11.8,23.8,0.603,0.411,60.5,2.7,23.8,0
86.8,125.9,0.78,0.503,58.7,13.0,213.5,2
81.0,165.4,0.913,0.967,73.2,11.2,34.0,3
30.4,45.9,0.283,0.365,63.5,9.3,218.5,0
18.6,19.9,0.367,0.264,38.1,19.3,57.2,0
3.3,32.1,0.459,0.396,55.8,6.2,46.9,0
6.6,18.5,0.463,0.314,46.2,37.7,143.5,0
52.1,119.6,0.982,0.472,57.6,4.1,26.7,3
3.4,23.6,0.135,0.215,47.3,26.1,124.1,0
11.6,27.9,0.646,0.254,61.1,3.2,128.8,0
1.8,24.4,0.363,0.154,46.8,17.9,69.2,0
37.2,121.5,0.983,0.737,47.7,19.0,56.1,2
26.0,74.5,0.722,0.596,49.7,10.2,29.0,1
19.3,29.1,0.473,0.291,53.4,20.2,28.0,0
11.9,18.5,0.39,0.278,57.2,6.0,36.5,0
1.4,109.6,0.663,0.6,61.8,4.7,59.5,1
10.1,25.9,0.307,0.288,57.7,18.6,63.5,0
15.6,102.0,0.733,0.673,59.2,8.0,69.6,1
34.9,62.5,0.458,0.262,63.5,36.2,119.3,0
49.6,63.2,0.786,0.467,66.5,20.6,71.7,2
38.3,53.1,0.543,0.385,66.4,16.1,143.2,0
25.9,54.8,0.75,0.327,76.2,9.0,76.7,1
19.0,20.2,0.279,0.212,61.4,4.7,221.9,0
23.4,37.5,0.41,0.489,58.0,24.0,112.1,0
9.2,149.4,1.002,0.635,49.8,23.1,49.8,2
20.8,193.7,1.11,0.91,57.8,7.0,83.2,3
15.5,31.4,0.528,0.447,63.7,4.0,87.2,0
116.6,175.0,1.366,0.739,60.9,17.5,34.5,3
24.0,71.3,0.76,0.413,65.9,12.3,20.6,1
11.1,19.2,0.536,0.258,50.4,20.8,34.9,0
13.7,72.9,0.708,0.498,52.3,9.6,49.5,0
43.2,65.3,0.541,0.424,63.1,33.8,148.6,0
27.1,62.1,0.711,0.338,52.1,17.3,53.3,1
25.8,95.5,0.816,0.588,59.8,36.4,42.1,1
61.9,85.6,0.703,0.5,52.7,6.2,60.2,1
81.4,104.8,0.824,0.639,72.0,16.7,64.1,3
37.2,90.9,0.632,0.613,59.5,31.6,228.3,1
12.2,100.7,0.864,0.434,53.9,4.1,24.4,2
12.7,63.8,0.547,0.518,56.2,22.1,146.9,0
57.0,81.6,0.744,0.471,61.0,4.9,42.5,2
87.7,168.7,1.133,0.903,69.6,8.2,63.0,3
2.6,48.2,0.471,0.41,50.8,3.4,66.2,0
18.2,122.4,0.65,0.818,52.6,5.0,208.0,0
74.7,201.6,1.343,0.956,49.8,23.2,51.6,3
29.3,79.7,0.592,0.45,67.6,10.2,56.3,0
2.6,100.9,0.728,0.522,43.1,10.6,69.5,1
19.5,120.3,0.761,0.549,68.0,6.4,124.2,1
29.3,59.9,0.665,0.483,54.8,12.7,64.1,1
21.0,121.8,0.822,0.549,65.1,30.0,46.6,2
49.4,85.9,0.597,0.582,68.2,6.0,146.2,1
52.3,116.5,0.868,0.608,68.1,86.1,216.2,2
15.4,48.5,0.445,0.208,54.8,10.3,74.3,0
37.7,42.8,0.502,0.479,48.5,7.0,147.3,0
9.9,165.8,1.132,0.514,52.1,3.8,52.0,3
20.5,82.6,0.558,0.49,52.8,15.7,153.3,0
13.8,80.6,0.603,0.511,53.4,13.9,140.8,0
11.4,51.4,0.402,0.17,44.0,4.5,215.5,0
21.4,121.5,0.761,0.687,53.1,26.4,219.8,1
4.3,34.2,0.44,0.251,30.0,16.7,67.4,0
45.9,60.2,0.715,0.389,56.9,26.7,50.1,1
11.5,29.8,0.353,0.416,54.8,27.7,118.0,0
43.9,77.2,0.773,0.49,52.8,5.4,120.4,1
5.8,25.4,0.552,0.246,50.8,27.2,73.4,0
11.5,45.3,0.519,0.339,55.1,19.0,80.5,0
4.3,12.5,0.304,0.388,60.8,16.5,34.6,0
4.0,84.4,0.618,0.541,61.1,9.4,125.7,0
7.0,61.2,0.561,0.336,55.6,26.2,52.9,0
5.9,147.9,1.11,0.705,52.7,29.0,27.2,3
4.3,19.2,0.323,0.147,55.5,15.6,151.6,0
19.0,81.3,0.811,0.452,69.4,17.3,35.0,1
33.6,41.4,0.534,0.484,61.4,45.6,66.4,0
35.3,69.3,0.663,0.432,59.7,2.2,41.2,1
1.1,41.7,0.391,0.22,60.8,31.0,149.8,0
13.7,17.9,0.391,0.288,54.6,12.4,31.5,0
12.1,102.6,0.831,0.539,47.1,33.4,59.4,1
62.8,134.0,0.893,0.746,65.7,8.4,68.4,3
14.3,68.5,0.695,0.422,55.6,15.8,63.3,1
17.4,25.9,0.518,0.41,53.0,15.7,140.4,0
2.3,18.9,0.329,0.171,56.7,17.6,61.2,0
6.7,85.0,0.772,0.402,38.6,9.9,67.0,1
2.0,35.7,0.548,0.402,48.0,7.5,59.6,0
20.4,47.8,0.619,0.184,48.2,18.5,48.3,0
64.5,162.8,0.935,0.791,56.1,22.3,219.1,2
7.1,46.2,0.498,0.43,51.9,11.1,54.8,0
14.4,24.0,0.418,0.075,47.0,17.6,51.0,0
6.0,83.5,0.856,0.507,66.4,37.0,47.4,2
9.0,16.9,0.404,0.111,57.0,12.8,27.4,0
20.8,54.8,0.489,0.225,49.0,2.3,156.6,0
91.6,136.1,0.814,0.608,52.7,20.1,229.0,2
61.9,126.2,0.786,0.649,57.2,6.9,152.6,2
77.9,83.6,0.656,0.438,61.8,18.3,156.9,1
44.3,45.1,0.592,0.453,54.0,24.8,60.7,1
14.2,15.1,0.22,0.245,74.6,11.1,123.8,0
12.1,120.4,0.766,0.599,40.7,21.4,58.9,2
7.1,11.4,0.136,0.106,53.5,21.6,152.9,0
13.9,145.0,1.071,0.758,53.2,28.0,37.7,3
65.3,149.9,1.05,0.942,60.5,43.9,49.3,3
64.7,76.6,0.662,0.411,46.8,36.1,212.5,1
120.2,121.9,0.905,0.596,70.9,6.8,62.3,3
22.5,59.0,0.695,0.311,57.0,8.3,49.4,1
3.3,23.0,0.501,0.375,58.2,5.3,120.2,0
31.6,131.2,0.912,0.768,60.9,20.1,52.3,2
92.4,136.5,0.945,0.665,76.5,15.1,115.0,3
72.7,107.1,0.916,0.538,47.3,9.5,60.2,2
10.5,38.0,0.486,0.241,51.8,7.9,154.5,0
3.9,68.0,0.683,0.416,72.7,8.4,38.6,0
3.7,35.0,0.482,0.407,61.1,20.9,111.1,0
7.7,159.5,1.079,0.797,41.6,2.8,43.0,2
9.4,13.4,0.314,0.348,54.2,6.3,52.1,0
13.0,37.6,0.469,0.26,45.7,1.2,213.6,0
35.7,92.2,0.697,0.326,54.3,22.3,70.4,1
12.5,62.6,0.369,0.655,70.0,26.2,40.0,1
19.5,34.7,0.438,0.333,62.8,17.6,55.0,0
7.1,86.3,0.623,0.582,41.0,18.9,62.3,0
6.7,48.9,0.532,0.297,46.9,14.0,68.7,0
1.2,81.0,0.733,0.369,52.2,16.5,35.2,1
12.1,60.1,0.584,0.425,51.8,2.2,67.8,0
1.8,2.3,0.504,0.01,54.8,16.1,42.0,0
11.1,61.9,0.53,0.394,47.6,6.0,60.5,0
21.2,36.2,0.211,0.411,52.5,19.8,220.1,0
66.3,90.9,0.805,0.57,56.3,13.1,74.1,2
6.2,36.5,0.387,0.343,50.1,30.7,105.8,0
20.5,28.5,0.325,0.447,60.9,15.2,109.4,0
8.5,22.9,0.286,0.302,55.7,5.4,221.6,0
1.6,69.6,0.468,0.276,46.6,3.5,153.7,0
66.9,134.8,0.865,0.685,71.8,8.8,137.9,2
22.2,25.5,0.585,0.451,64.1,12.5,50.3,0
30.0,72.6,0.652,0.432,56.8,30.4,80.1,1
76.4,150.8,0.982,0.928,62.2,11.8,142.7,3
11.0,49.7,0.662,0.463,67.9,16.1,73.9,0
3.0,48.0,0.493,0.328,65.3,3.4,37.1,0
6.1,9.8,0.237,0.121,40.9,18.6,66.0,0
2.6,99.1,0.617,0.592,62.0,10.3,32.9,1
51.9,60.9,0.598,0.529,74.1,18.0,116.2,1
95.4,118.7,0.746,0.495,72.5,36.9,155.6,2
20.9,96.0,0.594,0.56,51.6,13.6,121.7,0
36.6,161.6,1.004,0.618,55.1,5.5,58.2,3
46.0,71.4,0.77,0.424,73.0,15.6,69.8,2
80.6,261.8,1.645,1.0,71.6,17.0,59.6,3
92.2,132.1,1.066,0.739,71.1,25.4,53.3,3
0.7,36.5,0.459,0.258,70.8,12.4,51.4,0
8.8,19.7,0.311,0.36,45.3,31.6,117.5,0
18.5,42.4,0.545,0.294,54.2,22.4,55.5,0
7.5,50.8,0.691,0.318,54.7,13.0,51.0,0
13.4,70.5,0.58,0.306,52.4,12.1,143.6,0
28.2,83.0,0.658,0.534,41.8,5.8,50.8,1
27.4,48.7,0.535,0.411,64.4,10.1,57.8,0
44.7,152.3,0.986,0.85,53.1,4.7,61.7,3
19.0,55.9,0.632,0.454,48.9,11.3,31.4,0
12.1,46.8,0.447,0.396,51.1,2.5,60.1,0
25.5,35.4,0.53,0.37,54.2,14.2,54.2,0
47.6,109.9,0.892,0.665,58.6,6.4,55.1,2
41.6,74.3,0.728,0.548,66.4,17.8,29.1,2
16.3,42.1,0.372,0.204,64.0,12.9,114.6,0
8.1,14.3,0.347,0.193,51.2,7.8,80.6,0
17.1,23.7,0.344,0.125,50.0,3.9,119.6,0
9.1,56.8,0.548,0.428,52.4,11.7,57.8,0
55.6,176.1,1.069,1.0,53.7,13.4,58.6,3
17.1,45.0,0.573,0.434,54.5,40.1,152.7,0
26.6,54.4,0.594,0.334,48.7,9.6,49.9,0
2.4,65.4,0.444,0.477,69.4,19.9,41.5,0
47.3,141.0,0.87,0.754,60.6,8.6,24.0,2
15.4,34.5,0.585,0.334,50.2,5.5,48.6,0
25.7,35.9,0.481,0.201,61.8,18.1,50.3,0
31.6,63.5,0.589,0.542,47.2,9.5,48.0,0
45.7,99.8,0.897,0.458,53.6,13.3,56.0,2
21.9,22.8,0.42,0.235,58.9,1.9,55.7,0
15.8,38.0,0.337,0.412,55.6,7.3,126.4,0
3.5,32.2,0.301,0.27,60.9,7.5,123.7,0
2.0,27.0,0.414,0.291,30.5,4.4,158.1,0
21.5,26.8,0.574,0.294,62.0,9.7,152.9,0
25.9,48.2,0.623,0.371,51.8,3.4,54.7,1
30.3,59.5,0.557,0.419,47.5,14.4,72.0,0
6.3,18.7,0.311,0.271,39.2,9.0,154.9,0
9.3,52.9,0.551,0.39,49.0,8.6,44.0,0
21.1,92.3,0.541,0.454,68.1,18.0,57.2,0
10.8,84.2,0.671,0.364,61.5,5.0,64.2,0
128.2,144.4,1.105,0.825,85.6,38.5,158.4,3
9.0,62.2,0.746,0.513,52.5,4.8,42.1,1
27.7,77.0,0.762,0.507,57.3,23.2,66.8,1
40.5,182.4,1.31,0.911,45.8,30.8,50.8,3
42.8,96.2,0.886,0.468,46.2,3.6,123.9,2
10.6,66.9,0.731,0.218,52.5,6.4,47.2,0
31.7,115.4,0.836,0.601,46.1,4.7,62.4,2
28.1,35.6,0.527,0.146,49.6,17.9,57.4,0
33.1,69.1,0.514,0.462,57.6,8.3,24.9,1
20.8,147.3,0.929,0.864,65.5,5.6,117.1,2
40.7,169.3,1.127,0.776,58.6,11.7,59.9,3
23.4,45.7,0.507,0.306,44.9,12.5,54.9,0
2.8,126.6,0.668,0.576,37.9,26.2,109.1,1
22.7,48.7,0.628,0.371,56.6,27.3,152.4,0
25.6,70.6,0.584,0.449,51.1,7.0,209.9,0
38.2,42.2,0.697,0.251,59.0,4.4,54.4,0
21.5,125.2,0.913,0.744,53.8,15.9,83.2,2
82.3,106.9,1.005,0.834,64.6,13.5,58.2,3
16.4,22.0,0.489,0.372,64.2,28.3,117.9,0
9.9,39.8,0.417,0.323,62.0,28.6,68.0,0
62.0,122.7,0.881,0.641,64.9,18.7,40.1,2
15.9,104.7,0.675,0.536,47.4,13.3,146.8,1
19.5,30.0,0.33,0.247,50.7,14.5,126.6,0
25.6,35.6,0.657,0.403,62.2,13.6,46.5,0
23.5,80.4,0.626,0.579,66.2,14.5,148.8,0
32.8,95.9,0.804,0.444,47.1,9.1,47.2,1
36.1,53.3,0.462,0.418,70.0,8.5,58.9,0
8.8,21.3,0.483,0.362,47.2,8.4,50.2,0
4.0,80.3,0.608,0.457,58.0,37.8,58.3,0
4.8,9.5,0.366,0.198,75.2,1.1,219.0,0
56.3,77.3,0.672,0.54,48.3,9.5,28.5,1
14.5,26.5,0.546,0.347,58.4,8.6,74.3,0
40.1,96.3,0.858,0.589,55.9,16.9,52.7,2
37.0,50.3,0.541,0.396,61.5,8.2,38.6,0
19.5,104.4,0.911,0.616,50.2,30.3,37.2,2
6.1,26.3,0.528,0.256,33.1,25.0,53.3,0
37.9,85.6,0.728,0.408,52.0,32.3,120.2,1
18.8,32.4,0.342,0.164,57.8,13.6,117.8,0
3.6,43.4,0.509,0.401,63.4,28.0,145.7,0
10.9,26.6,0.443,0.292,57.0,6.3,47.7,0
1.7,11.0,0.368,0.263,64.1,11.3,35.1,0
11.5,74.3,0.544,0.391,49.9,2.2,215.2,0
20.6,33.7,0.38,0.319,50.7,17.4,212.0,0
16.7,30.1,0.34,0.303,57.4,17.0,118.5,0
14.6,51.2,0.345,0.492,51.3,13.6,154.5,0
20.3,63.2,0.385,0.5,64.2,10.2,156.0,0
31.0,39.8,0.531,0.267,45.7,22.0,81.2,0
43.1,95.4,0.55,0.592,65.8,29.1,63.2,1
48.5,62.9,0.612,0.355,69.4,41.2,218.4,0
7.6,13.7,0.38,0.0,56.1,16.1,118.0,0
52.7,76.9,0.631,0.631,67.7,13.3,142.5,1
18.8,42.6,0.613,0.31,49.8,8.2,40.9,0
12.8,61.3,0.56,0.509,47.4,18.0,51.7,0
5.0,151.1,0.973,0.702,55.6,6.0,72.4,2
28.9,65.0,0.347,0.357,50.9,18.0,220.6,0
27.9,82.5,0.486,0.448,58.9,7.3,65.8,1
9.7,13.6,0.357,0.255,56.0,11.5,51.1,0
10.1,98.3,0.781,0.574,53.1,5.7,36.7,1
16.0,44.5,0.61,0.396,56.8,8.6,40.0,0
12.5,19.4,0.393,0.21,59.1,15.9,47.9,0
7.1,92.6,0.731,0.54,52.3,22.7,45.6,1
4.2,33.9,0.488,0.235,48.9,9.1,112.4,0
53.2,127.6,0.871,0.803,67.1,3.6,124.6,2
10.8,169.2,1.087,0.713,55.9,2.5,50.5,3
27.7,32.3,0.283,0.23,60.0,3.4,220.0,0
33.2,47.0,0.405,0.323,62.0,30.0,53.5,0
29.1,92.7,0.687,0.752,57.8,55.6,61.9,2
34.9,66.7,0.707,0.505,54.8,12.3,58.0,1
28.8,29.3,0.397,0.216,51.7,3.6,73.9,0
8.6,30.1,0.503,0.37,52.7,5.1,52.3,0
13.4,38.7,0.399,0.375,58.0,4.9,47.9,0
52.0,81.8,0.642,0.519,64.5,30.0,113.8,1
10.5,23.6,0.385,0.334,54.8,8.6,148.1,0
18.8,125.7,0.794,0.669,57.8,80.9,66.8,2
31.1,35.0,0.461,0.33,48.1,5.7,44.5,1
69.3,114.7,0.599,0.481,59.4,8.0,157.4,1
48.0,65.4,0.719,0.561,65.1,10.4,72.9,1
5.8,21.8,0.387,0.224,46.3,7.6,65.1,0
26.9,122.6,0.763,0.54,57.4,25.7,76.4,1
23.9,47.9,0.648,0.319,56.2,13.1,153.3,0
13.5,59.2,0.521,0.366,53.3,18.9,23.4,0
19.4,86.8,0.656,0.442,60.5,15.3,48.5,1
8.5,41.7,0.302,0.41,55.2,14.8,226.4,0
15.7,112.5,0.898,0.7,44.9,10.5,58.3,2
10.6,16.5,0.41,0.067,57.8,26.2,234.5,0
21.0,69.2,0.754,0.4,51.3,23.0,43.1,1
13.0,160.3,1.111,0.756,43.2,6.3,63.9,3
73.7,118.3,0.882,0.62,69.7,11.9,25.9,3
21.7,24.3,0.555,0.427,46.0,6.2,113.6,0
17.7,67.4,0.6,0.366,52.0,13.3,49.0,1
14.8,125.1,0.655,0.802,56.7,16.2,152.3,0
13.0,34.8,0.44,0.301,53.5,8.0,41.0,0
3.6,25.1,0.449,0.418,47.6,8.5,45.2,0
40.0,101.5,0.729,0.542,50.5,7.6,66.0,1
62.1,114.2,0.905,0.581,55.9,7.7,38.8,2
10.4,44.8,0.555,0.35,45.0,8.6,56.2,0
51.8,66.1,0.661,0.551,59.3,12.5,120.7,1
127.2,146.4,1.177,0.758,68.0,11.9,60.2,3
92.7,102.4,0.856,0.593,55.8,9.0,70.6,3
59.8,61.8,0.605,0.475,59.2,48.1,35.2,1
4.3,92.6,0.533,0.457,47.5,7.8,111.7,0
4.3,68.6,0.603,0.474,54.8,13.5,32.7,0
34.8,93.7,0.696,0.484,60.5,19.2,67.5,1
19.0,77.0,0.589,0.609,65.8,15.3,149.8,0
0.6,26.8,0.196,0.321,57.3,18.9,111.7,0
11.9,34.6,0.33,0.375,45.2,13.1,55.6,0
33.3,40.3,0.58,0.151,40.0,4.3,40.9,0
16.0,85.0,0.484,0.571,42.4,13.8,145.2,0
19.1,236.0,1.314,1.0,51.0,9.8,44.5,3
4.3,52.1,0.459,0.251,39.8,5.5,46.5,0
11.7,89.4,0.625,0.532,48.9,37.1,41.2,1
34.9,112.8,0.851,0.477,57.8,3.6,36.8,2
11.0,127.2,0.855,0.724,49.3,16.6,58.9,2
55.4,67.6,0.724,0.569,63.1,18.1,56.7,1
19.6,23.6,0.293,0.11,50.3,31.6,123.8,0
28.8,68.3,0.521,0.44,50.5,15.5,114.2,0
34.2,62.9,0.668,0.407,71.1,8.8,146.5,0
32.9,235.9,1.272,0.908,57.0,3.4,145.3,3
5.6,15.5,0.401,0.322,53.8,2.4,69.4,0
7.1,152.7,0.908,0.823,59.9,8.1,59.4,2
0.5,29.6,0.457,0.476,59.1,27.4,75.2,0
13.3,21.8,0.187,0.308,51.2,3.2,63.8,0
6.4,131.4,0.977,0.606,61.4,13.0,40.9,2
10.6,23.1,0.392,0.315,50.1,26.0,28.4,0
14.9,93.0,0.6,0.653,62.5,35.3,63.7,0
22.3,62.9,0.504,0.38,45.7,10.4,61.0,0
16.2,161.4,0.876,0.878,52.1,23.9,233.2,2
15.9,108.5,0.719,0.385,56.3,8.5,146.8,0
26.7,54.9,0.588,0.524,59.2,17.7,57.7,0
18.3,143.8,0.84,0.805,48.2,17.6,36.8,2
42.7,96.1,0.796,0.321,45.6,7.2,150.9,1
18.3,53.6,0.506,0.421,58.6,1.5,62.9,0
69.6,109.3,0.837,0.422,61.5,15.9,30.3,2
5.3,85.9,0.621,0.456,49.7,20.7,106.2,0
13.1,39.9,0.548,0.394,67.3,24.8,60.1,0
8.7,28.2,0.437,0.276,51.0,15.4,47.6,0
23.2,37.9,0.437,0.439,51.6,20.7,77.5,0
5.3,52.5,0.446,0.388,38.4,6.3,150.4,0
2.4,18.4,0.453,0.247,43.7,25.7,123.8,0
6.8,88.5,0.785,0.619,60.1,22.0,46.8,1
2.7,28.9,0.445,0.261,46.6,17.7,82.8,0
15.2,72.3,0.644,0.456,59.5,7.2,55.1,1
22.3,119.2,0.991,0.648,45.2,12.7,149.4,2
1.8,120.7,0.858,0.638,45.3,8.8,49.1,2
12.2,55.0,0.515,0.496,46.8,9.9,146.9,0
47.9,49.4,0.565,0.31,63.5,21.2,62.5,1
60.4,62.2,0.683,0.344,60.0,20.6,71.9,1
37.5,117.3,0.578,0.536,49.1,3.2,61.7,0
0.1,11.5,0.443,0.031,57.7,6.4,56.9,0
20.3,45.1,0.414,0.487,59.2,16.4,48.5,0
52.9,142.8,0.913,0.648,63.2,12.2,71.5,3
10.8,30.6,0.314,0.276,56.1,4.4,69.0,0
3.7,10.7,0.284,0.361,45.8,23.8,60.3,0
49.5,75.2,0.659,0.457,70.0,82.9,69.2,2
55.9,123.3,0.978,0.7,60.1,6.6,74.8,3
18.1,37.5,0.62,0.196,57.0,2.4,29.7,0
3.7,63.3,0.744,0.549,55.7,33.2,64.1,0
1.4,8.7,0.349,0.203,44.7,5.7,57.9,0
25.6,39.8,0.491,0.241,71.3,20.9,56.1,0
8.8,34.9,0.538,0.223,53.2,5.9,47.9,0
16.9,116.9,0.755,0.782,55.0,38.9,37.3,2
15.1,37.2,0.298,0.27,51.1,21.7,219.8,0
6.3,25.1,0.405,0.187,62.2,5.9,22.6,0
1.3,20.1,0.376,0.218,61.7,4.8,71.8,0
11.1,70.6,0.423,0.456,55.0,5.8,69.5,0
21.1,94.2,0.789,0.556,43.6,8.8,120.1,1
22.1,118.5,0.8,0.676,54.2,25.5,150.3,1
8.1,171.4,1.1,0.86,52.8,2.1,67.8,3
55.0,102.5,0.642,0.632,57.2,9.1,119.1,1
4.3,20.6,0.339,0.235,44.8,21.5,50.4,0
44.6,74.7,0.524,0.654,46.7,23.9,221.4,0
20.4,32.5,0.465,0.261,67.0,27.2,36.4,0
11.2,51.1,0.492,0.498,59.7,3.5,123.4,0
28.9,43.7,0.616,0.294,56.9,10.5,45.8,0
14.1,110.0,0.796,0.475,49.1,6.7,55.1,1
2.4,46.6,0.381,0.209,55.3,35.3,146.9,0
3.9,125.4,0.991,0.69,54.3,12.7,124.8,2
13.1,84.0,0.645,0.608,50.9,5.5,68.7,1
9.6,75.1,0.496,0.365,56.6,34.2,148.8,0
43.7,50.7,0.413,0.296,63.1,12.2,59.4,0
9.0,68.4,0.603,0.478,58.9,12.7,71.1,0
8.4,169.0,1.099,0.83,46.2,39.7,37.0,3
7.0,29.9,0.335,0.242,56.6,13.3,58.5,0
6.3,90.6,0.743,0.413,62.4,28.2,66.4,1
6.6,10.9,0.364,0.25,55.4,8.2,60.4,0
3.0,13.0,0.216,0.289,70.2,20.5,32.6,0
21.3,53.5,0.634,0.43,54.0,14.8,28.2,1
15.4,34.6,0.464,0.315,40.7,23.9,31.0,0
14.8,29.3,0.351,0.198,47.6,13.2,49.9,0
1.6,20.8,0.464,0.288,46.9,12.3,79.8,0
26.6,80.4,0.773,0.511,60.7,28.3,45.3,1
29.2,114.3,0.624,0.501,63.3,7.8,226.1,1
66.8,124.7,0.954,0.633,63.8,10.3,65.7,3
27.7,88.6,0.739,0.554,58.8,45.0,52.2,1
78.4,112.0,0.795,0.604,79.9,9.9,217.8,2
7.9,17.5,0.347,0.071,46.6,8.6,47.3,0
69.9,100.9,0.829,0.511,62.6,9.5,48.4,2
28.6,69.4,0.727,0.383,53.0,8.6,51.1,1
25.2,113.5,0.87,0.667,46.6,4.0,33.4,2
14.3,151.1,0.75,0.995,38.1,18.2,116.5,2
11.2,61.1,0.348,0.427,64.2,20.4,115.5,0
8.6,89.6,0.527,0.417,47.3,1.5,53.9,0
71.9,72.8,0.547,0.446,61.5,12.2,146.2,1
13.8,39.5,0.432,0.333,57.7,9.1,39.5,0
29.1,62.5,0.569,0.488,47.1,5.5,58.8,1
35.3,91.9,0.698,0.645,51.0,5.6,124.9,1
34.9,174.2,1.085,0.975,57.4,10.0,58.8,3
21.4,68.7,0.526,0.492,51.9,27.7,213.2,0
68.8,72.3,0.817,0.458,52.8,17.6,59.1,2
26.9,88.4,0.472,0.654,61.2,15.9,212.9,0
8.4,32.1,0.468,0.272,49.6,7.2,77.6,0
11.8,68.2,0.641,0.447,55.0,4.7,50.8,0
1.8,67.7,0.416,0.418,52.7,39.3,155.1,0
23.8,26.8,0.51,0.091,63.6,27.0,40.6,0
31.4,63.1,0.664,0.537,59.8,26.2,34.6,1
34.0,66.9,0.579,0.498,50.5,16.3,147.2,0
28.6,75.3,0.353,0.256,65.9,24.3,212.7,0
14.4,30.3,0.53,0.387,50.5,19.4,70.9,0
17.5,28.6,0.462,0.263,48.3,5.7,71.4,0
17.6,155.1,0.986,0.866,47.1,40.9,110.1,2
43.9,86.4,0.385,0.519,40.3,25.3,131.4,1
0.7,13.4,0.216,0.109,47.2,10.1,215.6,0
10.3,30.1,0.336,0.298,56.8,4.1,22.3,0
4.7,147.3,1.056,0.666,41.9,4.1,38.0,2
92.9,195.2,1.073,0.821,80.5,19.3,220.9,3
51.7,69.2,0.806,0.524,42.4,13.3,61.3,2
10.8,20.7,0.492,0.295,47.5,7.7,56.0,0
2.5,13.3,0.383,0.366,40.5,14.4,55.1,0
3.9,97.7,0.82,0.52,60.0,11.9,58.3,1
43.4,65.5,0.559,0.345,64.2,11.8,59.9,0
1.7,6.9,0.263,0.264,50.1,4.2,60.0,0
17.8,38.3,0.591,0.252,43.5,12.5,28.6,0
37.3,83.6,0.632,0.473,48.4,31.2,50.6,1
3.3,34.5,0.232,0.36,54.5,3.9,224.6,0
17.6,121.4,0.812,0.636,49.4,28.8,55.1,2
11.1,57.9,0.451,0.359,49.3,29.4,111.4,0
9.4,62.2,0.757,0.293,52.9,14.1,38.7,1
7.6,84.5,0.703,0.589,49.9,14.0,116.1,1
40.1,113.7,0.801,0.584,44.4,14.5,42.3,2
61.4,81.8,0.623,0.55,51.2,18.9,107.1,1
13.2,23.2,0.444,0.313,43.7,9.2,69.0,0
25.3,68.8,0.696,0.543,50.2,19.5,126.7,1
18.1,56.1,0.558,0.375,55.6,2.3,114.6,0
1.0,48.1,0.41,0.334,52.5,48.6,72.7,0
12.6,63.4,0.429,0.324,63.5,21.4,107.3,0
0.6,130.1,0.715,0.632,40.8,14.4,224.6,0
10.0,36.7,0.49,0.352,56.0,20.8,73.8,0
17.1,69.7,0.593,0.375,48.4,13.4,35.7,0
34.6,44.6,0.642,0.38,73.3,20.9,46.2,1
23.2,37.7,0.547,0.457,54.9,13.7,52.7,0
41.0,76.9,0.709,0.436,54.1,10.8,61.3,1
6.1,18.2,0.427,0.132,55.2,17.1,67.5,0
55.0,117.5,0.721,0.595,62.4,17.3,120.0,1
61.5,116.1,0.853,0.499,58.8,21.0,41.1,3
1.5,19.2,0.263,0.374,57.0,7.7,103.8,0
16.7,45.4,0.452,0.362,66.8,2.9,226.0,0
9.1,103.7,0.659,0.513,60.8,14.3,58.3,1
10.9,53.9,0.457,0.337,52.6,20.5,216.9,0
23.0,213.7,1.122,0.895,69.9,41.0,221.6,3
42.5,71.2,0.721,0.545,62.7,18.6,60.6,1
5.6,37.8,0.304,0.491,44.1,5.8,152.8,0
48.9,84.8,0.673,0.372,60.3,29.4,230.4,1
7.4,11.6,0.209,0.319,51.4,13.4,152.5,0
103.1,133.8,0.943,0.673,64.2,32.3,55.9,3
55.4,85.0,0.723,0.621,63.4,10.2,76.6,2
8.4,75.9,0.733,0.307,38.3,11.3,71.4,0
2.6,100.3,0.655,0.586,65.2,21.1,51.6,1
8.2,34.4,0.285,0.276,58.2,23.3,81.3,0
6.8,8.3,0.163,0.271,38.4,15.9,223.2,0
30.8,72.0,0.641,0.463,61.7,19.2,20.8,1
0.5,12.5,0.428,0.23,55.6,22.5,215.9,0
1.5,46.3,0.53,0.348,64.0,12.0,62.5,0
29.9,73.6,0.541,0.604,70.6,14.7,140.6,0
6.4,22.6,0.412,0.251,68.2,39.5,27.5,0
10.1,51.7,0.569,0.457,51.4,8.1,236.0,0
37.1,42.6,0.517,0.4,62.3,5.0,59.0,0
44.2,91.5,0.635,0.612,55.2,15.5,226.5,1
53.1,126.0,0.874,0.573,68.3,15.7,67.0,3
34.3,91.2,0.769,0.594,40.2,5.9,112.5,2
13.9,34.7,0.411,0.344,44.0,13.1,75.6,0
12.6,81.0,0.741,0.385,50.5,3.8,57.4,1
11.0,72.9,0.723,0.441,53.3,7.7,54.8,1
3.3,67.7,0.636,0.647,53.8,16.6,75.2,0
5.3,112.6,0.763,0.578,63.0,3.6,57.2,1
47.3,98.7,0.649,0.526,54.4,12.2,84.8,1
7.3,17.8,0.312,0.289,42.8,1.8,150.1,0
3.4,16.2,0.28,0.194,49.4,7.9,116.0,0
50.7,102.2,0.755,0.586,55.3,29.4,35.8,2
21.6,51.8,0.53,0.339,59.9,52.3,60.3,0
73.2,98.0,0.881,0.593,75.9,14.4,44.5,3
66.8,127.3,0.883,0.664,74.2,19.2,63.9,3
3.9,12.0,0.239,0.402,61.3,4.5,50.2,0
15.5,77.0,0.469,0.48,49.9,16.0,215.2,0
4.8,33.2,0.598,0.288,51.5,30.3,62.3,0
4.7,53.2,0.576,0.477,56.1,12.6,66.9,0
10.6,19.7,0.312,0.131,47.5,25.1,63.1,0
31.6,95.1,0.874,0.698,51.6,8.7,46.7,2
31.8,115.7,0.83,0.536,60.1,3.7,34.4,2
28.2,345.3,1.7,1.0,45.6,10.5,123.7,3
13.8,59.5,0.605,0.54,63.0,7.6,43.4,1
33.4,114.8,0.89,0.574,54.1,25.2,54.9,2
3.3,15.3,0.349,0.2,56.9,23.9,219.6,0
21.9,124.6,0.996,0.65,57.2,5.2,53.2,2
17.7,23.8,0.3,0.328,64.9,17.9,207.3,0
12.9,149.0,1.068,0.663,37.0,21.2,66.5,3
22.8,64.4,0.556,0.418,65.7,9.1,51.9,0
4.9,11.9,0.226,0.198,62.7,13.5,226.1,0
29.3,54.8,0.571,0.287,58.9,20.3,71.5,0
17.2,98.0,0.829,0.463,58.9,26.3,48.0,1
1.8,32.6,0.408,0.317,57.1,13.6,64.2,0
16.8,47.2,0.676,0.371,47.5,17.0,56.0,0
9.2,83.9,0.729,0.434,53.9,20.9,155.3,0
48.3,81.7,0.724,0.501,66.8,6.5,59.7,1
3.7,101.3,0.665,0.511,38.3,1.2,25.3,1
3.9,24.1,0.458,0.39,56.4,18.7,126.5,0
25.8,29.4,0.237,0.284,56.8,15.1,125.4,0
14.5,49.7,0.603,0.47,59.3,4.4,52.3,1
13.7,53.1,0.373,0.232,44.0,20.1,222.4,0
32.6,51.9,0.686,0.409,51.3,5.3,56.0,1
11.8,59.0,0.445,0.461,42.7,13.5,55.7,0
1.4,6.2,0.237,0.191,41.0,18.8,112.7,0
11.0,59.5,0.613,0.36,60.4,24.3,50.2,0
3.1,12.9,0.313,0.216,47.8,9.3,227.2,0
5.4,12.3,0.273,0.294,47.6,22.9,112.3,0
5.6,44.0,0.468,0.24,61.6,10.4,52.4,0
45.0,51.2,0.685,0.44,56.4,7.7,39.3,1
2.1,4.1,0.406,0.224,60.1,7.2,68.0,0
41.1,95.4,0.729,0.523,50.2,10.2,70.0,1
26.9,38.2,0.393,0.307,53.5,1.7,154.0,0
26.6,85.8,0.585,0.516,49.0,21.6,51.0,1
5.1,32.4,0.482,0.454,57.2,16.1,35.5,0
36.3,74.6,0.747,0.498,56.1,9.0,56.1,1
34.2,116.0,0.795,0.541,63.3,18.4,160.5,1
28.9,80.7,0.499,0.451,57.9,5.0,232.4,0
18.3,78.7,0.824,0.38,39.4,18.2,54.2,1
21.2,79.7,0.499,0.316,53.3,20.7,26.5,0
4.0,21.4,0.494,0.158,40.4,3.2,29.3,0
34.9,84.7,0.724,0.517,60.4,23.1,71.8,1
52.0,65.1,0.713,0.545,64.8,12.8,37.1,2
98.5,148.3,0.97,0.84,73.0,15.2,126.8,3
24.2,50.3,0.549,0.269,54.9,4.2,38.0,0
53.6,85.3,0.776,0.436,47.5,26.8,50.1,2
2.5,126.9,0.779,0.584,54.1,24.4,144.3,1
24.0,80.4,0.517,0.257,59.1,34.1,56.8,0
18.2,37.1,0.606,0.308,53.4,26.9,114.9,0
14.4,19.2,0.466,0.326,55.0,14.4,53.9,0
43.1,82.6,0.667,0.475,43.8,17.2,146.6,1
32.0,37.8,0.518,0.211,57.7,2.7,61.8,0
1.6,34.2,0.563,0.236,51.4,0.9,118.8,0
33.6,108.9,0.644,0.569,47.7,12.5,227.3,0
11.3,18.9,0.311,0.322,58.0,11.1,59.5,0
21.6,76.8,0.741,0.459,51.5,6.3,47.9,1
13.7,102.1,0.696,0.63,56.0,11.9,221.1,0
3.8,62.9,0.45,0.415,56.5,6.3,108.9,0
4.3,75.0,0.674,0.49,55.3,24.6,136.1,0
2.9,53.8,0.556,0.302,41.7,12.9,61.9,0
14.9,38.6,0.403,0.267,51.3,7.6,64.1,0
41.5,55.3,0.652,0.28,75.7,26.4,45.4,1
48.5,64.9,0.647,0.484,70.9,5.9,115.7,0
17.5,156.8,0.93,0.757,61.5,43.3,141.9,2
17.8,61.2,0.562,0.092,57.0,15.0,157.0,0
11.0,106.2,0.823,0.632,45.9,11.2,55.0,1
6.2,26.3,0.501,0.369,51.7,2.6,62.7,0
8.7,75.9,0.642,0.399,50.0,12.2,61.0,0
19.2,31.9,0.451,0.346,54.4,10.9,42.2,0
8.3,36.4,0.509,0.301,41.8,18.9,25.3,0
2.1,24.8,0.515,0.085,60.0,10.7,59.5,0
17.9,145.2,0.997,0.914,33.4,4.6,57.8,3
11.3,26.7,0.306,0.264,60.7,9.9,217.5,0
74.8,135.9,0.935,0.721,71.0,9.9,160.3,3
2.4,54.5,0.648,0.333,71.0,3.6,117.7,0
14.0,22.6,0.398,0.24,52.2,27.7,205.3,0
9.4,105.4,0.739,0.6,49.3,2.3,114.8,1
49.2,154.2,1.132,0.679,60.8,27.3,55.0,3
6.9,50.4,0.378,0.526,57.6,12.6,219.2,0
32.0,69.2,0.581,0.522,56.4,21.3,211.5,0
3.6,7.1,0.512,0.254,43.1,28.8,47.6,0
32.6,39.6,0.583,0.319,61.7,8.5,50.2,0
14.9,42.3,0.553,0.274,54.4,13.5,217.1,0
3.8,16.9,0.386,0.338,44.5,7.6,32.9,0
7.6,83.0,0.618,0.554,40.2,10.3,60.5,0
32.2,38.8,0.621,0.293,76.9,20.3,57.2,1
17.6,23.3,0.228,0.172,61.5,12.2,116.7,0
6.0,62.5,0.493,0.279,57.4,12.9,219.9,0
11.8,60.8,0.671,0.417,53.0,5.5,54.1,0
18.3,59.0,0.636,0.385,60.4,11.7,46.3,0
0.4,67.8,0.397,0.548,43.6,8.1,58.8,0
9.3,27.6,0.277,0.375,55.1,12.4,114.7,0
42.4,66.1,0.636,0.438,60.7,6.7,59.4,1
49.5,97.2,0.813,0.547,51.7,9.4,88.7,2
9.2,52.5,0.583,0.278,52.6,14.7,57.8,0
32.5,47.0,0.514,0.456,53.9,19.5,118.0,0
16.2,101.8,0.841,0.566,48.5,14.1,24.4,2
37.2,46.2,0.597,0.412,53.6,11.1,53.7,0
15.3,41.0,0.49,0.444,40.8,7.4,51.4,0
32.7,42.5,0.569,0.292,65.7,3.4,77.2,0
10.9,196.6,1.074,0.862,66.2,28.2,77.9,3
1.9,40.0,0.493,0.556,44.9,23.7,120.0,0
17.5,29.7,0.278,0.348,63.7,31.3,224.8,0
11.2,34.0,0.454,0.286,53.5,30.4,144.0,0
15.3,62.4,0.643,0.532,54.4,15.5,34.9,1
35.0,109.9,0.756,0.575,47.2,50.5,118.1,1
97.4,111.1,0.996,0.637,63.1,15.0,32.7,3
63.9,173.1,1.271,0.795,66.5,16.0,55.8,3
14.6,51.4,0.442,0.376,46.5,7.5,68.3,0
6.1,63.1,0.67,0.398,47.0,3.6,44.7,0
19.5,40.6,0.563,0.268,51.1,8.9,119.9,0
13.2,63.4,0.513,0.446,30.0,8.2,153.0,0
71.2,90.6,0.859,0.471,66.0,23.3,73.2,2
79.0,103.1,0.836,0.628,69.7,17.6,60.9,2
37.8,115.1,0.864,0.595,61.0,18.4,215.7,1
4.0,58.3,0.295,0.249,60.2,15.0,77.0,0
18.1,44.8,0.652,0.408,51.3,16.0,52.4,0
26.1,99.9,0.654,0.622,70.7,8.3,71.8,1
16.6,62.3,0.592,0.622,47.9,15.3,66.2,0
16.2,18.8,0.346,0.254,52.8,21.5,35.9,0
20.9,52.8,0.599,0.399,52.8,27.7,210.8,0
139.5,215.3,1.353,1.0,75.8,30.4,150.3,3
8.7,144.8,0.868,0.829,51.5,18.8,68.3,2
96.7,107.5,0.972,0.68,66.7,18.3,118.8,3
27.8,99.7,0.832,0.592,51.0,9.9,55.1,2
25.4,62.0,0.572,0.416,52.6,16.3,59.2,0
13.7,22.2,0.228,0.341,36.3,32.0,224.3,0
10.4,20.0,0.299,0.25,60.1,10.1,60.3,0
0.5,11.9,0.471,0.11,43.9,36.2,51.0,0
6.4,11.7,0.355,0.09,49.1,15.8,129.7,0
1.0,8.5,0.358,0.186,43.7,27.6,51.9,0
0.9,38.9,0.516,0.34,56.7,7.5,48.8,0
3.0,5.5,0.162,0.423,48.1,6.9,43.4,0
52.1,66.0,0.655,0.423,40.8,6.3,20.1,1
51.9,76.3,0.621,0.478,62.5,33.7,152.8,1
6.6,20.6,0.491,0.223,47.1,15.8,49.8,0
1.7,8.2,0.148,0.267,52.1,20.5,154.0,0
9.8,45.3,0.589,0.379,60.2,13.2,80.2,0
33.2,48.2,0.722,0.308,49.4,15.3,51.6,1
43.0,73.4,0.535,0.371,58.5,5.3,38.6,0
20.7,81.5,0.672,0.457,49.1,16.7,68.5,1
24.7,42.5,0.58,0.268,63.8,23.3,32.0,0
22.3,41.2,0.579,0.318,56.2,2.6,74.6,0
2.1,10.2,0.154,0.232,52.2,8.7,55.4,0
74.4,149.5,1.086,0.71,54.0,9.8,46.2,3
20.6,56.7,0.551,0.529,61.3,19.1,59.8,0
0.2,71.5,0.526,0.559,59.1,17.4,142.0,0
26.2,107.2,0.878,0.572,50.1,21.7,228.0,1
4.7,22.3,0.376,0.179,54.0,13.2,68.6,0
46.2,113.1,0.902,0.612,64.1,4.3,38.1,2
41.8,81.3,0.64,0.481,76.4,17.1,155.2,0
31.4,50.8,0.578,0.37,60.2,4.9,71.6,0
20.4,36.5,0.505,0.285,55.3,18.2,111.7,0
56.6,91.7,0.877,0.438,59.8,6.3,25.6,2
61.7,105.1,0.776,0.587,61.1,8.1,49.5,2
4.9,6.4,0.352,0.173,58.9,25.8,53.8,0
31.1,53.6,0.558,0.362,49.9,12.5,116.2,0
8.1,49.8,0.342,0.38,60.8,11.7,111.9,0
3.9,54.8,0.416,0.385,40.3,5.0,118.0,0
61.7,91.9,0.866,0.54,67.2,26.9,57.4,3
36.1,85.7,0.678,0.474,65.3,17.4,57.0,1
22.2,38.4,0.741,0.36,62.0,15.9,45.3,1
5.6,54.2,0.635,0.324,55.1,4.5,40.6,0
63.3,106.1,0.895,0.49,65.3,16.0,47.3,3
4.6,84.5,0.739,0.425,49.5,54.2,159.5,1
3.1,116.8,0.83,0.568,43.5,6.8,118.2,1
16.7,98.2,0.717,0.442,56.7,25.9,123.9,1
33.2,59.8,0.425,0.258,57.9,2.8,147.0,0
11.1,19.9,0.424,0.302,61.2,20.6,121.4,0
20.0,33.9,0.608,0.425,54.1,17.1,47.5,0
8.0,119.3,0.766,0.689,54.6,10.5,50.5,1
9.3,46.1,0.354,0.314,55.8,16.0,43.6,0
81.6,126.0,0.827,0.51,69.6,19.9,120.9,2
15.0,86.2,0.793,0.529,62.0,16.4,145.1,1
59.8,94.6,0.771,0.399,53.9,11.7,109.2,2
0.9,92.6,0.819,0.528,57.8,7.9,63.8,1
47.0,54.5,0.609,0.318,58.1,8.3,54.6,0
6.1,59.1,0.514,0.202,58.1,3.1,58.7,0
36.9,175.9,1.291,0.99,69.7,13.0,57.6,3
6.0,103.6,0.721,0.466,36.1,23.1,43.8,0
10.2,112.4,0.766,0.58,63.3,8.1,59.7,1
3.7,10.1,0.396,0.207,51.6,4.4,49.9,0
37.6,79.8,0.635,0.445,51.2,8.0,116.4,0
43.3,74.1,0.653,0.507,55.4,14.7,222.0,0
6.3,20.2,0.436,0.191,44.8,12.9,58.6,0
1.5,44.4,0.547,0.385,56.3,5.6,36.5,0
59.1,68.0,0.569,0.47,53.2,14.3,153.3,1
7.5,57.0,0.404,0.275,62.8,10.3,56.6,0
14.1,26.7,0.373,0.304,59.8,17.8,37.9,0
4.8,52.2,0.405,0.286,54.6,29.6,151.9,0
34.2,48.8,0.529,0.263,41.2,9.1,155.5,0
35.0,60.2,0.527,0.438,47.0,8.2,74.5,0
67.8,90.6,0.666,0.492,62.2,15.8,44.7,2
48.3,78.5,0.573,0.516,59.5,16.8,112.4,1
45.3,78.6,0.704,0.517,66.8,20.0,115.4,1
15.7,38.6,0.553,0.2,31.2,3.1,53.0,0
13.5,24.6,0.367,0.341,48.1,41.6,80.0,0
33.8,118.1,0.808,0.66,64.1,10.8,70.0,1
14.7,49.3,0.57,0.317,51.6,7.5,85.6,0
49.8,93.5,0.79,0.527,56.2,6.7,55.9,2
4.4,27.3,0.435,0.354,39.8,7.9,216.0,0
30.1,220.0,1.277,0.997,65.3,4.2,27.5,3
8.8,46.3,0.454,0.548,49.5,25.4,25.9,1
3.4,91.2,0.799,0.665,61.3,10.3,39.0,1
105.9,131.5,1.005,0.696,80.7,11.8,41.9,3
17.3,72.3,0.557,0.437,65.3,22.6,66.2,0
2.2,31.3,0.535,0.284,52.1,9.7,27.7,0
7.5,84.2,0.801,0.45,49.3,6.8,51.3,1
12.2,32.7,0.468,0.317,49.5,33.7,69.2,0
29.4,39.0,0.323,0.392,72.5,9.4,221.7,0
7.5,51.1,0.606,0.255,51.5,1.8,157.4,0
14.4,95.3,0.771,0.605,62.7,12.0,36.8,1
23.0,52.9,0.598,0.467,59.5,11.4,28.7,0
27.6,47.6,0.472,0.414,53.1,8.0,119.1,0
15.6,23.0,0.469,0.257,52.5,6.6,151.3,0
80.5,162.4,0.91,0.852,74.3,16.0,228.6,2
34.6,47.8,0.453,0.481,57.8,9.8,52.0,0
32.8,55.4,0.774,0.388,53.6,10.7,28.8,1
31.6,53.7,0.403,0.389,50.6,15.5,219.5,0
50.1,82.4,0.819,0.689,62.6,11.2,48.9,2
21.4,76.0,0.782,0.5,51.3,8.1,51.7,1
4.3,154.2,0.976,0.682,57.4,18.2,55.1,2
26.3,71.6,0.468,0.534,76.6,9.4,218.5,0
29.8,37.3,0.557,0.36,60.9,8.1,66.7,0
57.3,88.0,0.882,0.46,75.6,6.3,67.9,2
3.6,49.5,0.541,0.271,46.9,5.5,65.9,0
5.2,98.1,0.553,0.579,58.3,4.2,227.6,0
18.0,102.5,0.692,0.569,64.9,4.0,216.9,0
32.5,62.1,0.479,0.307,68.2,7.5,75.6,0
2.6,39.1,0.396,0.323,62.6,14.4,35.5,0
3.8,45.3,0.473,0.34,52.7,11.1,60.5,0
40.3,77.0,0.684,0.47,65.6,10.6,74.5,1
2.8,33.5,0.285,0.353,44.3,15.6,145.9,0
5.3,121.4,0.804,0.488,65.7,7.4,122.0,1
42.7,59.1,0.664,0.307,51.2,15.6,58.8,1
32.0,104.9,0.738,0.54,67.2,19.1,118.2,1
7.6,69.9,0.416,0.568,61.6,1.9,53.1,0
28.5,58.1,0.588,0.617,64.9,12.3,79.1,0
23.4,38.6,0.655,0.329,72.3,16.0,72.6,0
14.9,49.4,0.54,0.374,62.8,14.9,113.6,0
10.8,67.3,0.547,0.219,43.1,11.9,150.3,0
27.4,36.2,0.414,0.401,61.1,8.8,141.1,0
3.2,47.4,0.516,0.403,37.4,9.5,126.9,0
27.1,69.5,0.619,0.473,55.6,27.4,118.3,0
21.2,31.3,0.539,0.188,52.0,3.0,43.2,0
22.8,36.8,0.401,0.5,60.8,7.3,45.3,0
5.0,45.2,0.454,0.491,46.2,11.2,150.6,0
58.6,63.1,0.619,0.449,55.0,6.1,56.6,1
7.7,67.2,0.625,0.528,57.2,9.3,65.1,0
9.4,35.8,0.279,0.322,62.9,18.6,77.9,0
14.2,46.6,0.497,0.433,54.3,16.8,36.7,0
32.0,67.0,0.693,0.32,75.7,12.4,40.9,1
22.1,29.8,0.535,0.09,52.8,13.4,40.6,0
1.4,36.6,0.445,0.206,57.7,0.8,73.3,0
17.1,70.7,0.444,0.379,57.5,5.1,36.8,0
18.7,34.3,0.547,0.254,52.2,7.6,35.0,0
59.8,73.5,0.815,0.503,72.1,11.4,113.3,1
12.0,154.9,0.857,0.753,46.8,19.3,122.0,2
29.3,41.4,0.491,0.337,40.1,35.7,46.2,0
51.1,72.6,0.727,0.352,59.2,11.8,114.0,1
4.6,105.0,0.84,0.469,50.7,9.2,32.9,1
36.2,40.2,0.631,0.338,66.3,12.5,51.0,0
27.2,56.0,0.675,0.347,46.4,7.1,52.2,1
11.5,64.2,0.446,0.427,58.0,28.8,67.3,0
36.6,67.1,0.538,0.487,61.1,7.0,158.2,0
4.5,7.6,0.404,0.357,55.3,5.6,45.7,0
7.9,16.7,0.365,0.242,61.6,7.4,76.7,0
14.4,16.8,0.429,0.408,54.1,31.7,55.9,0
10.9,37.8,0.464,0.362,54.2,15.3,60.1,0
32.9,78.9,0.655,0.546,60.9,12.3,42.9,1
16.6,32.0,0.401,0.398,53.8,9.4,123.2,0
9.6,32.6,0.363,0.37,42.7,10.6,40.2,0
50.4,73.3,0.637,0.39,56.8,6.8,36.7,1
31.7,119.5,0.855,0.737,55.0,2.9,47.0,2
2.0,41.7,0.418,0.307,47.8,20.0,152.3,0
9.7,44.7,0.574,0.379,51.0,4.1,27.4,0
2.6,79.3,0.622,0.497,53.8,27.6,43.1,0
43.4,49.2,0.721,0.472,56.8,17.3,70.8,1
8.4,47.6,0.645,0.399,60.2,9.7,24.8,0
29.3,47.7,0.494,0.239,63.6,15.6,74.0,0
35.7,133.2,0.934,0.881,38.7,13.5,61.3,2
8.9,86.2,0.779,0.587,42.0,10.7,71.2,1
13.7,32.1,0.416,0.254,34.9,11.6,32.4,0
23.1,47.7,0.481,0.261,53.5,21.3,40.9,0
41.2,52.4,0.714,0.467,55.9,16.5,41.7,1
109.8,177.3,1.247,0.77,70.8,15.2,118.4,3
73.9,129.6,1.026,0.751,70.6,21.5,116.0,3
16.3,42.3,0.544,0.439,54.3,30.5,39.4,0
16.1,41.8,0.48,0.282,49.8,10.4,56.7,0
67.5,87.6,0.625,0.45,62.8,9.5,110.1,1
17.4,110.1,0.824,0.561,50.8,19.5,24.4,2
8.7,36.9,0.601,0.233,41.6,10.1,24.3,0
44.1,65.0,0.741,0.451,66.7,24.9,84.0,1
24.3,86.3,0.788,0.546,59.3,5.5,76.4,1
1.9,26.0,0.446,0.346,63.9,7.6,121.6,0
12.1,81.5,0.86,0.418,44.0,36.6,61.1,1
2.7,112.6,0.54,0.689,39.5,7.4,223.0,0
82.7,98.9,0.873,0.471,57.7,27.4,52.1,2
19.9,70.2,0.55,0.525,58.4,7.0,47.4,1
12.7,28.8,0.566,0.157,60.9,18.4,83.8,0
9.6,161.9,0.892,0.944,55.8,5.5,149.8,2
17.7,54.8,0.664,0.344,56.0,19.9,35.6,1
9.4,64.8,0.509,0.483,60.3,9.2,122.2,0
4.7,5.8,0.277,0.263,49.1,7.7,214.4,0
10.1,30.0,0.424,0.181,62.1,9.4,74.3,0
61.9,67.7,0.635,0.515,77.8,14.1,139.0,1
43.2,80.2,0.741,0.439,50.4,14.7,51.2,2
10.1,124.0,0.867,0.629,51.6,4.4,148.3,1
89.7,155.0,1.085,0.716,55.2,18.0,59.0,3
16.1,68.0,0.698,0.587,46.9,3.9,49.6,1
6.4,27.6,0.527,0.181,56.2,21.3,48.1,0
25.4,33.6,0.393,0.348,42.6,15.5,144.7,0
70.5,100.9,0.965,0.512,57.0,17.7,129.2,2
59.4,116.7,0.896,0.727,69.9,21.8,153.4,2
6.9,18.1,0.316,0.459,54.9,14.9,113.2,0
3.4,68.1,0.649,0.385,58.7,30.7,55.9,0
11.3,50.3,0.628,0.386,43.5,5.7,51.0,0
29.8,43.6,0.574,0.313,57.3,5.2,76.2,0
38.1,41.9,0.563,0.435,73.2,33.1,46.0,1
52.3,57.9,0.3,0.38,55.1,17.2,87.4,0
21.0,50.3,0.359,0.455,51.5,16.8,223.8,0
21.8,104.9,0.806,0.548,60.1,5.8,110.5,1
20.2,34.2,0.386,0.514,48.0,16.2,62.3,0
46.4,138.5,0.907,0.516,65.2,12.4,218.7,2
38.7,41.8,0.616,0.375,43.8,19.5,61.0,0
6.6,40.8,0.475,0.336,33.6,11.7,53.8,0
34.4,65.4,0.375,0.427,60.0,11.8,220.3,0
43.8,90.1,0.686,0.552,51.2,13.7,53.0,2
47.0,85.3,0.805,0.513,55.0,9.1,42.9,2
24.3,45.2,0.649,0.373,62.9,9.2,47.3,0
23.0,44.0,0.328,0.386,60.7,25.1,71.1,0
16.9,88.0,0.704,0.676,44.9,16.3,59.3,1
18.9,54.9,0.391,0.142,59.2,10.5,122.9,0
78.6,79.6,0.78,0.652,62.2,19.3,39.7,2
19.6,42.7,0.504,0.575,58.5,14.7,48.1,0
7.3,32.6,0.674,0.148,53.0,8.5,37.5,0
24.8,50.0,0.509,0.376,43.9,8.0,47.1,0
37.4,100.1,0.778,0.688,52.3,9.8,220.8,2
45.2,63.0,0.629,0.505,39.9,23.8,223.8,0
4.6,46.0,0.485,0.508,54.2,9.8,56.2,0
65.6,181.0,1.19,0.909,65.7,26.8,35.7,3
36.1,119.7,0.764,0.457,52.1,9.2,220.6,1
62.5,78.5,0.677,0.599,61.1,9.2,36.7,1
2.4,39.3,0.41,0.388,44.6,10.1,33.0,0
48.6,103.2,0.771,0.709,69.8,15.6,65.2,2
4.3,11.7,0.164,0.087,42.4,11.8,208.6,0
13.0,45.3,0.405,0.245,51.6,15.0,162.0,0
37.2,65.4,0.62,0.433,47.6,16.5,54.3,1
3.7,83.8,0.678,0.622,54.5,17.2,51.1,1
9.3,50.9,0.585,0.521,61.8,5.3,32.8,0
2.3,30.4,0.415,0.231,35.8,7.0,57.0,0
36.3,94.1,0.65,0.505,63.0,13.9,116.3,1
6.4,97.3,0.757,0.813,66.1,8.5,59.9,1
18.3,18.7,0.376,0.202,56.0,10.9,232.7,0
27.3,44.4,0.485,0.411,51.0,12.3,62.2,0
24.6,142.6,0.785,0.688,55.6,10.4,167.9,1
22.4,186.2,1.038,0.939,51.2,9.2,125.6,3
22.3,36.0,0.47,0.24,71.3,6.8,61.3,0
2.6,72.6,0.657,0.384,59.1,9.5,151.7,0
13.8,27.4,0.447,0.252,61.4,8.5,148.1,0
22.1,31.6,0.472,0.252,72.8,19.3,53.5,0
19.7,48.9,0.711,0.341,65.9,16.8,55.4,1
15.7,92.7,0.678,0.584,53.5,5.5,115.6,0
7.7,33.3,0.601,0.478,53.4,28.5,23.7,0
24.0,100.1,0.829,0.512,74.7,9.2,125.9,2
28.7,110.7,0.912,0.517,50.7,5.1,63.8,2
10.9,31.0,0.447,0.3,52.4,7.8,109.5,0
45.5,65.0,0.665,0.353,51.2,5.4,46.0,1
66.8,93.1,0.786,0.391,48.1,6.9,80.2,2
18.7,52.1,0.621,0.476,47.9,50.1,66.5,1
6.8,36.5,0.412,0.328,46.2,18.0,27.8,0
3.6,40.1,0.446,0.35,47.6,4.6,66.9,0
12.8,34.4,0.607,0.139,58.9,3.1,74.1,0
17.2,25.6,0.491,0.226,54.7,10.8,60.3,0
3.3,143.0,0.987,0.603,60.6,2.3,68.5,2
12.3,29.4,0.353,0.291,55.2,10.3,26.5,0
43.4,47.0,0.523,0.373,60.4,16.0,69.3,0
19.9,81.7,0.708,0.506,52.9,15.5,55.2,1
9.2,19.8,0.4,0.196,69.1,4.8,50.8,0
17.8,74.5,0.545,0.39,51.5,13.4,35.9,0
69.8,86.0,0.854,0.494,70.5,24.5,38.6,3
16.9,177.5,1.18,0.895,45.3,9.1,43.0,3
14.4,116.8,0.799,0.577,52.4,4.9,42.4,2
34.1,61.7,0.658,0.333,73.5,9.6,104.9,1
24.4,76.3,0.857,0.393,61.4,6.0,35.7,1
20.0,63.3,0.741,0.364,44.0,59.5,50.0,1
25.2,40.8,0.497,0.296,47.8,20.0,48.3,0
54.4,114.3,0.77,0.521,73.5,18.8,56.1,2
40.9,77.1,0.717,0.436,59.3,4.6,48.8,1
13.3,54.4,0.768,0.5,51.9,9.3,48.1,1
66.7,122.5,1.061,0.625,56.4,10.9,27.3,3
10.0,40.5,0.481,0.224,51.1,6.9,66.5,0
19.9,33.3,0.617,0.105,66.5,23.9,52.6,0
22.4,74.4,0.741,0.631,50.0,43.4,79.9,1
12.6,77.0,0.384,0.579,49.2,7.1,206.8,0
60.7,125.4,1.017,0.688,66.5,4.5,64.2,3
11.8,77.7,0.657,0.583,45.6,7.3,58.1,1
15.5,61.9,0.454,0.466,47.0,22.9,148.3,0
46.4,50.4,0.591,0.367,59.5,21.0,66.1,0
10.4,176.5,1.106,0.747,53.9,11.4,42.7,3
20.6,84.6,0.58,0.677,48.8,17.0,121.0,0
4.8,27.8,0.409,0.247,56.6,8.4,67.9,0
4.0,76.2,0.596,0.439,54.4,6.4,61.2,1
0.4,9.5,0.419,0.22,36.3,5.3,48.5,0
0.6,57.5,0.532,0.406,58.3,10.5,31.7,0
0.7,26.2,0.248,0.332,47.6,6.9,76.3,0
74.2,84.0,0.727,0.545,70.3,8.2,67.6,2
0.7,10.2,0.261,0.167,68.7,12.0,56.1,0
4.6,54.2,0.425,0.391,52.2,7.7,48.8,0
15.8,70.7,0.74,0.501,49.4,23.5,41.1,1
32.7,45.1,0.607,0.294,68.3,15.3,72.5,1
35.9,61.8,0.525,0.548,51.0,36.1,68.2,1
6.8,52.1,0.432,0.379,68.2,15.1,32.1,0
19.6,39.2,0.499,0.475,51.4,10.8,38.7,0
15.3,160.8,0.88,0.673,49.4,21.0,60.7,2
18.4,68.5,0.613,0.502,73.9,32.6,31.1,0
21.1,51.7,0.564,0.299,58.3,3.2,48.3,0
27.2,108.5,0.815,0.54,69.3,21.8,79.1,1
9.0,62.8,0.615,0.503,53.2,10.9,49.3,0
11.9,57.6,0.496,0.381,53.1,15.5,51.5,0
106.0,156.9,1.099,1.0,45.6,38.7,120.4,3
9.7,75.1,0.755,0.516,61.7,11.6,44.9,1
19.9,37.7,0.307,0.262,58.3,5.2,50.4,0
15.5,18.0,0.43,0.296,53.6,3.7,59.3,0
19.1,106.0,0.669,0.566,59.8,33.6,60.7,1
47.5,83.8,0.846,0.577,59.9,16.0,74.7,2
14.5,36.0,0.564,0.292,46.8,11.9,33.0,0
3.8,17.1,0.445,0.282,55.5,30.3,66.1,0
8.8,20.2,0.29,0.275,51.9,6.3,113.9,0
14.5,54.5,0.525,0.397,60.3,6.7,144.7,0
21.8,55.0,0.6,0.485,53.2,38.2,59.6,1
6.8,89.0,0.467,0.36,49.3,5.5,66.9,0
7.9,63.9,0.54,0.434,48.9,3.9,149.7,0
22.6,87.1,0.722,0.452,48.5,37.8,118.6,1
23.4,102.2,0.639,0.452,51.6,21.0,60.6,1
41.8,83.7,0.765,0.427,62.1,12.5,71.8,1
8.7,122.0,0.733,0.593,47.4,49.5,229.9,0
29.8,46.5,0.629,0.338,47.4,8.8,123.6,0
15.5,92.9,0.683,0.568,60.8,17.8,51.4,1
10.3,12.8,0.385,0.278,52.5,16.1,61.6,0
16.0,18.8,0.395,0.215,60.7,31.5,126.3,0
18.6,27.4,0.193,0.428,53.2,6.7,57.5,0
3.1,33.9,0.42,0.277,47.9,36.8,52.2,0
3.6,5.6,0.328,0.026,38.6,45.8,75.4,0
33.8,63.5,0.409,0.393,48.4,28.7,60.5,0
11.6,34.4,0.487,0.317,46.9,7.0,120.9,0
22.0,177.2,1.049,0.567,57.8,14.3,123.0,2
32.9,38.9,0.43,0.438,56.4,17.2,215.6,0
16.2,54.6,0.529,0.381,46.4,15.9,211.5,0
30.4,85.3,0.637,0.404,34.6,4.3,114.5,0
18.7,126.1,0.827,0.579,58.7,19.6,121.5,2
19.6,82.8,0.726,0.567,62.2,15.0,112.5,1
51.0,138.6,0.981,0.793,67.9,12.6,40.4,3
14.3,57.8,0.303,0.344,46.6,11.5,220.9,0
34.2,49.0,0.566,0.246,65.7,52.0,57.6,0
2.3,7.4,0.293,0.22,56.9,27.4,139.6,0
21.2,89.3,0.799,0.552,59.9,3.4,45.4,2
62.5,84.2,0.729,0.555,57.1,13.2,49.7,2
112.1,113.6,0.854,0.566,68.9,29.5,84.1,3
2.5,26.5,0.319,0.271,67.0,27.8,74.5,0
11.5,44.5,0.634,0.353,67.3,15.4,61.5,0
4.9,103.2,0.776,0.664,52.4,4.7,44.9,1
15.0,41.1,0.629,0.458,55.9,4.8,48.4,0
39.4,72.6,0.773,0.603,40.7,20.3,115.1,1
52.6,86.3,0.692,0.629,70.0,11.1,38.5,2
54.0,130.0,0.865,0.843,66.6,7.9,49.5,3
2.1,17.4,0.274,0.338,55.1,1.0,211.1,0
18.2,66.8,0.574,0.384,50.1,4.0,212.5,0
8.5,28.1,0.327,0.426,53.9,14.1,24.8,0
14.0,110.4,0.832,0.481,66.0,10.2,51.4,2
10.0,124.5,0.886,0.872,56.5,30.2,41.6,2
2.3,40.9,0.363,0.249,73.4,3.8,78.7,0
53.0,98.7,0.709,0.64,67.0,9.1,47.4,2
6.9,33.7,0.396,0.44,45.8,7.8,220.9,0
8.7,11.4,0.549,0.265,50.1,13.2,58.2,0
62.8,96.8,0.776,0.368,56.4,10.7,68.1,1
1.6,32.7,0.478,0.22,59.1,5.9,45.7,0
26.8,50.2,0.509,0.405,65.5,16.4,43.3,0
44.5,70.8,0.659,0.509,72.8,14.5,110.7,0
58.7,107.9,0.788,0.579,58.7,23.3,64.1,2
25.1,70.9,0.615,0.459,59.8,10.6,59.2,1
34.7,61.7,0.831,0.285,67.8,27.6,66.5,1
44.4,147.9,1.007,0.908,71.5,7.5,51.5,3
15.2,17.2,0.257,0.212,44.6,19.0,57.1,0
5.6,21.8,0.473,0.335,57.9,22.0,36.4,0
66.8,134.8,0.983,0.825,53.1,4.4,213.7,3
31.4,34.9,0.566,0.21,52.2,20.2,46.1,0
18.1,20.0,0.397,0.269,44.4,11.3,60.7,0
2.5,18.5,0.286,0.276,47.4,13.1,82.3,0
26.3,57.8,0.516,0.379,44.6,30.6,40.3,1
0.1,20.6,0.38,0.343,42.6,11.2,42.1,0
17.9,57.9,0.451,0.342,47.6,5.9,206.6,0
7.3,9.6,0.271,0.222,55.6,17.9,111.0,0
10.0,24.2,0.527,0.24,53.9,10.3,59.1,0
54.6,113.9,0.949,0.827,47.6,14.1,59.4,3
7.4,56.4,0.61,0.337,75.1,10.9,147.9,0
18.9,36.4,0.423,0.387,51.1,20.7,42.4,0
7.5,44.9,0.425,0.514,42.6,15.4,47.5,0
24.0,54.8,0.585,0.308,60.5,12.7,44.8,0
20.7,52.4,0.575,0.39,55.3,15.3,86.4,0
17.9,60.9,0.584,0.325,48.4,6.1,71.3,0
44.6,164.5,1.096,0.631,62.3,20.9,56.1,3
1.6,123.5,0.972,0.585,46.9,15.4,47.5,2
0.9,4.5,0.305,0.146,49.8,31.9,53.0,0
3.4,28.9,0.5,0.245,64.3,7.2,60.1,0
20.8,29.0,0.446,0.265,56.3,8.3,153.8,0
28.2,74.4,0.609,0.467,61.4,14.9,155.1,0
27.8,54.8,0.593,0.283,52.3,12.5,143.0,0
11.9,90.3,0.641,0.559,55.1,5.6,39.7,1
68.3,101.3,0.748,0.679,56.8,7.5,58.9,2
25.9,132.9,0.937,0.811,49.6,26.3,61.6,3
61.8,187.5,0.944,0.878,58.6,9.5,218.4,3
52.2,156.1,1.083,0.861,54.8,12.0,63.5,3
11.9,12.9,0.285,0.168,62.2,4.4,37.8,0
39.6,82.0,0.847,0.465,63.0,47.8,56.4,2
11.8,35.0,0.442,0.351,35.6,7.4,40.0,0
75.5,102.5,0.983,0.544,77.9,14.0,58.4,3
13.2,81.3,0.644,0.379,59.2,3.4,59.5,0
29.5,54.4,0.547,0.464,65.9,14.4,69.2,0
87.5,122.5,1.041,0.577,64.6,42.2,46.2,3
30.7,67.7,0.653,0.393,45.0,5.8,71.8,0
10.4,12.4,0.356,0.323,43.1,13.9,71.4,0
2.8,24.0,0.338,0.321,66.1,8.2,111.7,0
1.6,84.6,0.568,0.521,39.2,11.6,150.6,0
27.7,29.1,0.695,0.16,44.9,10.0,32.9,0
16.0,70.2,0.485,0.345,51.1,4.4,34.8,0
3.5,16.0,0.267,0.277,41.5,14.4,56.1,0
35.8,58.4,0.711,0.461,62.0,22.5,55.3,1
35.3,98.9,0.837,0.583,62.5,10.1,117.3,2
15.7,24.8,0.352,0.233,57.8,25.6,50.5,0
64.1,88.8,0.618,0.476,57.3,28.3,59.6,1
1.1,49.0,0.616,0.388,54.5,20.8,69.8,0
10.9,25.3,0.32,0.164,68.0,5.3,76.0,0
30.6,36.1,0.459,0.327,45.4,18.8,55.3,0
4.2,37.3,0.464,0.198,61.6,16.2,73.3,0
39.1,42.5,0.455,0.249,64.7,7.5,43.2,0
50.0,72.0,0.765,0.473,59.2,10.2,60.8,1
0.0,12.9,0.351,0.282,53.3,11.7,68.1,0
65.9,106.2,0.793,0.619,65.4,10.8,24.1,2
28.8,69.9,0.481,0.348,48.8,11.8,205.7,0
9.4,25.1,0.531,0.108,40.4,33.2,70.4,0
2.0,106.9,0.696,0.59,59.6,6.0,111.1,1
44.0,123.6,0.955,0.484,49.1,8.0,42.9,2
3.2,13.9,0.26,0.319,43.8,23.9,230.5,0
28.8,209.1,1.081,0.887,52.5,13.6,35.4,3
3.5,64.5,0.545,0.629,54.8,13.4,224.0,0
17.5,61.8,0.694,0.331,50.8,10.3,43.3,0
42.2,89.3,0.853,0.565,53.0,11.6,152.5,1
9.6,16.9,0.234,0.179,61.2,11.2,29.5,0
65.5,156.0,0.778,0.765,59.8,16.6,56.9,2
31.3,33.3,0.538,0.325,50.6,22.2,75.1,0
4.3,51.1,0.459,0.454,55.8,5.4,73.8,0
2.3,82.8,0.539,0.59,52.8,6.4,32.2,0
6.3,18.1,0.392,0.315,53.2,24.4,66.8,0
16.6,81.4,0.573,0.586,58.2,13.4,151.0,0
70.9,107.0,0.761,0.536,62.2,12.2,38.8,2
82.5,150.8,0.961,0.818,72.0,18.7,222.0,3
9.1,86.6,0.693,0.483,42.0,8.1,120.9,0
8.8,121.3,0.744,0.735,63.3,23.5,219.1,1
36.4,130.1,0.825,0.691,50.5,8.5,219.7,1
36.1,38.8,0.569,0.385,44.7,9.2,45.6,0
56.9,67.9,0.428,0.467,54.8,11.3,220.6,0
58.2,109.5,0.852,0.669,58.5,19.0,53.7,2
5.7,84.1,0.69,0.431,47.0,25.2,50.5,1
1.5,10.7,0.22,0.08,44.5,17.4,216.0,0
31.7,91.7,0.657,0.622,65.2,22.2,66.9,1
22.0,121.2,0.737,0.767,48.6,4.0,127.3,1
1.4,77.4,0.597,0.467,34.2,2.8,67.1,0
30.2,89.5,0.811,0.597,54.0,5.1,52.0,1
15.0,45.9,0.559,0.21,70.8,11.7,218.1,0
30.9,60.3,0.666,0.356,48.4,9.5,152.8,0
3.8,162.5,0.847,0.812,45.4,4.0,61.6,2
33.1,53.9,0.488,0.231,54.1,2.0,71.7,0
24.9,46.6,0.611,0.222,68.3,18.1,32.6,0
35.5,102.8,0.872,0.59,54.8,29.6,116.7,2
10.0,58.1,0.371,0.349,45.4,21.6,229.5,0
7.4,50.3,0.446,0.342,56.1,10.9,215.2,0
1.9,73.3,0.5,0.425,54.6,13.7,75.5,0
12.2,34.6,0.392,0.198,57.8,7.3,223.1,0
48.1,102.6,0.694,0.555,51.2,13.8,152.6,1
60.4,63.3,0.68,0.422,57.2,13.8,59.2,1
3.3,12.3,0.189,0.175,61.5,15.6,158.2,0
16.6,76.8,0.518,0.43,57.9,7.2,32.5,1
71.8,86.1,1.025,0.493,70.0,48.7,111.4,3
80.2,108.2,0.878,0.67,64.4,8.2,78.0,3
11.6,136.0,1.084,0.694,62.3,14.0,55.7,3
52.0,91.8,0.899,0.36,62.7,21.2,68.4,2
44.4,84.5,0.526,0.397,54.9,6.7,147.2,0
41.2,56.5,0.63,0.481,64.5,4.5,69.3,1
1.0,32.8,0.322,0.245,45.2,18.9,61.8,0
8.4,13.5,0.342,0.224,65.7,46.1,63.4,0
14.6,53.7,0.37,0.56,62.4,2.5,74.5,0
14.1,45.3,0.359,0.411,51.9,46.1,80.3,0
16.4,23.3,0.357,0.076,53.1,20.2,43.7,0
87.6,117.7,0.885,0.763,67.1,15.6,61.5,3
12.1,51.8,0.54,0.393,52.6,21.8,60.1,0
26.1,51.3,0.365,0.411,66.7,26.9,225.9,0
25.2,77.2,0.672,0.504,51.7,11.2,69.6,1
16.6,26.2,0.487,0.363,42.6,55.2,146.5,0
3.6,35.8,0.479,0.311,50.5,44.7,63.5,0
19.2,72.1,0.63,0.324,61.1,8.1,55.4,0
0.3,22.2,0.427,0.294,60.2,14.5,55.6,0
28.8,175.3,0.94,0.73,57.5,5.7,81.9,2
0.2,6.5,0.408,0.368,47.0,3.3,69.2,0
26.3,48.5,0.436,0.334,55.9,10.3,62.9,0
7.8,25.1,0.497,0.272,48.0,14.5,161.1,0
4.5,36.3,0.527,0.259,34.3,5.8,63.9,0
37.0,50.8,0.569,0.406,51.1,22.6,149.4,0
10.4,45.4,0.579,0.395,57.8,15.5,31.0,0
18.1,44.9,0.526,0.292,52.7,12.9,45.4,0
1.1,55.0,0.427,0.432,49.7,6.2,119.3,0
64.4,86.9,0.686,0.52,71.2,10.0,54.8,1
20.1,39.6,0.621,0.324,47.5,10.4,118.3,0
20.0,38.8,0.496,0.262,48.3,8.2,74.2,0
29.4,54.6,0.488,0.598,59.4,10.0,40.7,1
70.0,120.0,0.952,0.748,57.5,9.7,76.9,3
11.6,55.8,0.487,0.46,48.1,16.7,221.1,0
66.5,129.4,0.884,0.779,75.0,7.2,119.9,2
11.1,38.3,0.302,0.354,45.2,23.3,218.9,0
8.2,150.9,1.03,0.729,47.4,8.0,32.3,2
27.5,53.8,0.6,0.149,59.9,18.0,151.0,0
102.4,168.0,1.101,0.716,68.0,16.9,221.6,3
51.9,101.2,0.717,0.764,49.3,6.0,222.9,1
30.6,65.5,0.552,0.536,71.2,23.3,62.7,0
27.0,104.7,0.819,0.601,50.0,36.3,72.1,2
19.0,30.0,0.394,0.154,53.1,11.1,69.6,0
63.9,86.4,0.556,0.569,65.7,5.3,217.8,0
37.8,84.7,0.757,0.481,75.4,17.2,160.2,1
1.9,27.3,0.23,0.348,49.0,12.4,219.1,0
4.6,50.5,0.25,0.274,45.4,5.9,225.6,0
31.6,149.5,1.087,0.711,61.0,14.0,74.8,3
3.4,24.2,0.256,0.353,69.3,28.6,50.6,0
20.0,83.1,0.652,0.673,56.3,25.8,50.9,1
40.9,49.2,0.375,0.31,56.3,11.0,223.1,0
27.7,116.6,0.783,0.538,59.6,10.2,35.8,2
2.6,68.8,0.809,0.537,35.8,5.4,33.0,1
5.0,7.2,0.332,0.094,47.9,9.3,55.0,0
28.5,79.5,0.672,0.379,42.0,15.1,125.6,0
93.4,95.3,0.88,0.57,64.1,17.9,128.5,3
15.7,72.1,0.568,0.645,50.4,15.5,63.2,0
42.2,79.6,0.797,0.41,37.6,16.7,63.1,2
27.9,108.5,0.74,0.564,57.9,7.7,217.2,0
7.7,29.4,0.448,0.303,58.2,22.0,151.9,0
42.6,81.8,0.554,0.452,57.3,26.4,214.4,0
1.0,52.7,0.52,0.224,39.9,12.3,132.1,0
39.8,40.3,0.545,0.407,68.5,57.4,39.2,0
29.6,79.2,0.79,0.502,71.9,17.4,46.8,1
8.8,23.4,0.369,0.303,56.6,4.4,51.0,0
4.0,49.0,0.706,0.356,49.8,9.6,42.0,0
9.8,68.6,0.584,0.58,50.8,9.5,143.4,0
6.9,61.5,0.531,0.371,56.6,2.4,104.7,0
12.9,90.7,0.583,0.432,54.8,10.4,220.5,0
11.2,14.6,0.384,0.386,57.3,21.5,50.8,0
8.8,154.0,0.806,0.574,57.0,24.0,223.1,1
0.9,7.6,0.297,0.195,46.2,36.8,220.1,0
3.1,41.9,0.495,0.335,45.9,16.8,34.8,0
49.0,72.1,0.799,0.447,57.6,22.2,154.9,1
9.1,38.4,0.459,0.188,57.2,7.7,23.2,0
13.2,142.4,0.904,0.621,41.6,18.7,66.2,2
10.5,18.7,0.367,0.338,51.8,16.1,42.6,0
65.2,179.0,1.314,0.993,62.1,12.3,77.1,3
6.7,72.9,0.5,0.423,49.2,38.0,38.1,0
6.0,38.7,0.423,0.245,64.2,4.2,156.2,0
30.3,62.6,0.639,0.26,66.7,14.0,61.8,0
21.7,76.5,0.5,0.559,58.8,29.5,151.1,0
31.1,52.5,0.806,0.472,71.1,7.2,63.4,1
29.2,55.4,0.493,0.14,63.7,9.4,65.0,0
43.6,82.3,0.687,0.278,60.1,22.5,112.3,1
2.4,106.2,0.806,0.601,48.6,20.5,218.3,1
27.5,56.4,0.553,0.421,53.2,12.1,50.0,0
6.1,8.7,0.36,0.171,56.0,15.0,59.4,0
0.4,40.6,0.446,0.333,49.1,12.4,50.0,0
29.0,59.7,0.609,0.387,44.5,23.4,32.5,1
27.4,43.7,0.571,0.35,53.3,24.0,149.7,0
17.3,63.6,0.545,0.343,63.0,31.2,80.4,0
44.3,61.3,0.389,0.415,38.5,32.4,61.4,0
6.2,34.3,0.416,0.251,64.2,15.4,117.6,0
33.8,72.7,0.612,0.391,62.0,6.4,148.0,0
14.7,57.2,0.485,0.232,52.5,7.3,219.7,0
16.0,65.7,0.586,0.417,56.9,8.3,57.8,0
0.6,56.7,0.469,0.47,59.8,11.0,47.1,0
44.8,82.8,0.702,0.469,59.4,15.3,52.3,1
26.3,30.3,0.633,0.265,63.8,6.8,52.4,0
32.6,76.6,0.683,0.588,64.0,3.5,38.6,1
5.0,81.0,0.698,0.584,54.2,17.5,75.6,0
23.4,25.9,0.353,0.436,46.9,12.9,59.4,0
14.6,18.7,0.324,0.455,53.6,40.0,146.6,0
27.7,41.6,0.443,0.346,40.1,8.6,37.4,0
22.3,94.4,0.812,0.439,59.1,36.1,120.2,2
76.3,89.2,0.645,0.476,60.9,9.7,79.6,2
57.4,130.4,0.973,0.733,56.3,14.2,59.2,3
12.7,54.3,0.588,0.518,59.3,12.9,45.2,0
29.0,46.8,0.511,0.266,46.5,4.5,154.1,0
11.5,256.7,1.191,1.0,54.7,14.8,50.3,3
43.3,50.1,0.388,0.301,56.2,8.7,75.5,0
15.3,49.4,0.542,0.357,53.0,26.6,60.6,0
9.6,20.7,0.223,0.245,55.8,20.5,219.8,0
23.0,68.9,0.564,0.479,70.3,17.0,66.8,0
53.6,65.3,0.564,0.614,63.8,10.5,156.2,0
46.4,67.2,0.47,0.481,70.3,6.6,212.3,0
10.4,25.1,0.318,0.238,64.8,34.3,49.5,0
70.8,96.1,0.768,0.496,69.5,35.5,141.4,2
5.4,80.9,0.381,0.474,38.1,8.0,219.9,0
8.2,13.6,0.335,0.154,51.4,22.9,42.8,0
41.6,54.8,0.528,0.403,49.9,7.7,75.2,0
0.4,22.2,0.402,0.048,75.0,6.7,42.3,0
18.2,44.7,0.638,0.333,46.9,12.7,215.8,0
12.7,111.0,0.701,0.595,42.1,17.0,54.9,1
74.3,88.2,0.827,0.415,41.7,7.8,58.5,2
4.1,76.7,0.666,0.441,44.4,2.1,31.6,1
4.8,113.4,0.776,0.717,53.8,6.6,156.4,1
83.0,111.2,0.896,0.715,74.0,15.0,33.8,3
12.9,23.0,0.556,0.22,45.5,4.5,44.8,0
51.7,140.1,1.039,0.766,69.7,10.9,49.8,3
10.5,78.0,0.727,0.345,53.2,9.1,28.3,1
7.8,16.6,0.256,0.217,49.4,44.8,58.9,0
54.0,176.2,1.038,0.879,62.0,19.4,221.5,3
100.0,115.6,0.895,0.762,79.3,18.8,67.3,3
57.7,85.5,0.684,0.616,61.6,12.4,43.5,2
9.7,68.0,0.492,0.46,44.7,30.7,148.0,0
17.3,128.1,0.875,0.591,58.2,5.2,36.7,2
5.2,48.7,0.563,0.49,56.1,19.0,45.5,0
6.6,31.5,0.477,0.271,51.5,31.8,149.6,0
6.1,27.4,0.477,0.326,61.2,21.6,112.7,0
10.8,35.7,0.492,0.306,35.4,7.4,63.0,0
20.5,198.3,1.073,1.0,58.1,4.9,222.4,3
18.1,67.3,0.571,0.384,61.2,23.0,78.1,0
36.3,74.5,0.611,0.549,46.2,20.9,123.2,1
21.6,89.7,0.546,0.517,43.6,26.0,218.6,0
33.1,59.9,0.562,0.462,65.3,21.9,67.0,1
38.3,144.4,1.001,0.881,67.5,28.2,57.5,3
9.9,62.8,0.708,0.241,64.5,9.9,77.8,0
15.0,39.3,0.499,0.325,48.9,13.3,20.2,0
189.4,208.8,1.411,0.902,83.9,14.1,53.5,3
8.9,12.1,0.409,0.267,56.1,4.2,131.9,0
35.0,110.2,0.638,0.666,43.9,17.4,61.7,1
2.8,8.1,0.395,0.169,53.7,7.7,121.7,0
39.3,140.6,0.829,0.674,59.4,34.1,53.1,3
7.1,19.9,0.467,0.275,59.1,19.3,38.4,0
18.8,33.6,0.438,0.195,50.4,14.3,43.4,0
16.8,162.1,1.036,0.834,64.7,3.8,60.6,3
17.2,87.8,0.886,0.444,55.4,6.2,56.5,1
14.3,51.6,0.462,0.445,68.0,7.4,64.1,0
28.0,162.8,0.938,0.688,62.5,10.4,61.7,3
50.1,81.0,0.744,0.44,62.2,25.6,32.4,2
4.8,25.3,0.55,0.21,43.3,3.8,62.5,0
14.8,55.4,0.582,0.366,43.8,44.7,44.1,0
0.7,80.4,0.654,0.613,64.9,20.8,40.5,1
21.3,28.7,0.371,0.367,62.4,5.8,224.5,0
4.2,18.7,0.198,0.209,50.4,30.9,220.4,0
17.9,28.3,0.473,0.246,51.5,19.6,44.1,0
22.2,30.6,0.382,0.377,57.3,8.5,137.4,0
1.1,28.9,0.544,0.186,41.4,21.1,57.4,0
25.9,33.9,0.559,0.312,52.4,6.3,54.9,0
47.9,50.4,0.372,0.319,64.6,15.1,222.4,0
32.0,46.3,0.538,0.342,63.1,19.2,30.4,0
5.0,18.2,0.433,0.323,49.9,5.5,57.8,0
16.7,66.9,0.468,0.377,67.5,14.7,146.4,0
18.8,92.7,0.527,0.624,63.4,17.2,219.5,0
15.1,32.1,0.319,0.501,48.3,9.6,223.5,0
2.5,17.1,0.354,0.3,42.2,6.9,148.3,0
6.3,145.4,0.919,0.731,57.8,13.3,218.0,1
13.6,85.3,0.698,0.612,50.6,10.6,64.6,1
21.9,67.3,0.842,0.339,50.4,35.1,56.0,1
8.8,32.3,0.394,0.441,55.2,18.2,51.2,0
0.5,70.9,0.674,0.385,57.8,10.2,44.8,0
9.6,18.9,0.306,0.448,59.9,12.3,41.9,0
76.2,149.3,1.098,0.69,64.6,11.0,220.1,3
26.0,78.5,0.797,0.541,37.8,27.0,53.6,2
21.3,82.8,0.736,0.358,63.0,20.0,76.2,1
6.1,43.8,0.335,0.329,46.5,35.9,65.0,0
10.1,16.2,0.438,0.145,56.1,14.3,75.3,0
0.4,10.1,0.269,0.089,51.1,10.5,60.0,0
5.5,60.5,0.621,0.521,70.8,14.5,31.9,0
24.7,74.8,0.524,0.357,72.4,35.9,58.9,0
21.4,40.5,0.493,0.27,51.8,9.7,119.9,0
7.8,26.4,0.341,0.205,42.5,8.3,144.0,0
15.1,105.1,0.701,0.687,44.3,10.3,50.6,1
18.1,51.3,0.605,0.469,57.1,8.0,47.7,0
8.3,21.7,0.362,0.378,49.0,15.3,124.2,0
27.6,129.5,0.878,0.607,47.5,10.2,46.4,2
21.0,115.5,0.901,0.746,51.2,30.5,32.9,2
10.6,43.8,0.687,0.277,57.3,5.2,35.9,0
2.8,42.8,0.509,0.277,51.8,19.3,60.6,0
9.7,81.6,0.502,0.431,49.7,27.4,49.6,0
8.9,67.3,0.472,0.379,50.6,5.0,34.1,0
7.8,13.5,0.318,0.224,51.9,17.5,155.7,0
1.2,105.9,0.848,0.512,54.0,23.6,45.9,1
59.8,64.0,0.642,0.447,63.8,5.8,117.8,1
57.3,107.0,0.901,0.357,48.0,9.0,36.1,2
14.5,22.2,0.407,0.286,55.6,26.4,66.3,0
21.8,80.2,0.763,0.39,52.6,26.9,51.3,1
27.1,42.3,0.57,0.282,48.2,12.9,70.9,0
14.7,31.2,0.263,0.242,51.4,14.9,226.5,0
23.4,91.9,0.759,0.619,65.0,19.8,67.9,2
31.0,38.7,0.368,0.374,63.4,24.5,68.7,0
20.2,39.2,0.432,0.316,56.0,14.3,235.4,0
36.4,44.5,0.523,0.287,50.6,24.8,54.9,0
7.4,44.7,0.514,0.422,42.3,2.2,60.2,0
16.7,24.6,0.469,0.436,47.1,11.2,42.9,0
141.2,187.2,1.31,0.897,74.7,25.4,106.1,3
44.6,138.1,1.096,0.567,59.4,17.8,31.5,3
20.7,22.2,0.446,0.202,50.1,32.3,33.0,0
4.8,20.1,0.412,0.308,59.8,6.3,54.9,0
17.6,26.8,0.567,0.243,57.9,6.5,49.2,0
41.9,47.8,0.754,0.287,37.5,35.9,34.6,1
34.4,79.2,0.688,0.404,58.4,4.9,56.3,1
1.3,41.6,0.341,0.348,58.3,20.7,209.3,0
27.5,131.6,0.869,0.548,58.0,20.6,37.2,2
1.5,64.0,0.613,0.423,56.9,8.4,57.4,0
4.5,39.4,0.448,0.34,50.6,33.3,71.4,0
14.1,57.2,0.414,0.359,53.7,12.7,46.1,0
48.4,67.4,0.749,0.345,59.4,15.3,80.9,1
28.8,73.2,0.727,0.553,58.1,7.6,59.6,1
12.2,16.5,0.503,0.123,49.3,7.5,41.3,0
37.3,66.1,0.711,0.45,66.7,7.2,138.5,0
95.4,146.4,0.979,0.808,78.6,22.2,235.1,3
17.8,45.1,0.535,0.368,50.6,17.8,69.9,0
2.5,18.6,0.484,0.362,43.1,1.8,40.7,0
4.8,41.2,0.383,0.236,42.0,25.0,40.8,0
4.7,18.0,0.257,0.178,56.0,11.2,217.0,0
6.5,32.1,0.384,0.262,57.7,3.4,152.4,0
11.2,78.9,0.735,0.78,57.1,32.2,55.6,1
22.6,93.9,0.632,0.587,59.6,10.5,144.1,1
1.9,42.9,0.419,0.408,47.8,9.5,60.8,0
30.7,41.1,0.484,0.397,41.0,13.1,57.7,0
8.9,32.0,0.504,0.31,49.4,23.8,38.3,0
5.5,42.5,0.477,0.438,66.1,8.5,66.7,0
12.8,28.0,0.275,0.119,56.2,28.6,114.6,0
56.1,183.2,0.958,0.91,64.4,8.2,208.1,3
34.9,50.4,0.549,0.412,64.8,10.7,111.2,0
32.7,67.4,0.644,0.531,50.5,2.9,70.9,1
73.8,148.9,1.01,0.649,65.6,13.2,119.3,3
23.7,135.3,0.855,0.603,59.9,5.0,75.0,2
79.5,89.6,0.871,0.433,57.3,8.4,65.4,2
84.9,89.4,0.845,0.571,68.5,8.2,59.6,2
2.0,42.6,0.523,0.392,62.7,12.0,42.2,0
1.1,140.2,0.936,0.634,49.0,11.7,39.5,2
4.2,9.9,0.435,0.39,38.9,20.5,155.9,0
51.3,75.3,0.606,0.495,61.6,11.7,59.7,1
13.1,57.0,0.468,0.41,48.9,18.3,151.8,0
11.3,47.5,0.498,0.344,55.3,13.6,42.1,0
38.3,88.6,0.852,0.604,51.4,9.5,51.0,2
8.3,107.6,0.728,0.629,53.8,24.4,65.2,1
20.7,97.1,0.618,0.724,65.1,7.6,146.7,1
30.7,54.2,0.567,0.279,56.7,4.2,59.8,0
4.9,10.4,0.358,0.081,39.6,1.6,64.9,0
3.3,84.6,0.782,0.439,55.5,8.1,36.4,1
17.7,41.6,0.473,0.39,55.0,11.3,53.8,0
20.2,56.0,0.501,0.357,56.9,11.5,68.1,0
35.6,105.6,0.704,0.701,65.5,3.0,84.8,1
4.1,83.2,0.615,0.465,48.4,15.6,77.4,0
6.7,73.4,0.866,0.56,50.8,9.4,32.7,1
84.2,205.9,1.352,0.897,57.2,23.6,30.9,3
43.6,75.8,0.751,0.578,60.5,14.1,44.7,2
14.6,31.3,0.462,0.424,55.7,18.0,47.5,0
50.2,61.8,0.617,0.367,57.9,5.9,118.5,1
4.1,21.8,0.47,0.308,58.6,19.7,57.9,0
12.8,31.3,0.41,0.324,45.7,15.2,214.5,0
33.8,74.9,0.711,0.515,58.4,8.4,41.2,1
20.0,74.9,0.649,0.584,60.0,32.1,58.5,1
8.8,18.4,0.328,0.339,49.1,46.7,113.5,0
28.8,99.0,0.816,0.607,45.6,8.3,34.2,2
13.8,89.7,0.704,0.585,40.6,21.2,63.6,1
16.4,72.5,0.846,0.345,55.9,12.1,21.6,1
22.2,42.9,0.558,0.341,69.1,17.8,147.1,0
23.0,119.4,0.785,0.54,50.8,14.8,48.0,1
4.3,35.9,0.301,0.316,56.3,20.3,145.9,0
13.9,28.3,0.399,0.389,34.8,2.4,70.2,0
72.7,82.3,0.668,0.496,66.6,20.0,53.8,1
34.0,72.1,0.628,0.232,48.7,15.9,40.3,1
27.3,48.3,0.47,0.272,53.2,13.6,41.7,0
8.2,14.6,0.357,0.289,53.9,26.5,39.8,0
8.1,12.2,0.333,0.178,40.0,5.0,64.4,0
45.5,89.1,0.729,0.593,84.5,21.6,112.5,1
1.1,6.3,0.307,0.095,47.3,6.3,64.1,0
10.2,87.1,0.609,0.549,58.5,8.4,47.3,1
51.6,62.8,0.779,0.46,72.2,9.5,21.6,2
10.2,60.2,0.61,0.483,56.0,12.6,53.3,0
32.4,69.8,0.616,0.389,47.4,21.2,26.8,1
15.3,31.5,0.341,0.371,55.3,12.1,119.9,0
14.6,119.7,0.699,0.776,39.6,22.6,51.5,2
18.1,75.2,0.515,0.265,52.2,9.6,45.8,0
13.3,43.0,0.592,0.35,67.5,3.6,67.4,0
3.0,15.5,0.45,0.077,41.2,13.7,67.6,0
13.5,66.8,0.569,0.36,47.6,10.5,27.4,1
0.4,61.0,0.693,0.345,66.9,30.6,38.9,0
10.1,44.4,0.457,0.345,52.2,5.6,227.8,0
34.9,65.4,0.654,0.466,50.4,17.0,52.0,1
69.3,126.4,0.981,0.747,66.2,14.8,123.9,2
59.7,88.8,0.718,0.545,57.8,6.1,236.4,1
3.9,18.0,0.402,0.31,30.9,2.4,49.1,0
1.6,7.4,0.273,0.111,41.4,2.4,125.1,0
20.1,49.3,0.472,0.465,71.7,20.6,156.4,0
16.8,78.1,0.529,0.184,57.3,12.0,28.7,0
30.1,59.4,0.529,0.546,68.5,18.5,53.7,0
7.3,76.7,0.808,0.596,44.9,17.9,39.3,2
17.4,57.4,0.507,0.468,54.3,34.9,39.7,0
16.4,66.6,0.448,0.637,53.3,23.6,45.5,1
10.5,26.1,0.514,0.118,49.3,11.6,49.2,0
0.9,28.3,0.343,0.359,53.8,16.2,226.8,0
34.4,74.0,0.7,0.477,48.6,5.8,49.1,1
20.2,55.7,0.52,0.416,64.9,4.5,113.7,0
36.8,70.9,0.756,0.348,61.6,11.9,31.0,2
45.5,54.9,0.736,0.427,57.9,8.8,68.6,1
14.8,17.4,0.314,0.278,55.4,12.4,118.9,0
34.7,43.2,0.606,0.284,55.1,9.7,39.5,0
70.7,71.0,0.816,0.447,49.5,25.2,52.9,2
91.0,94.4,0.692,0.425,58.6,20.4,223.3,2
22.9,65.1,0.735,0.395,54.2,8.0,77.7,0
24.8,48.8,0.592,0.454,53.1,18.9,148.2,0
22.5,35.6,0.381,0.405,60.8,5.4,48.1,0
29.1,52.6,0.712,0.451,61.1,12.3,59.0,1
43.7,45.4,0.455,0.441,54.5,24.2,58.3,1
22.0,50.6,0.48,0.462,47.9,2.8,70.4,0
86.7,93.1,0.796,0.48,71.9,31.2,219.2,2
76.6,162.2,1.198,0.835,65.8,12.0,58.8,3
18.0,70.2,0.626,0.548,49.9,23.2,71.4,1
17.9,66.3,0.541,0.311,45.7,9.1,75.5,0
9.5,44.5,0.467,0.226,48.1,3.1,78.9,0
30.7,86.8,0.682,0.384,60.0,8.7,55.9,1
11.7,40.4,0.506,0.175,67.4,25.8,157.7,0
9.0,21.7,0.378,0.169,51.7,13.3,45.5,0
30.0,79.1,0.619,0.437,50.1,24.1,65.0,0
3.6,76.2,0.465,0.609,69.8,8.6,106.4,0
44.4,54.5,0.556,0.35,56.1,8.0,43.7,0
31.2,35.3,0.452,0.179,50.6,23.2,120.0,0
73.2,203.7,1.118,0.978,60.5,14.7,148.4,3
23.3,117.8,0.673,0.616,52.1,15.6,63.4,1
36.1,67.8,0.722,0.371,67.9,17.0,74.9,1
40.7,41.7,0.454,0.287,45.1,3.6,54.1,0
55.6,95.4,0.672,0.643,65.7,21.0,59.5,2
20.7,206.1,1.35,0.846,55.2,5.3,43.0,3
9.5,65.2,0.658,0.281,49.1,2.6,72.7,0
23.9,75.8,0.75,0.513,53.1,8.6,57.3,1
44.4,73.9,0.746,0.409,57.1,11.9,28.8,1
49.9,97.7,0.849,0.696,60.7,31.3,158.8,2
0.9,56.5,0.629,0.383,48.5,19.0,42.1,0
9.0,45.8,0.465,0.347,52.9,2.5,77.9,0
36.7,62.2,0.471,0.49,51.6,16.1,148.0,0
61.3,98.6,0.605,0.409,79.3,14.0,212.5,1
16.2,52.0,0.52,0.41,62.7,5.8,79.4,0
51.7,53.2,0.468,0.352,64.2,20.1,124.6,0
0.9,160.3,0.897,0.889,48.6,28.7,69.9,2
53.4,105.3,0.779,0.527,67.1,14.4,117.8,2
47.7,130.6,0.954,0.698,62.0,10.7,220.6,2
27.1,68.1,0.491,0.41,57.3,13.6,63.7,0
44.5,62.7,0.631,0.458,54.9,16.5,69.8,1
78.4,147.5,0.943,0.725,66.7,43.4,43.1,3
63.0,66.7,0.536,0.46,75.5,9.4,218.0,0
17.3,71.1,0.614,0.611,55.4,7.3,218.9,0
23.7,92.2,0.617,0.509,53.7,22.5,112.3,0
14.2,43.2,0.478,0.382,55.1,8.4,63.7,0
12.1,61.4,0.598,0.622,54.3,2.1,45.8,0
40.4,91.7,0.715,0.568,54.1,31.0,223.2,0
14.0,36.1,0.441,0.1,48.3,28.6,32.0,0
40.4,89.9,0.847,0.466,64.8,5.7,73.6,2
16.2,46.5,0.489,0.251,64.2,12.6,46.6,0
19.0,49.0,0.578,0.451,73.2,3.1,62.5,0
6.1,57.0,0.548,0.391,56.6,20.3,33.0,0
39.4,62.6,0.7,0.517,59.2,21.3,47.8,1
0.8,29.7,0.608,0.349,59.3,11.2,59.9,0
55.2,190.1,1.161,0.966,53.6,26.3,60.4,3
115.9,203.4,1.279,0.852,75.7,8.2,157.9,3
19.8,45.3,0.472,0.4,63.5,14.4,77.4,0
18.8,49.7,0.501,0.494,63.2,2.4,34.9,0
1.6,18.5,0.228,0.121,65.6,4.9,209.5,0
9.8,32.0,0.436,0.275,48.8,2.6,80.3,0
44.9,68.2,0.536,0.474,55.3,34.1,148.2,1
51.0,86.1,0.58,0.52,58.4,25.4,220.5,0
22.6,24.6,0.158,0.404,46.7,2.7,53.4,0
42.5,64.1,0.763,0.492,63.1,16.1,57.5,1
6.3,24.3,0.568,0.31,58.4,1.9,46.2,0
28.3,125.2,0.889,0.735,61.0,19.6,126.9,2
68.3,98.8,0.761,0.629,64.1,24.5,34.6,2
34.1,73.7,0.461,0.467,65.5,20.1,208.6,0
77.4,98.3,0.69,0.526,69.0,17.8,70.2,2
79.4,110.2,0.937,0.693,59.9,13.7,77.1,3
30.2,52.4,0.595,0.315,33.2,14.8,205.9,0
14.4,50.0,0.495,0.366,51.7,5.8,147.5,0
43.3,92.5,0.798,0.432,59.2,16.2,121.2,1
12.7,19.6,0.441,0.321,54.4,9.2,62.3,0
27.5,82.8,0.623,0.609,55.0,3.5,58.5,0
51.1,62.5,0.744,0.336,55.9,6.9,45.1,1
10.1,148.6,0.966,0.738,46.8,21.5,158.8,2
14.0,48.9,0.454,0.325,46.0,3.0,35.0,0
3.4,42.6,0.582,0.441,56.0,12.6,18.6,0
1.1,41.7,0.471,0.468,60.9,8.2,47.1,0
15.6,48.6,0.408,0.324,44.5,5.1,222.7,0
23.9,39.1,0.538,0.052,55.3,25.1,59.1,0
87.6,126.8,0.973,0.771,72.3,31.1,113.0,3
23.0,60.3,0.689,0.416,54.2,3.8,28.3,1
46.2,59.4,0.565,0.413,65.1,15.0,30.0,1
28.3,35.2,0.534,0.402,65.1,10.5,76.1,0
0.6,69.4,0.45,0.414,55.3,12.4,122.7,0
16.5,38.0,0.479,0.27,50.7,56.3,45.1,0
32.1,59.2,0.606,0.376,67.7,9.8,33.5,0
32.2,69.6,0.729,0.492,55.0,7.3,63.9,1
17.8,32.5,0.457,0.384,52.7,11.3,75.0,0
26.8,69.1,0.62,0.593,60.4,16.1,42.6,1
42.2,70.5,0.791,0.487,56.3,10.0,60.5,1
1.7,32.6,0.362,0.292,50.5,52.4,126.1,0
42.3,122.3,0.849,0.73,55.8,7.4,42.8,2
1.1,37.3,0.306,0.236,50.7,18.5,31.5,0
1.6,27.4,0.387,0.413,53.8,30.4,78.6,0
20.4,30.7,0.389,0.317,39.5,1.7,39.7,0
28.2,68.6,0.615,0.423,55.7,17.1,53.1,1
17.7,84.2,0.699,0.417,40.7,6.4,67.7,1
4.0,30.2,0.351,0.353,49.4,4.5,33.6,0
2.4,68.5,0.513,0.418,55.1,9.8,67.3,0
19.8,60.7,0.396,0.405,52.5,29.9,138.3,0
15.6,49.2,0.393,0.219,60.1,22.5,215.1,0
11.3,56.6,0.474,0.359,56.6,2.6,54.5,0
40.5,47.8,0.758,0.313,41.2,23.7,61.3,2
14.4,36.3,0.605,0.357,63.9,6.2,69.7,0
2.0,24.8,0.52,0.251,54.3,25.8,73.3,0
11.4,38.7,0.355,0.091,49.3,1.7,74.9,0
31.5,153.3,0.986,0.732,53.3,18.2,48.1,2
13.4,48.1,0.434,0.234,37.5,5.5,27.6,0
31.0,36.9,0.686,0.228,58.7,23.0,34.0,0
37.3,54.2,0.57,0.479,63.2,36.2,212.8,0
14.5,45.4,0.423,0.203,48.9,10.6,53.4,0
17.6,53.7,0.587,0.413,47.6,7.8,59.8,1
12.4,12.6,0.23,0.183,55.1,9.4,75.9,0
31.7,80.5,0.691,0.427,66.6,12.1,35.9,0
11.9,62.5,0.568,0.332,62.6,16.8,57.2,0
28.7,38.3,0.579,0.356,63.2,3.7,50.3,0
22.6,87.5,0.812,0.556,71.8,5.0,27.9,2
0.5,26.5,0.403,0.127,59.5,12.1,78.7,0
30.3,42.4,0.515,0.446,66.1,12.3,44.6,0
20.4,29.3,0.175,0.186,56.0,4.6,42.0,0
57.2,105.1,0.965,0.619,58.4,27.8,73.6,2
3.1,21.2,0.336,0.155,61.6,6.3,57.8,0
23.0,62.5,0.571,0.379,47.8,40.4,122.8,0
9.9,18.4,0.596,0.136,57.0,16.3,60.9,0
0.7,23.7,0.315,0.224,47.2,20.3,24.1,0
0.2,45.5,0.459,0.337,54.8,13.3,117.4,0
67.7,145.8,1.084,0.637,65.0,10.3,28.8,3
23.0,107.9,0.895,0.623,57.0,14.1,48.6,2
13.9,90.7,0.668,0.569,54.1,10.2,118.9,1
1.4,194.9,1.233,1.0,56.5,2.9,49.3,3
64.3,104.3,0.808,0.665,67.8,6.1,52.8,2
6.8,15.0,0.436,0.344,41.9,8.6,38.9,0
24.2,41.5,0.553,0.181,55.5,17.8,56.5,0
19.5,102.6,0.762,0.398,51.8,9.2,47.4,1
92.0,107.0,0.832,0.565,68.3,13.0,215.8,2
17.2,41.0,0.386,0.499,51.4,17.8,118.8,0
9.1,73.0,0.5,0.683,63.7,8.6,217.3,0
23.4,40.4,0.392,0.273,55.2,50.7,58.0,0
26.1,112.5,0.683,0.56,64.1,7.4,213.3,0
148.3,279.2,1.7,1.0,68.1,28.7,47.0,3
16.8,56.0,0.598,0.378,52.4,12.8,64.2,0
2.9,151.8,0.977,0.748,47.5,71.4,47.8,3
11.3,117.8,0.668,0.69,57.0,8.2,61.4,1
23.4,88.9,0.73,0.766,46.3,20.1,76.1,1
28.0,72.1,0.661,0.575,42.8,12.1,27.8,1
9.7,50.3,0.566,0.542,48.5,1.5,75.5,0
87.5,116.7,0.959,0.463,70.5,15.9,219.5,2
5.0,57.1,0.51,0.497,46.3,7.8,61.3,0
41.4,43.3,0.485,0.261,60.8,15.9,117.4,0
11.8,122.0,0.907,0.8,48.7,6.4,72.6,2
18.0,168.9,0.884,0.952,40.9,1.5,226.9,1
13.3,75.5,0.646,0.525,60.9,33.2,60.7,0
23.1,126.5,0.692,0.6,60.9,7.7,53.0,1
17.1,52.9,0.541,0.34,54.4,21.5,27.0,0
14.3,42.1,0.569,0.306,54.6,10.8,139.8,0
31.8,53.8,0.61,0.456,55.4,15.3,55.1,0
2.4,20.3,0.376,0.294,44.1,12.9,216.5,0
24.2,66.5,0.706,0.564,66.3,9.3,57.8,1
52.7,138.5,1.089,0.858,59.6,14.2,57.5,3
14.9,17.2,0.311,0.17,57.3,20.6,148.7,0
38.9,49.6,0.666,0.414,54.2,13.9,42.7,1
124.8,141.3,1.304,0.765,75.5,29.0,45.7,3
0.8,5.5,0.265,0.193,61.3,7.6,155.3,0
13.0,69.7,0.495,0.533,55.4,11.3,59.3,0
48.9,99.2,0.65,0.606,62.7,6.3,212.7,1
13.6,82.5,0.704,0.446,61.2,15.3,70.7,1
13.3,14.4,0.181,0.223,59.8,10.7,146.0,0
47.5,109.6,0.77,0.57,67.9,15.0,56.5,2
49.3,134.7,0.93,0.633,62.5,33.7,34.8,3
0.2,57.8,0.497,0.395,54.6,10.2,153.4,0
6.7,39.9,0.641,0.217,55.0,29.1,57.6,1
7.7,36.5,0.53,0.363,60.1,5.7,55.9,0
4.2,50.4,0.379,0.5,49.2,6.1,125.0,0
54.9,96.3,1.148,0.555,65.0,8.3,48.3,3
18.0,35.1,0.476,0.4,73.3,4.3,57.6,0
43.0,44.2,0.389,0.364,61.7,14.2,84.2,0
24.7,44.6,0.43,0.26,46.4,17.6,66.0,0
61.4,199.2,1.109,1.0,59.5,44.0,115.2,3
0.6,2.4,0.203,0.0,57.1,9.9,38.2,0
35.7,76.5,0.627,0.475,52.3,32.1,223.2,0
73.3,186.6,0.949,0.828,55.9,7.8,79.4,3
19.7,90.1,0.795,0.669,44.1,7.1,66.1,1
14.6,94.1,0.737,0.561,52.7,10.2,151.9,0
42.4,114.8,0.809,0.851,71.7,6.4,59.3,2
12.9,17.7,0.486,0.251,49.8,13.8,45.6,0
19.3,117.1,0.73,0.562,62.1,4.1,49.9,1
1.3,110.3,0.594,0.45,50.0,11.3,219.9,0
38.0,45.4,0.504,0.454,55.0,12.6,221.7,0
14.4,36.2,0.473,0.244,58.4,15.3,32.3,0
37.2,73.6,0.575,0.425,45.7,30.4,122.2,0
7.3,29.4,0.419,0.404,66.5,6.6,68.9,0
42.6,58.1,0.735,0.498,63.1,38.3,53.2,2
14.3,30.2,0.516,0.241,62.7,23.6,142.1,0
27.6,89.6,0.758,0.484,54.4,15.9,62.2,1
9.2,86.8,0.655,0.356,57.4,3.7,47.1,1
9.2,25.2,0.459,0.092,60.9,13.3,74.3,0
1.3,78.5,0.454,0.55,51.5,4.0,225.9,0
30.3,52.3,0.689,0.46,49.9,19.1,34.7,1
32.7,40.8,0.602,0.369,49.7,9.3,73.0,0
99.6,144.8,1.212,0.754,64.6,31.3,109.4,3
1.2,35.9,0.373,0.255,54.0,27.1,72.3,0
7.3,54.0,0.452,0.52,51.9,19.0,65.3,0
19.9,65.9,0.623,0.273,51.3,5.5,119.0,0
69.3,111.1,0.859,0.565,68.5,12.2,49.4,3
103.0,134.1,1.132,0.71,64.8,32.3,36.5,3
1.1,76.9,0.643,0.476,47.4,52.0,227.4,0
0.6,58.6,0.705,0.405,59.6,7.3,52.1,1
30.4,53.2,0.478,0.338,61.3,14.5,225.4,0
14.4,36.7,0.556,0.37,44.5,8.1,60.3,0
17.8,22.0,0.382,0.155,44.2,5.7,46.5,0
18.4,23.7,0.46,0.258,46.1,6.7,40.6,0
2.8,31.8,0.435,0.341,52.2,11.1,57.8,0
27.0,95.0,0.64,0.515,65.7,3.6,214.1,0
30.2,43.3,0.597,0.347,68.4,25.2,221.8,0
0.1,60.4,0.438,0.432,58.0,9.2,51.6,0
2.1,42.6,0.488,0.185,67.6,13.8,49.6,0
35.4,49.5,0.539,0.22,59.3,15.2,111.4,0
4.6,40.6,0.434,0.348,61.6,9.6,229.8,0
117.4,152.1,1.019,0.71,66.2,12.9,75.7,3
20.8,35.6,0.46,0.268,42.9,7.4,53.9,0
0.8,57.8,0.493,0.453,49.7,22.7,55.5,0
68.7,142.2,0.773,0.638,62.0,6.7,113.2,2
20.8,45.8,0.653,0.139,76.0,19.6,21.9,0
13.9,23.1,0.275,0.418,54.2,20.0,79.8,0
20.7,97.2,0.561,0.663,47.2,7.3,120.5,0
0.8,5.6,0.413,0.309,59.8,8.0,55.6,0
16.6,60.3,0.552,0.311,48.6,15.1,56.2,0
5.1,18.2,0.319,0.243,54.0,13.7,124.8,0
15.5,23.7,0.391,0.157,61.5,23.4,72.9,0
9.7,29.1,0.552,0.287,46.1,20.2,31.0,0
19.6,54.2,0.503,0.357,67.3,6.7,70.4,0
11.8,22.4,0.473,0.169,62.9,27.0,49.6,0
8.9,15.4,0.239,0.285,56.3,8.2,121.3,0
4.3,7.2,0.377,0.184,66.7,3.4,43.5,0
0.9,114.3,0.766,0.775,49.1,2.4,220.5,1
0.5,47.4,0.632,0.37,58.4,18.1,50.7,0
2.3,16.5,0.138,0.014,54.6,43.9,219.5,0
32.9,81.8,0.683,0.332,52.2,7.0,38.3,1
3.9,38.3,0.571,0.516,47.8,2.2,126.0,0
7.1,69.2,0.683,0.414,69.4,17.2,63.4,0
7.2,34.2,0.448,0.333,61.6,4.7,41.8,0
9.9,81.5,0.668,0.494,60.7,21.4,44.8,1
27.6,44.2,0.572,0.478,51.4,10.8,34.1,0
11.6,51.8,0.513,0.208,59.5,6.4,42.2,0
39.0,107.0,0.864,0.711,55.3,11.8,55.0,2
2.3,44.3,0.545,0.464,66.0,30.8,41.6,0
35.3,176.5,0.892,0.859,67.3,3.6,235.3,2
61.8,122.9,0.818,0.69,69.2,24.7,148.4,3
16.4,64.6,0.552,0.395,61.2,23.9,67.4,0
3.5,26.8,0.415,0.131,51.9,8.0,26.8,0
28.1,69.1,0.557,0.498,60.4,19.0,230.2,0
16.7,105.7,0.753,0.609,67.0,15.1,115.7,1
23.4,43.7,0.465,0.372,59.5,24.0,45.3,0
40.1,52.6,0.729,0.426,51.7,11.9,21.0,1
10.5,31.0,0.435,0.245,63.7,3.5,80.7,0
8.5,27.8,0.574,0.422,47.9,28.0,40.0,0
136.5,190.6,1.445,0.914,73.6,12.9,66.9,3
28.5,157.2,0.908,0.834,52.8,9.1,65.0,3
46.8,52.0,0.5,0.356,38.6,11.4,142.0,0
37.9,73.2,0.63,0.556,59.5,27.1,61.8,1
47.4,58.1,0.648,0.413,77.0,41.6,59.3,1
24.2,69.6,0.691,0.44,58.4,9.6,69.0,1
42.3,92.5,0.672,0.644,82.5,10.8,221.5,1
7.1,26.6,0.335,0.127,51.9,14.2,123.6,0
0.8,56.3,0.647,0.371,53.9,4.7,125.4,0
4.8,20.9,0.362,0.205,51.9,17.2,50.3,0
14.1,30.1,0.515,0.33,54.7,17.8,60.8,0
12.0,25.4,0.435,0.306,56.9,14.7,38.3,0
16.8,37.5,0.481,0.323,66.8,4.1,56.2,0
6.6,38.7,0.473,0.264,46.3,38.6,161.6,0
0.2,29.0,0.575,0.289,52.1,18.0,36.5,0
10.2,48.5,0.56,0.396,58.6,35.3,38.7,0
1.8,54.9,0.475,0.375,62.5,3.9,83.8,0
16.0,54.8,0.633,0.49,37.3,6.1,152.3,0
25.4,137.1,0.862,0.762,44.9,7.7,225.0,1
9.9,44.2,0.507,0.352,53.9,40.1,76.9,0
3.1,67.0,0.669,0.226,61.5,13.5,76.5,0
17.8,22.0,0.462,0.245,51.0,12.1,40.0,0
142.5,180.8,1.506,0.932,80.2,8.1,64.6,3
28.5,57.0,0.598,0.374,72.4,10.0,38.5,1
30.6,56.6,0.704,0.425,57.0,11.5,38.1,1
8.6,96.2,0.758,0.53,51.6,15.0,58.6,1
5.4,150.8,0.988,0.781,56.6,40.3,50.0,2
47.5,101.0,0.759,0.695,61.0,32.5,75.0,2
0.0,2.8,0.241,0.262,54.0,9.4,124.3,0
6.3,24.6,0.362,0.158,51.6,5.4,220.1,0
74.3,79.7,0.621,0.337,61.8,13.0,151.7,1
14.9,52.3,0.495,0.421,46.4,13.2,54.4,0
1.1,48.9,0.406,0.473,57.1,17.6,231.3,0
26.2,29.8,0.481,0.145,47.9,1.6,223.6,0
10.0,110.1,0.79,0.585,47.1,9.9,53.1,1
0.6,8.6,0.354,0.427,42.5,10.0,41.6,0
21.4,67.2,0.484,0.414,52.8,10.3,121.6,0
18.1,116.5,0.975,0.855,55.1,40.7,52.6,2
17.0,55.0,0.662,0.318,45.9,11.3,53.7,0
28.1,43.1,0.627,0.287,54.4,13.0,74.4,0
2.8,16.7,0.189,0.181,53.7,36.8,151.1,0
23.7,62.7,0.536,0.306,43.2,31.0,222.5,0
19.6,83.6,0.548,0.349,49.1,27.9,142.5,0
46.6,91.0,0.821,0.51,73.9,16.4,67.7,2
6.2,19.8,0.44,0.269,47.3,8.4,29.3,0
54.2,82.0,0.727,0.431,66.3,7.7,145.5,1
37.3,48.9,0.448,0.325,53.9,24.9,148.1,0
14.2,25.6,0.331,0.409,55.9,35.3,69.3,0
17.0,27.6,0.383,0.374,48.3,18.4,63.8,0
16.4,38.5,0.465,0.305,39.4,5.1,144.7,0
34.9,65.7,0.621,0.471,54.1,15.0,41.8,1
11.8,46.1,0.476,0.21,57.4,27.0,158.5,0
46.5,88.8,0.655,0.546,64.9,7.8,59.6,1
26.7,41.2,0.478,0.333,57.4,7.0,121.4,0
94.2,125.6,1.11,0.63,60.9,21.4,49.8,3
6.8,42.0,0.521,0.345,60.5,18.1,53.5,0
31.8,113.2,0.862,0.604,51.3,17.7,59.6,2
1.9,5.7,0.366,0.084,47.0,28.7,55.9,0
13.1,18.9,0.355,0.404,46.3,12.1,58.8,0
28.3,79.5,0.724,0.571,53.1,9.0,229.2,0
33.7,89.7,0.723,0.49,55.0,23.5,126.7,1
10.7,62.1,0.584,0.26,56.1,46.0,77.0,0
51.1,102.1,0.871,0.352,49.4,10.6,62.4,2
61.4,190.3,1.28,1.0,58.1,22.8,63.9,3
6.9,81.0,0.526,0.476,46.7,31.5,82.6,0
13.6,18.2,0.344,0.319,57.6,15.6,159.3,0
12.0,36.3,0.664,0.234,56.3,5.0,74.6,0
8.6,31.6,0.59,0.274,45.1,15.6,69.6,0
58.1,86.7,0.753,0.49,65.2,20.0,50.5,1
57.5,77.5,0.774,0.5,60.8,12.6,74.8,1
12.5,21.3,0.372,0.27,60.3,10.1,73.7,0
31.6,67.4,0.634,0.356,51.9,5.0,111.9,0
46.0,131.6,0.888,0.602,64.1,8.9,54.6,2
21.7,41.1,0.471,0.331,62.4,8.4,48.6,0
11.4,53.4,0.49,0.227,54.4,6.3,58.5,0
6.2,35.7,0.612,0.243,69.8,11.3,58.9,0
34.6,85.6,0.676,0.495,61.5,25.8,52.7,1
2.2,29.2,0.535,0.328,66.5,7.2,50.1,0
11.7,28.3,0.396,0.424,74.1,33.4,65.3,0
9.4,30.0,0.33,0.252,40.1,16.9,163.3,0
2.0,85.0,0.714,0.51,61.5,55.8,28.9,1
14.9,48.0,0.399,0.197,58.5,20.6,75.7,0
13.3,45.4,0.517,0.385,56.1,3.4,151.3,0
4.5,85.5,0.599,0.427,47.4,29.2,151.0,0
56.1,149.3,0.918,0.727,53.9,4.5,142.4,2
34.8,40.8,0.467,0.38,49.1,4.0,44.9,0
17.3,80.1,0.858,0.535,72.6,24.9,32.0,1
40.1,74.6,0.584,0.336,62.3,43.9,210.5,0
49.3,142.8,0.938,0.801,49.0,44.4,116.0,3
58.4,62.3,0.737,0.416,52.9,18.2,54.1,1
6.7,46.0,0.375,0.471,36.9,9.7,148.2,0
40.1,93.3,0.855,0.67,67.9,13.3,64.8,2
13.4,36.7,0.441,0.466,54.5,12.1,111.5,0
20.9,80.8,0.449,0.362,59.4,14.1,225.2,0
7.2,71.1,0.53,0.49,53.2,6.7,114.6,0
16.4,46.2,0.415,0.216,62.2,13.4,71.3,0
40.6,68.5,0.667,0.561,55.3,10.1,47.8,1
14.6,83.7,0.508,0.632,56.7,6.4,218.4,0
4.7,43.3,0.413,0.435,54.9,33.8,52.6,0
81.2,131.3,1.001,0.647,55.7,21.7,71.8,3
6.4,44.8,0.5,0.401,47.2,17.8,63.3,0
0.9,37.6,0.571,0.275,49.7,13.3,54.3,0
8.1,35.9,0.571,0.319,55.9,6.7,55.4,0
47.1,100.2,0.8,0.557,70.6,14.7,63.3,2
5.8,18.9,0.433,0.073,53.8,41.2,61.7,0
3.0,7.2,0.148,0.135,51.8,17.9,159.6,0
18.8,50.9,0.564,0.58,57.5,11.9,131.1,0
71.9,166.5,1.147,0.813,62.2,19.6,66.6,3
27.2,65.8,0.725,0.448,56.2,10.6,28.2,1
2.2,27.6,0.349,0.285,64.5,8.9,131.0,0
106.0,128.2,0.951,0.636,67.2,30.3,110.8,3
24.0,44.8,0.516,0.355,57.9,14.5,33.6,0
42.9,43.1,0.637,0.309,53.7,20.4,129.1,0
1.4,85.9,0.687,0.305,62.3,12.8,61.6,1
91.6,110.2,0.747,0.675,59.4,25.7,106.7,2
10.4,43.0,0.506,0.491,53.1,9.3,141.9,0
1.1,25.0,0.328,0.171,60.0,10.0,121.3,0
21.4,36.8,0.493,0.284,48.5,39.5,214.8,0
42.8,130.8,0.986,0.818,65.8,4.4,27.6,3
31.4,40.8,0.631,0.268,40.6,22.3,63.8,0
30.9,85.5,0.811,0.544,48.2,15.8,44.9,2
28.7,34.0,0.581,0.7,55.8,11.8,45.9,1
19.4,47.4,0.634,0.419,74.4,7.5,57.1,0
1.3,79.8,0.724,0.493,53.4,28.0,37.4,0
13.1,33.0,0.4,0.386,55.4,42.3,54.6,0
11.0,61.6,0.49,0.487,62.9,10.4,31.6,0
58.6,77.5,0.664,0.419,52.7,22.3,28.4,2
47.2,70.4,0.683,0.295,35.3,21.2,149.6,0
9.3,70.2,0.371,0.503,67.4,20.3,123.3,0
36.7,88.3,0.727,0.586,62.7,6.0,61.1,1
15.5,110.9,0.755,0.58,50.9,26.8,78.9,1
0.9,20.7,0.5,0.408,52.6,3.0,57.5,0
32.6,76.2,0.656,0.603,65.6,20.3,69.3,1
3.7,38.1,0.397,0.396,51.6,30.2,119.1,0
3.7,48.3,0.626,0.341,53.7,8.5,62.7,0
6.6,80.3,0.586,0.301,69.3,14.4,149.8,0
33.4,49.6,0.539,0.355,47.4,23.1,59.4,0
47.8,89.8,0.717,0.36,63.8,12.6,48.6,1
46.9,134.0,0.863,0.483,49.7,8.3,227.0,1
6.2,40.6,0.356,0.395,65.5,20.0,217.7,0
4.8,65.3,0.559,0.537,55.1,5.2,49.4,0
33.3,35.6,0.635,0.141,51.8,3.5,57.8,0
6.4,42.2,0.462,0.319,41.0,13.8,110.0,0
14.2,35.2,0.435,0.314,51.5,11.0,51.5,0
36.3,87.2,0.598,0.489,59.3,21.7,121.1,1
17.6,59.9,0.504,0.286,64.1,15.2,215.8,0
23.9,37.2,0.445,0.443,47.1,47.3,58.2,0
13.6,19.7,0.382,0.134,47.6,29.3,42.8,0
43.3,175.8,0.94,0.681,55.0,17.7,210.8,2
47.4,92.7,0.682,0.413,53.4,28.7,228.2,0
28.7,73.1,0.481,0.504,52.5,33.1,151.2,0
47.6,63.4,0.668,0.4,52.1,34.0,79.2,1
135.3,159.3,1.15,0.723,77.0,12.2,37.3,3
35.7,123.6,0.848,0.703,53.9,8.3,214.3,2
16.1,51.1,0.595,0.407,54.7,36.3,41.9,0
24.5,114.8,0.836,0.414,58.4,15.1,51.2,1
52.1,97.5,0.828,0.602,49.3,17.1,129.0,2
10.2,85.6,0.817,0.615,58.4,18.6,58.4,1
9.2,11.2,0.424,0.212,55.1,12.0,146.2,0
24.0,38.9,0.324,0.308,57.5,39.1,160.1,0
15.7,50.2,0.43,0.544,53.5,17.2,146.2,0
4.8,30.8,0.338,0.235,50.6,24.8,152.0,0
20.3,71.5,0.691,0.44,55.7,10.6,58.4,1
62.0,68.1,0.583,0.472,62.7,13.9,151.6,0
27.8,34.1,0.345,0.316,47.0,7.7,214.3,0
3.4,52.9,0.468,0.359,65.1,22.6,49.8,0
32.4,105.1,0.824,0.592,51.6,13.8,54.2,2
12.3,36.1,0.518,0.46,54.5,23.1,78.0,0
101.1,198.7,1.133,1.0,77.5,26.0,151.0,3
29.9,61.2,0.557,0.409,54.0,7.3,63.3,0
8.0,31.0,0.28,0.222,55.2,11.5,47.0,0
34.8,52.8,0.367,0.317,40.0,6.9,50.7,0
21.9,36.6,0.476,0.406,39.7,7.0,153.8,0
56.8,114.8,0.898,0.478,60.9,7.6,66.2,2
9.1,21.9,0.432,0.48,55.0,7.2,43.3,0
29.8,40.0,0.623,0.331,65.6,9.4,119.9,0
1.3,15.3,0.21,0.115,58.6,53.0,69.1,0
19.4,51.0,0.354,0.393,42.4,11.2,66.5,0
3.2,37.0,0.344,0.25,62.7,23.6,85.2,0
21.2,76.6,0.479,0.437,45.9,20.1,36.3,0
26.4,55.3,0.531,0.257,63.1,17.7,41.1,0
28.7,34.3,0.488,0.29,53.0,26.9,151.6,0
9.1,31.1,0.437,0.109,75.2,16.0,118.0,0
20.0,52.4,0.545,0.328,50.5,7.3,225.6,0
50.7,67.6,0.602,0.365,59.5,20.3,220.5,0
78.7,120.9,0.9,0.6,65.9,24.8,54.8,3
20.8,21.5,0.379,0.194,53.4,6.1,54.9,0
52.0,80.7,0.712,0.493,52.3,18.0,142.9,1
5.4,90.0,0.569,0.606,70.5,24.9,27.5,0
11.1,82.2,0.325,0.528,48.9,13.5,146.6,0
23.3,59.4,0.629,0.525,50.6,43.8,47.3,1
15.8,49.3,0.559,0.325,53.7,9.0,51.1,0
14.0,61.6,0.724,0.446,55.8,11.1,57.1,1
47.2,57.6,0.649,0.434,54.1,20.7,111.9,0
4.2,70.7,0.635,0.556,60.3,8.9,53.8,1
4.9,100.3,0.607,0.5,54.0,8.8,216.6,0
2.4,30.9,0.309,0.37,52.5,30.1,145.5,0
24.0,60.1,0.528,0.334,60.3,11.8,122.0,0
12.2,68.3,0.652,0.391,47.2,25.4,126.2,0
43.1,58.3,0.677,0.372,54.2,7.8,24.9,1
21.9,119.7,0.864,0.681,55.3,11.5,156.7,2
8.9,139.0,0.897,0.617,60.9,10.4,78.2,2
7.2,58.1,0.483,0.318,51.2,11.0,46.1,0
14.8,118.6,0.867,0.578,51.8,6.4,159.2,1
3.3,12.1,0.47,0.231,35.7,9.6,31.0,0
48.2,89.2,0.759,0.439,54.2,15.2,76.4,1
11.5,14.0,0.419,0.258,40.6,3.1,74.7,0
1.7,23.7,0.464,0.239,41.1,8.4,32.3,0
57.2,79.6,0.683,0.546,64.1,21.0,60.8,1
15.0,32.2,0.445,0.309,81.0,8.0,45.3,0
32.2,41.1,0.345,0.496,58.7,16.6,222.8,0
9.0,59.5,0.489,0.42,56.1,7.3,146.0,0
58.9,72.8,0.699,0.35,55.3,15.0,216.2,0
5.9,56.4,0.624,0.378,44.6,2.1,57.0,0
12.2,42.7,0.555,0.346,70.4,18.4,49.8,0
57.6,100.7,0.802,0.486,54.8,11.4,226.1,1
7.6,26.6,0.397,0.419,37.2,23.3,49.2,0
24.6,54.8,0.463,0.363,57.9,12.3,61.9,0
28.3,176.0,1.078,0.799,53.1,10.5,46.6,3
49.6,91.4,0.704,0.548,64.7,10.1,147.4,1
22.7,120.7,0.908,0.563,68.2,9.6,52.9,2
16.1,110.1,0.848,0.69,57.5,9.0,36.4,2
45.1,52.1,0.628,0.449,61.0,9.0,150.0,0
27.8,121.7,0.62,0.66,61.7,8.6,149.5,1
13.4,43.6,0.378,0.401,75.8,41.4,150.6,0
59.9,82.4,0.685,0.452,79.8,14.3,140.8,1
30.0,40.8,0.574,0.202,54.3,4.0,40.1,0
69.6,76.7,0.922,0.446,70.7,6.0,60.8,2
8.7,58.0,0.441,0.358,67.7,41.9,108.5,0
49.4,56.1,0.558,0.213,65.4,13.5,47.5,0
1.7,52.8,0.434,0.288,51.7,4.8,147.6,0
44.8,56.7,0.436,0.287,55.2,26.9,237.4,0
3.2,29.3,0.25,0.198,53.3,7.5,224.0,0
22.1,55.8,0.535,0.514,46.4,13.6,124.6,0
29.2,41.8,0.56,0.387,63.8,15.4,145.2,0
13.7,21.8,0.414,0.351,65.3,5.7,76.2,0
18.3,41.7,0.45,0.386,51.8,8.4,21.4,0
4.5,22.1,0.385,0.362,49.1,20.0,56.0,0
40.6,60.7,0.429,0.416,50.1,32.2,223.0,0
23.4,76.7,0.657,0.611,59.5,22.4,211.5,0
5.8,88.4,0.816,0.409,52.8,15.9,54.4,1
24.3,46.4,0.354,0.352,44.3,10.3,120.9,0
25.1,78.4,0.697,0.389,79.3,18.4,48.4,1
19.3,37.5,0.422,0.436,40.9,20.3,53.0,0
0.1,16.8,0.37,0.282,40.5,29.7,69.7,0
11.5,34.7,0.457,0.42,61.4,12.6,58.9,0
40.1,113.2,0.711,0.489,63.7,52.6,72.1,1
30.8,35.7,0.623,0.263,51.2,25.0,35.1,0
29.9,33.8,0.483,0.149,50.6,12.7,48.8,0
23.2,135.8,0.805,0.735,59.4,27.6,159.6,1
44.5,56.6,0.605,0.359,62.1,11.6,83.6,1
8.6,35.2,0.328,0.383,47.8,7.9,151.4,0
6.4,26.3,0.309,0.284,61.0,2.9,217.9,0
85.0,181.0,1.034,0.684,70.2,44.5,54.8,3
7.5,80.0,0.439,0.338,63.9,9.5,53.9,0
2.7,10.6,0.264,0.228,52.0,19.3,55.0,0
13.4,47.4,0.465,0.404,60.6,24.3,72.8,0
20.0,62.4,0.442,0.221,53.4,10.4,49.6,0
44.7,96.8,0.733,0.545,63.5,12.4,60.1,1
11.5,13.5,0.336,0.141,56.7,3.1,45.4,0
11.4,15.3,0.38,0.139,60.6,5.9,54.6,0
18.1,73.3,0.596,0.403,59.1,4.3,220.7,0
9.2,15.7,0.538,0.252,38.4,47.4,54.4,0
1.8,43.5,0.492,0.284,47.3,10.8,113.5,0
3.1,11.6,0.266,0.046,53.2,7.4,58.0,0
56.1,60.3,0.706,0.422,64.7,11.6,54.6,2
36.4,48.0,0.68,0.333,64.4,14.2,69.6,1
17.4,46.8,0.437,0.276,59.2,7.2,38.3,0
30.7,70.8,0.553,0.425,51.3,20.3,55.6,0
37.4,81.9,0.578,0.464,65.3,25.5,56.1,0
8.0,68.9,0.558,0.449,46.8,11.3,48.8,0
51.1,63.6,0.65,0.402,70.3,10.3,113.1,0
31.2,89.2,0.863,0.538,67.6,10.8,52.0,2
21.8,53.9,0.653,0.383,55.4,6.6,40.7,0
46.6,83.5,0.744,0.575,54.3,12.6,85.8,1
32.3,190.4,1.156,1.0,51.6,21.7,59.4,3
30.5,80.7,0.73,0.489,48.1,36.1,48.3,1
5.1,29.5,0.377,0.238,45.4,15.9,220.2,0
38.7,59.3,0.632,0.279,56.8,21.7,221.6,0
27.6,57.2,0.575,0.458,51.9,12.4,72.6,0
6.2,11.4,0.384,0.143,40.1,25.7,55.4,0
22.0,63.7,0.511,0.636,51.7,7.7,152.0,0
3.6,32.9,0.354,0.557,53.3,4.4,226.1,0
14.8,51.3,0.537,0.358,51.7,11.3,24.9,0
114.8,146.8,1.004,0.595,63.2,22.7,41.2,3
4.7,10.7,0.434,0.28,33.6,4.2,55.6,0
1.7,53.4,0.667,0.574,61.4,38.7,49.4,0
3.1,19.4,0.289,0.137,52.2,5.8,217.3,0
14.6,81.3,0.687,0.664,56.9,9.3,72.2,1
34.6,90.0,0.754,0.36,59.0,18.7,155.6,0
18.7,126.5,0.81,0.536,59.0,16.2,124.8,1
2.3,31.9,0.421,0.33,54.3,26.0,116.5,0
34.2,95.1,0.637,0.637,58.3,22.2,223.3,0
2.8,120.0,0.75,0.636,58.6,5.9,76.1,1
8.7,23.5,0.425,0.311,61.2,9.3,117.0,0
49.5,122.8,0.946,0.752,71.0,20.5,52.7,3
19.5,68.9,0.705,0.555,48.5,11.9,58.7,1
20.4,30.3,0.445,0.24,57.3,6.7,83.6,0
2.4,28.6,0.221,0.212,39.5,1.9,218.5,0
9.9,186.5,1.221,0.992,49.7,30.6,24.1,3
43.2,113.3,0.772,0.657,57.3,10.7,70.9,2
25.8,71.3,0.576,0.507,62.1,19.2,54.9,1
35.4,50.7,0.466,0.315,56.7,7.8,152.4,0
17.3,18.5,0.242,0.309,60.2,16.6,71.8,0
43.6,50.2,0.577,0.275,56.2,4.4,34.0,0
2.3,33.0,0.518,0.329,47.8,6.1,26.5,0
14.2,44.9,0.468,0.363,47.9,10.3,66.1,0
29.9,115.9,0.964,0.636,62.3,8.1,44.1,3
1.1,12.6,0.486,0.299,49.2,7.5,32.0,0
85.0,95.3,0.927,0.455,46.2,25.3,42.2,3
19.8,69.9,0.462,0.51,60.3,9.4,41.5,0
0.9,21.9,0.524,0.266,44.7,5.1,57.4,0
19.3,40.0,0.44,0.263,56.6,9.5,123.1,0
2.9,82.2,0.749,0.377,43.4,1.8,146.7,0
5.1,14.7,0.317,0.406,52.9,10.2,56.7,0
51.0,121.1,0.783,0.64,37.2,11.8,217.1,1
9.0,54.0,0.492,0.356,53.2,10.3,155.5,0
8.9,27.8,0.356,0.184,46.4,4.0,44.6,0
2.7,32.5,0.259,0.403,42.3,14.2,119.7,0
11.7,24.7,0.206,0.366,60.0,11.1,61.3,0
21.2,46.5,0.689,0.433,54.4,30.5,237.1,0
9.0,121.4,0.618,0.641,51.5,22.7,153.8,1
104.1,118.7,0.831,0.704,62.9,11.3,35.2,3
4.1,7.2,0.402,0.134,59.8,6.1,37.9,0
4.1,34.7,0.324,0.333,49.2,22.9,60.2,0
11.2,108.8,0.595,0.593,65.7,5.8,118.4,0
94.1,131.6,0.741,0.71,76.9,10.3,66.4,3
36.0,59.7,0.653,0.247,69.2,16.7,29.6,1
8.6,31.3,0.34,0.469,61.1,7.9,75.2,0
8.6,80.4,0.699,0.635,48.5,15.4,77.6,0
3.9,45.7,0.388,0.252,53.0,2.6,231.4,0
10.7,60.7,0.579,0.465,52.1,9.1,61.4,0
13.7,48.4,0.497,0.232,60.9,25.0,39.6,0
34.4,96.8,0.699,0.56,57.4,7.5,122.4,1
27.8,140.1,0.819,0.521,54.5,9.1,115.4,2
10.3,40.5,0.411,0.309,66.9,10.2,65.4,0
66.7,107.8,0.729,0.551,60.0,11.4,113.4,2
7.1,115.8,0.944,0.729,48.1,2.7,43.8,2
1.7,36.3,0.422,0.47,49.1,23.1,55.7,0
22.3,93.3,0.523,0.691,64.1,11.4,61.2,1
47.6,59.6,0.553,0.513,61.1,18.2,221.4,0
16.5,30.6,0.381,0.305,58.3,26.2,63.1,0
2.5,135.5,0.861,0.736,54.3,7.8,73.4,2
20.4,78.5,0.55,0.516,37.7,15.3,207.1,0
23.3,49.9,0.69,0.266,47.2,1.6,44.4,1
25.9,43.6,0.487,0.451,53.9,2.4,64.7,0
20.9,43.6,0.559,0.41,57.9,12.4,112.5,0
53.5,60.5,0.713,0.479,52.7,5.7,44.4,1
3.7,57.7,0.431,0.197,44.5,16.3,50.6,0
34.8,84.3,0.729,0.545,55.1,20.0,56.7,1
9.4,58.0,0.495,0.493,64.1,7.0,52.0,0
14.0,104.5,0.658,0.581,37.0,18.1,50.5,1
9.6,42.4,0.382,0.298,32.3,9.5,64.7,0
28.0,73.0,0.674,0.338,70.4,29.7,145.6,1
10.1,13.5,0.611,0.103,41.4,4.3,59.8,0
36.2,94.8,0.635,0.558,54.6,12.1,141.4,1
13.2,63.7,0.573,0.404,42.1,14.3,118.3,0
9.3,17.5,0.422,0.225,51.1,20.7,50.7,0
7.6,34.3,0.313,0.449,52.1,19.5,219.6,0
11.4,92.2,0.819,0.422,66.7,8.8,81.9,1
20.9,64.7,0.792,0.398,61.1,10.4,79.0,1
18.1,34.4,0.384,0.465,44.6,6.5,119.4,0
8.5,59.2,0.736,0.38,38.1,26.6,30.5,0
18.2,141.8,0.882,0.731,58.9,34.8,48.8,2
14.2,19.6,0.269,0.24,50.1,2.7,141.3,0
6.3,63.1,0.559,0.486,47.2,22.8,66.2,0
36.1,78.4,0.763,0.296,67.2,20.1,64.0,1
49.7,57.0,0.603,0.381,45.9,3.4,70.1,0
14.9,59.0,0.633,0.412,51.5,21.9,67.5,0
11.5,29.6,0.462,0.204,58.9,29.8,61.4,0
79.8,103.8,0.99,0.61,55.3,23.8,51.6,3
50.9,101.9,0.86,0.643,70.5,7.8,55.1,2
15.6,64.8,0.739,0.47,46.4,38.7,53.6,0
5.5,53.8,0.451,0.547,52.3,23.7,70.9,0
36.8,212.9,1.207,0.96,52.3,7.4,106.5,3
12.2,40.0,0.446,0.379,32.0,17.1,128.3,0
81.4,90.9,0.727,0.572,61.7,19.8,73.7,2
25.6,83.0,0.602,0.478,62.4,5.0,54.4,1
18.7,60.8,0.611,0.516,46.7,13.5,74.8,1
61.8,80.9,0.764,0.517,56.9,18.2,117.5,1
36.9,54.5,0.601,0.282,53.8,9.7,54.5,0
1.7,96.9,0.806,0.62,56.6,31.5,59.0,1
0.8,2.5,0.177,0.145,49.3,9.8,119.9,0
9.6,50.8,0.482,0.346,53.7,17.9,79.7,0
93.2,110.2,0.81,0.581,67.2,16.8,53.1,3
111.7,158.2,1.163,0.855,65.7,12.1,47.8,3
25.8,40.0,0.454,0.431,69.6,15.6,225.0,0
46.0,93.4,0.888,0.525,51.2,13.4,57.7,2
16.8,93.8,0.615,0.521,60.3,38.3,60.5,0
19.5,39.0,0.53,0.146,65.3,23.6,58.2,0
13.7,36.4,0.571,0.256,53.1,3.5,115.6,0
51.2,97.1,0.706,0.468,60.7,8.8,49.0,1
72.0,133.6,0.773,0.722,67.8,9.1,212.4,2
19.0,170.9,0.93,0.828,52.1,1.8,34.8,3
19.4,42.7,0.579,0.262,39.9,19.6,38.4,0
14.5,37.3,0.415,0.337,52.3,16.8,59.9,0
73.6,83.9,0.756,0.497,76.9,8.2,155.7,2
40.8,41.7,0.539,0.112,63.1,6.7,29.1,0
4.5,82.1,0.781,0.595,53.3,1.8,114.7,1
90.9,120.0,1.02,0.732,72.6,10.4,60.5,3
0.0,9.9,0.285,0.197,50.9,15.6,34.6,0
67.4,135.6,0.952,0.733,63.0,43.8,57.3,3
47.5,104.8,0.876,0.554,56.2,5.3,78.1,2
19.0,41.5,0.405,0.195,58.9,15.5,66.3,0
18.5,61.3,0.641,0.61,50.7,45.2,148.2,0
15.4,27.5,0.318,0.353,51.9,11.1,225.8,0
4.8,64.5,0.665,0.513,59.8,10.4,37.8,0
84.9,103.3,0.795,0.552,64.0,16.1,155.0,2
17.9,102.9,0.727,0.677,59.4,11.7,38.1,1
4.7,56.2,0.387,0.273,57.9,19.5,217.8,0
80.6,88.1,0.926,0.497,64.3,57.7,107.8,3
28.9,106.7,0.673,0.657,53.8,7.9,218.4,0
30.6,103.5,1.075,0.522,46.3,5.0,35.8,3
96.5,161.6,1.16,0.883,58.7,9.6,36.8,3
34.9,103.0,0.618,0.604,62.5,22.1,216.8,0
8.1,41.1,0.351,0.357,58.0,13.9,46.2,0
34.9,77.0,0.794,0.411,49.7,24.6,52.8,1
5.5,32.9,0.436,0.343,56.1,2.3,48.7,0
10.3,13.7,0.464,0.407,55.4,10.3,33.6,0
24.9,75.8,0.886,0.487,63.5,20.1,28.8,2
45.3,50.6,0.654,0.425,76.6,4.2,45.3,1
8.8,19.1,0.371,0.317,58.0,14.9,149.4,0
14.9,32.3,0.588,0.201,48.9,10.9,30.0,0
14.7,49.7,0.511,0.359,60.3,34.7,215.9,0
52.8,182.7,1.049,0.868,52.1,5.8,41.6,3
18.5,35.8,0.593,0.126,72.7,25.1,70.7,0
89.9,227.9,1.399,1.0,56.6,12.6,56.2,3
10.3,81.5,0.701,0.41,57.2,2.4,220.0,0
9.3,54.8,0.596,0.452,53.5,7.3,51.0,0
66.3,81.5,0.822,0.425,59.3,25.5,116.0,2
32.2,67.7,0.518,0.624,53.3,22.4,222.6,0
64.1,102.3,0.698,0.549,73.2,20.6,56.1,2
2.9,61.9,0.616,0.591,57.0,5.0,59.0,0
18.0,34.1,0.564,0.296,53.7,35.5,54.4,0
24.9,97.9,0.643,0.552,69.8,13.1,156.0,0
23.1,54.9,0.46,0.532,54.8,11.0,209.5,0
15.2,65.9,0.405,0.351,60.3,12.5,54.9,0
22.6,52.0,0.507,0.385,44.9,4.7,117.2,0
23.9,117.6,0.687,0.681,45.5,3.2,114.9,1
8.9,20.0,0.452,0.293,59.1,10.8,49.0,0
50.9,94.1,0.823,0.546,62.6,4.0,32.7,2
81.4,88.7,0.82,0.513,82.2,25.5,33.7,3
37.8,92.1,0.77,0.611,52.4,32.2,220.8,1
27.9,38.0,0.469,0.342,61.9,52.9,154.4,0
16.8,42.6,0.537,0.431,52.7,7.1,37.2,0
24.7,47.6,0.515,0.398,62.7,22.1,149.1,0
27.4,191.6,1.037,0.975,62.5,21.4,159.1,3
4.8,20.6,0.482,0.361,52.6,10.8,63.0,0
48.6,122.0,0.804,0.621,53.9,19.0,66.1,2
11.2,12.0,0.313,0.326,51.1,27.9,215.6,0
69.4,104.5,0.9,0.568,54.2,12.1,159.1,2
121.9,218.7,1.323,0.895,74.4,23.9,58.0,3
25.7,29.4,0.337,0.263,33.6,17.5,70.5,0
28.9,99.7,0.57,0.498,52.0,15.4,228.1,0
10.8,40.4,0.554,0.369,61.0,6.1,221.5,0
24.1,25.7,0.382,0.253,62.9,5.7,76.4,0
7.9,87.2,0.563,0.527,40.4,9.1,72.9,0
54.8,111.4,0.857,0.7,65.4,24.4,113.1,2
11.0,24.3,0.177,0.407,44.6,14.6,55.6,0
16.7,76.2,0.463,0.499,51.6,18.4,223.3,0
9.2,13.4,0.509,0.329,59.6,17.0,42.3,0
22.8,41.4,0.371,0.323,47.8,50.1,149.5,0
85.0,119.2,0.856,0.498,77.0,24.4,155.2,2
43.0,75.6,0.712,0.365,60.9,7.7,60.8,1
8.2,57.6,0.525,0.384,57.0,10.8,154.4,0
32.3,193.5,1.068,0.996,65.8,24.7,140.9,3
33.4,74.0,0.717,0.447,64.5,3.3,54.7,1
38.6,80.2,0.829,0.595,64.6,13.3,58.9,2
41.8,127.0,0.799,0.833,53.4,10.4,69.4,2
6.0,38.4,0.446,0.248,44.1,5.2,28.4,0
7.5,10.3,0.341,0.411,50.9,5.0,67.4,0
30.4,67.4,0.662,0.292,60.7,21.1,114.3,1
9.7,11.8,0.358,0.392,43.3,22.1,77.2,0
5.4,84.2,0.654,0.501,57.5,8.8,55.4,0
12.5,46.4,0.376,0.338,57.0,9.8,59.8,0
19.0,66.7,0.512,0.436,53.6,11.7,54.2,0
5.8,17.2,0.298,0.174,53.4,1.0,228.7,0
29.0,41.0,0.476,0.473,57.2,39.7,53.8,0
1.1,57.0,0.521,0.337,55.7,18.8,42.7,0
10.9,36.7,0.489,0.27,59.7,23.6,22.2,0
11.9,27.8,0.593,0.163,76.9,9.3,149.5,0
2.1,99.0,0.685,0.495,53.7,18.6,42.3,1
102.4,140.4,1.177,0.657,63.2,8.8,61.9,3
11.6,30.0,0.529,0.226,38.6,18.4,116.6,0
27.9,68.0,0.707,0.426,45.2,13.4,52.0,0
9.3,31.4,0.377,0.2,47.4,4.3,49.7,0
2.1,54.1,0.531,0.532,57.9,33.4,80.2,0
2.0,12.5,0.316,0.215,49.2,19.3,68.3,0
5.3,85.2,0.858,0.541,56.1,52.4,43.0,1
9.6,31.7,0.488,0.379,47.7,6.0,56.1,0
1.2,8.2,0.287,0.394,55.8,10.1,111.2,0
3.1,11.3,0.527,0.305,59.5,19.6,37.6,0
107.5,135.2,1.008,0.678,66.0,6.7,60.5,3
15.5,31.5,0.513,0.205,58.0,15.1,50.4,0
5.2,10.5,0.319,0.251,49.3,19.9,220.9,0
1.5,7.2,0.363,0.303,42.4,4.8,61.2,0
2.3,36.5,0.399,0.333,56.8,12.4,139.9,0
19.1,61.2,0.607,0.421,58.4,7.5,153.4,0
49.6,86.1,0.697,0.53,64.7,18.0,37.8,1
25.3,119.9,0.85,0.473,63.7,19.5,216.5,1
1.7,49.3,0.508,0.383,50.3,11.9,20.6,0
19.1,37.2,0.606,0.389,53.6,22.3,61.9,0
63.6,76.3,0.832,0.469,59.9,6.9,34.9,2
12.4,16.7,0.461,0.345,56.7,22.5,24.8,0
25.4,83.9,0.688,0.607,54.9,39.4,54.2,1
13.1,143.5,1.015,0.687,55.1,4.9,73.2,2
31.3,100.3,0.815,0.605,51.2,5.6,73.0,1
6.6,32.7,0.157,0.31,44.8,30.9,62.9,0
8.4,22.8,0.282,0.085,46.1,14.4,149.4,0
13.6,68.7,0.621,0.427,57.5,20.7,66.8,0
10.5,38.1,0.5,0.234,53.3,7.3,63.3,0
17.0,41.7,0.571,0.352,50.8,9.0,52.3,0
11.1,111.8,0.938,0.671,59.1,26.9,41.0,2
10.8,13.7,0.414,0.213,65.4,9.8,83.1,0
50.0,95.5,0.535,0.466,56.0,9.9,157.4,0
4.4,20.0,0.411,0.278,44.0,2.1,56.9,0
19.2,52.0,0.655,0.6,62.6,9.0,66.7,1
1.9,14.1,0.275,0.039,52.4,4.2,222.8,0
37.8,65.4,0.661,0.453,56.6,6.9,47.0,1
24.6,209.1,1.174,0.935,64.1,7.4,58.3,3
105.8,169.5,1.265,0.794,66.8,28.1,62.2,3
4.2,59.2,0.527,0.398,55.8,2.0,55.2,0
80.4,114.1,0.96,0.588,66.1,16.8,62.4,3
5.1,36.1,0.409,0.373,78.8,8.7,209.8,0
12.3,48.1,0.549,0.343,52.9,15.4,23.4,0
2.6,52.9,0.565,0.189,59.9,16.6,68.9,0
104.7,169.4,1.141,0.947,66.7,11.3,153.7,3
28.6,171.2,1.197,0.94,60.2,25.0,30.7,3
28.9,54.9,0.637,0.337,55.1,40.8,61.5,0
5.9,104.7,0.856,0.587,59.3,4.1,36.9,2
11.7,155.4,0.896,0.887,53.1,19.5,71.4,3
9.1,77.9,0.538,0.572,57.5,11.1,109.3,0
12.6,43.1,0.499,0.468,48.0,12.7,72.2,0
19.2,88.4,0.759,0.554,48.7,25.0,78.1,1
30.6,35.5,0.509,0.386,41.8,20.3,120.7,0
2.9,128.6,0.771,0.801,55.4,9.3,70.5,2
6.2,80.4,0.709,0.458,47.8,26.4,75.8,0
52.0,81.2,0.694,0.532,77.9,13.5,17.1,1
51.1,78.3,0.781,0.288,56.4,8.7,43.7,1
27.0,33.8,0.523,0.168,66.3,14.8,40.0,0
12.4,96.0,0.701,0.594,63.1,29.1,62.0,1
54.9,82.7,0.688,0.557,58.8,5.5,58.6,2
23.8,157.9,1.014,0.752,49.9,18.9,59.4,2
52.2,57.0,0.63,0.345,59.3,4.1,61.3,0
28.3,40.8,0.326,0.305,65.6,21.4,220.4,0
0.9,11.8,0.411,0.243,70.4,15.7,50.1,0
10.9,11.5,0.462,0.016,43.9,33.2,73.5,0
42.3,101.0,0.867,0.611,58.9,5.4,64.9,2
8.9,17.7,0.382,0.251,48.6,14.8,118.3,0
64.7,77.2,0.646,0.499,59.5,9.2,129.1,1
38.8,48.3,0.484,0.355,71.9,10.7,213.6,0
59.7,82.2,0.717,0.372,55.4,39.5,79.2,1
11.3,125.4,0.762,0.563,40.9,15.5,216.7,1
4.7,55.0,0.613,0.529,54.4,17.9,76.4,0
3.6,43.1,0.475,0.288,55.6,8.6,63.5,0
31.1,64.0,0.453,0.499,53.6,13.1,60.0,0
1.1,20.0,0.462,0.16,46.7,24.5,52.4,0
1.3,20.5,0.427,0.258,53.5,32.6,54.5,0
8.2,45.9,0.522,0.317,42.5,12.2,56.5,0
22.8,127.3,0.75,0.644,59.0,29.4,86.0,2
6.4,23.8,0.322,0.241,50.2,11.8,81.9,0
51.2,127.3,0.862,0.8,71.3,8.9,43.7,2
60.5,70.5,0.588,0.625,64.2,16.8,148.1,0
28.9,87.2,0.628,0.537,55.4,7.2,127.9,0
9.0,110.3,0.663,0.567,51.6,15.0,73.6,0
44.2,74.7,0.878,0.348,43.6,6.0,59.3,2
29.9,48.9,0.674,0.242,55.8,20.8,83.2,0
21.7,79.8,0.683,0.617,53.8,5.2,80.2,1
15.5,139.4,0.904,0.584,54.9,7.1,65.2,2
1.3,74.7,0.726,0.428,50.7,7.4,150.6,1
118.6,255.7,1.7,1.0,82.4,10.5,41.0,3
2.8,36.3,0.395,0.085,50.3,11.5,51.7,0
81.1,112.6,0.931,0.501,58.2,4.6,50.2,3
35.9,41.4,0.525,0.219,44.4,12.0,43.5,0
9.6,27.8,0.424,0.227,50.0,0.7,32.1,0
7.8,37.1,0.362,0.346,44.9,15.4,213.1,0
1.2,33.4,0.396,0.401,41.8,3.8,124.0,0
18.8,76.0,0.671,0.413,52.5,16.9,55.1,1
1.1,21.3,0.418,0.221,61.3,27.6,48.1,0
53.9,75.4,0.826,0.459,68.1,10.1,70.4,2
24.1,179.2,0.989,0.797,45.6,13.5,110.0,2
17.4,18.1,0.495,0.287,55.1,4.0,53.4,0
20.0,32.1,0.389,0.344,58.6,17.0,28.5,0
25.1,26.4,0.476,0.036,60.7,20.0,53.5,0
12.0,14.0,0.469,0.291,66.7,3.3,65.2,0
14.1,37.1,0.529,0.334,44.9,19.7,61.4,0
88.6,132.8,0.983,0.714,59.1,13.5,39.8,3
49.1,71.2,0.647,0.56,54.6,10.2,153.5,1
34.4,81.0,0.835,0.331,60.4,25.4,73.7,1
9.6,74.6,0.542,0.354,31.8,7.7,116.1,0
0.4,40.1,0.427,0.328,50.2,3.4,214.8,0
30.6,77.0,0.754,0.267,42.6,12.0,69.6,1
20.0,45.0,0.475,0.334,55.2,21.5,78.4,0
13.7,33.9,0.588,0.387,70.8,11.6,113.9,0
16.5,17.5,0.556,0.283,61.8,9.9,109.8,0
3.2,70.9,0.654,0.46,42.7,17.0,138.7,0
5.1,43.2,0.549,0.325,49.5,5.7,124.8,0
49.2,92.6,0.626,0.498,52.8,15.2,37.5,1
43.0,48.2,0.45,0.322,69.2,3.7,64.3,0
67.2,80.2,0.729,0.509,45.1,19.5,73.3,2
29.9,53.7,0.511,0.247,53.3,26.4,65.8,0
28.5,37.2,0.571,0.455,51.0,33.0,38.2,0
5.0,44.2,0.242,0.284,43.4,22.1,51.6,0
6.2,43.0,0.552,0.396,66.3,18.8,49.9,0
10.7,45.3,0.512,0.362,41.2,11.3,26.1,0
2.1,69.0,0.508,0.342,42.8,19.4,120.6,0
5.6,45.6,0.671,0.472,65.7,12.2,61.4,0
19.9,114.7,0.733,0.719,54.4,4.7,147.6,1
9.9,51.2,0.332,0.236,52.2,26.2,148.3,0
21.8,38.1,0.483,0.32,50.5,2.6,148.7,0
49.1,80.7,0.653,0.509,59.8,10.4,224.7,0
21.7,65.5,0.599,0.246,52.0,7.1,52.8,0
28.8,42.3,0.744,0.152,50.7,13.6,45.4,0
1.1,37.0,0.497,0.247,41.0,21.3,25.5,0
48.3,64.2,0.73,0.309,60.0,20.4,73.1,1
1.0,9.7,0.379,0.123,47.4,2.3,46.9,0
9.0,127.8,0.974,0.553,49.7,4.3,45.6,2
3.5,19.1,0.357,0.242,57.8,18.8,57.5,0
0.4,13.0,0.259,0.15,48.0,47.5,60.8,0
20.5,79.7,0.736,0.587,54.4,8.2,60.5,1
31.4,54.3,0.606,0.405,70.4,5.0,58.7,0
68.7,83.1,0.833,0.571,66.1,12.0,55.5,2
23.8,84.5,0.544,0.353,51.5,4.2,214.7,0
5.5,36.3,0.494,0.263,44.1,10.3,77.1,0
9.6,77.1,0.461,0.489,52.5,12.8,117.8,0
0.6,98.1,0.682,0.598,58.4,24.7,39.6,1
11.0,33.3,0.398,0.25,49.0,17.5,53.6,0
17.1,73.6,0.689,0.418,54.4,21.5,46.8,0
30.1,131.2,0.799,0.649,51.9,11.5,154.2,1
38.6,161.3,0.927,0.773,54.9,38.9,41.0,3
29.1,46.9,0.39,0.555,46.4,4.5,230.1,0
4.7,80.4,0.665,0.517,54.4,10.6,117.1,0
2.8,4.2,0.276,0.2,53.1,10.2,156.1,0
36.0,76.8,0.62,0.362,69.1,8.1,48.5,1
0.3,6.6,0.412,0.094,52.4,27.8,46.0,0
99.0,121.4,1.116,0.628,61.6,5.5,48.3,3
6.4,171.7,1.052,0.942,64.1,4.8,162.0,3
54.6,123.2,0.7,0.636,63.1,15.0,55.4,2
8.2,17.8,0.41,0.235,54.3,9.3,59.2,0
32.1,114.0,0.82,0.552,56.5,12.2,55.6,2
3.0,82.7,0.475,0.341,53.2,5.1,49.5,0
18.3,101.5,0.648,0.61,47.5,8.2,45.0,1
25.1,65.8,0.657,0.41,54.8,25.1,112.0,1
2.9,71.3,0.563,0.494,50.1,18.0,155.8,0
3.8,27.2,0.421,0.299,54.9,11.3,71.3,0
10.2,32.7,0.4,0.219,62.0,20.5,52.5,0
13.2,51.8,0.64,0.399,61.3,23.7,53.7,0
30.1,44.2,0.426,0.234,60.3,43.0,54.2,0
27.2,38.7,0.445,0.348,42.0,20.6,28.6,0
20.5,74.1,0.621,0.459,51.2,23.4,49.8,1
42.9,100.5,0.665,0.705,43.7,8.0,40.8,1
26.4,38.3,0.436,0.249,64.3,17.2,39.8,0
28.4,46.3,0.637,0.239,55.0,13.3,57.6,0
3.7,50.9,0.354,0.339,50.8,23.1,209.7,0
46.0,89.8,0.835,0.58,53.3,24.3,37.4,2
40.9,81.5,0.726,0.242,68.1,23.5,124.7,1
21.6,34.2,0.471,0.39,55.7,27.9,46.9,0
39.5,221.7,1.169,1.0,56.8,18.9,56.3,3
16.7,37.1,0.481,0.22,55.1,7.1,71.9,0
71.8,120.7,0.72,0.611,64.5,21.8,80.7,2
19.5,28.2,0.342,0.222,53.5,23.6,159.2,0
16.1,46.9,0.549,0.25,64.1,24.0,52.0,0
26.6,38.1,0.549,0.152,65.7,9.4,113.9,0
85.1,104.7,0.864,0.648,65.8,5.8,56.3,3
8.5,49.9,0.463,0.322,46.6,30.8,69.1,0
24.8,118.3,0.775,0.6,58.0,8.7,59.9,2
9.4,26.9,0.289,0.359,48.2,10.7,221.2,0
16.1,55.6,0.563,0.399,65.4,9.6,146.8,0
5.5,53.9,0.562,0.247,64.9,13.8,67.5,0
27.6,87.5,0.669,0.577,61.6,10.3,127.7,1
17.8,20.3,0.38,0.392,45.0,13.5,211.3,0
38.7,106.0,0.813,0.633,53.9,7.7,50.6,2
49.3,98.2,0.672,0.48,57.7,30.3,58.9,1
56.3,97.0,0.662,0.42,53.7,20.3,118.4,1
9.9,25.2,0.482,0.196,50.6,13.0,49.1,0
26.6,70.6,0.531,0.461,57.6,2.3,33.1,0
59.6,206.5,1.219,1.0,65.2,7.9,76.2,3
5.4,90.9,0.693,0.461,62.6,20.2,38.2,1
20.0,42.2,0.408,0.284,54.5,6.5,74.5,0
6.0,46.1,0.368,0.449,50.0,16.6,34.2,0
59.0,100.2,0.711,0.526,50.6,12.1,58.1,2
31.5,57.2,0.435,0.554,59.3,14.1,47.3,0
31.0,37.8,0.565,0.312,52.8,11.0,57.8,0
6.9,29.5,0.479,0.399,50.9,10.5,46.2,0
65.4,117.4,0.831,0.666,57.4,22.8,57.1,2
12.4,34.6,0.25,0.377,49.1,20.6,214.1,0
7.9,38.7,0.483,0.313,58.5,13.9,221.1,0
51.8,146.2,1.043,0.732,59.3,22.9,49.8,3
11.0,42.0,0.432,0.379,65.7,4.1,69.8,0
8.4,41.2,0.59,0.41,43.9,12.1,66.2,0
40.8,77.7,0.714,0.526,68.0,10.3,44.2,2
3.2,23.4,0.451,0.111,48.0,8.2,28.0,0
31.9,101.0,0.588,0.592,56.1,9.0,215.4,0
20.2,28.9,0.333,0.232,58.7,26.6,34.0,0
37.7,57.7,0.458,0.353,65.7,6.6,66.0,0
28.5,68.7,0.826,0.486,64.5,8.8,52.6,1
22.3,45.9,0.42,0.509,63.4,14.5,117.0,0
11.0,125.0,0.858,0.64,51.6,8.3,43.6,2
17.9,51.0,0.575,0.554,68.8,8.5,74.8,0
28.2,60.5,0.598,0.314,60.9,10.0,59.0,0
80.2,92.1,0.803,0.645,40.8,21.7,56.4,2
33.9,57.9,0.585,0.442,57.4,28.4,53.8,0
6.4,73.0,0.669,0.48,49.6,20.1,45.1,0
47.5,63.6,0.556,0.549,56.8,41.8,48.2,1
5.8,9.6,0.3,0.16,57.7,34.6,76.5,0
3.8,32.0,0.223,0.418,54.7,2.3,76.4,0
2.7,37.3,0.201,0.305,46.7,26.1,214.0,0
16.8,38.3,0.275,0.269,66.4,34.5,220.0,0
17.7,113.2,0.838,0.496,44.2,18.1,131.7,1
7.7,172.7,1.024,0.987,42.1,10.6,41.5,3
2.0,42.0,0.507,0.444,43.3,5.7,118.9,0
3.9,27.7,0.424,0.243,55.9,18.9,115.8,0
34.6,86.6,0.716,0.562,60.2,5.5,104.7,1
12.7,108.8,0.686,0.61,47.2,13.6,71.0,1
4.7,22.2,0.373,0.233,47.7,56.8,117.5,0
20.1,84.0,0.701,0.59,54.9,4.1,72.1,1
24.5,52.7,0.751,0.326,47.1,14.4,72.5,0
27.4,108.8,0.732,0.401,62.4,24.6,121.7,1
19.3,31.2,0.548,0.323,67.3,15.4,26.0,0
16.2,121.7,0.824,0.654,52.9,19.8,62.6,2
55.7,97.0,0.743,0.5,63.4,5.9,44.3,2
4.2,56.1,0.528,0.315,53.2,38.7,214.7,0
13.9,23.6,0.489,0.13,64.8,14.8,230.0,0
11.8,21.1,0.438,0.229,69.1,4.5,49.5,0
21.7,66.7,0.46,0.358,52.3,23.5,215.3,0
40.4,93.7,0.798,0.627,58.4,39.9,64.1,2
21.0,47.0,0.526,0.407,61.9,10.5,109.7,0
90.5,148.6,1.262,0.708,68.9,15.8,70.0,3
4.1,13.7,0.435,0.28,45.0,26.4,53.0,0
18.5,24.6,0.252,0.265,40.2,22.6,222.1,0
1.9,39.1,0.573,0.306,47.2,6.4,75.6,0
2.8,12.0,0.421,0.221,54.8,1.7,66.9,0
11.0,14.9,0.454,0.397,50.3,38.9,77.7,0
6.7,19.7,0.339,0.314,44.3,9.0,218.4,0
18.8,70.5,0.705,0.424,50.1,5.4,79.6,1
21.8,62.2,0.634,0.5,69.8,7.8,63.9,0
4.3,101.3,0.658,0.647,43.3,30.4,146.0,1
11.2,54.1,0.523,0.412,51.0,0.9,117.4,0
2.3,12.4,0.352,0.198,47.9,25.8,48.3,0
20.0,74.7,0.623,0.432,70.5,18.3,148.1,0
48.9,65.9,0.572,0.337,47.7,12.4,209.3,0
13.7,39.1,0.43,0.347,47.6,14.0,106.5,0
83.4,100.7,0.849,0.512,65.5,24.8,44.6,2
15.4,23.8,0.425,0.232,55.5,9.8,58.1,0
18.9,250.9,1.244,1.0,63.7,7.7,26.5,3
5.8,20.1,0.455,0.409,60.8,20.1,111.5,0
22.4,25.5,0.378,0.312,49.6,15.6,220.8,0
2.7,63.0,0.526,0.413,54.6,31.7,39.8,0
8.9,10.8,0.429,0.22,51.7,30.2,32.8,0
87.2,115.7,0.779,0.727,62.0,14.3,227.9,2
64.9,132.9,0.864,0.726,70.2,15.3,147.8,2
50.9,84.1,0.713,0.521,61.9,31.1,152.7,1
7.0,31.4,0.576,0.325,65.6,23.8,53.1,0
34.8,48.8,0.578,0.239,61.1,19.4,73.1,0
22.7,120.0,0.716,0.677,62.7,27.6,150.2,1
8.5,32.7,0.438,0.227,31.3,3.9,29.8,0
3.8,63.0,0.65,0.458,53.0,17.7,55.6,0
30.5,103.4,0.821,0.512,60.1,7.4,57.4,2
6.0,33.2,0.534,0.361,56.9,22.5,63.1,0
31.7,42.1,0.568,0.328,69.2,18.9,50.6,0
16.3,90.6,0.783,0.425,59.3,26.4,49.0,1
115.2,143.7,1.274,0.707,60.5,36.0,51.7,3
29.8,61.4,0.501,0.615,60.8,5.7,30.8,0
7.9,30.5,0.622,0.093,59.7,18.1,119.4,0
0.5,72.6,0.681,0.474,46.9,8.0,74.7,0
3.0,11.9,0.531,0.135,48.9,20.8,159.4,0
8.0,40.0,0.386,0.458,59.3,8.1,69.8,0
18.7,29.4,0.459,0.366,54.8,9.1,108.5,0
12.4,35.0,0.486,0.331,62.5,14.7,51.1,0
8.6,88.8,0.77,0.604,54.6,4.4,54.2,0
8.6,88.0,0.723,0.541,35.7,6.4,64.5,1
37.2,63.5,0.567,0.425,58.2,20.7,212.2,0
78.3,121.1,1.008,0.592,61.1,39.1,54.0,3
70.8,112.9,0.822,0.582,68.0,5.7,152.5,2
21.0,31.7,0.422,0.26,58.5,8.4,57.1,0
1.4,54.3,0.542,0.39,44.5,16.6,108.7,0
22.1,34.3,0.444,0.141,56.9,3.8,41.4,0
17.8,39.1,0.485,0.423,58.9,11.1,53.3,0
21.9,25.2,0.255,0.452,58.8,16.3,153.9,0
42.4,103.2,0.771,0.538,66.4,14.5,118.9,1
28.2,100.7,0.686,0.673,48.1,10.1,56.5,1
14.6,59.0,0.567,0.395,52.9,4.2,62.4,0
45.0,78.4,0.549,0.427,41.2,52.7,150.7,0
9.2,29.2,0.445,0.258,62.7,7.5,44.4,0
7.8,69.9,0.639,0.457,54.0,22.1,140.3,0
15.4,131.2,0.816,0.62,53.6,20.0,69.4,2
6.4,20.7,0.311,0.314,52.0,10.7,63.7,0
13.9,40.8,0.53,0.29,58.1,9.5,116.0,0
8.3,18.3,0.38,0.154,61.7,4.2,214.3,0
5.8,39.4,0.516,0.33,50.6,24.4,55.7,0
30.7,53.0,0.531,0.321,60.2,27.1,58.7,0
19.1,47.9,0.376,0.335,58.2,11.7,225.3,0
59.6,122.4,0.878,0.646,43.9,10.4,61.7,2
34.2,112.2,0.769,0.491,51.8,7.1,145.9,1
10.3,18.4,0.138,0.382,57.1,11.9,227.6,0
0.9,42.6,0.381,0.417,62.0,6.3,78.9,0
30.3,127.8,1.016,0.615,67.7,15.5,29.3,3
8.7,58.8,0.597,0.404,43.6,15.9,31.2,0
12.4,23.4,0.531,0.327,62.0,16.2,55.6,0
2.4,77.6,0.734,0.497,60.6,5.7,38.4,1
57.2,110.3,0.798,0.774,64.5,9.0,108.9,2
12.5,61.4,0.542,0.395,37.8,11.2,74.4,0
17.6,43.7,0.598,0.455,50.5,24.6,60.8,0
7.9,54.1,0.556,0.268,54.1,15.9,146.6,0
23.4,245.4,1.468,1.0,53.9,6.4,41.5,3
22.5,25.0,0.435,0.428,38.2,17.0,67.3,0
34.7,55.7,0.602,0.355,55.5,21.9,61.2,1
131.5,154.7,1.146,0.67,65.6,32.9,44.6,3
25.2,175.7,1.075,0.851,60.8,9.6,57.6,3
22.1,32.1,0.417,0.417,59.4,14.0,45.8,0
4.6,13.8,0.374,0.164,56.9,6.2,33.9,0
3.4,8.2,0.331,0.208,49.6,4.8,50.4,0
10.1,30.9,0.409,0.132,53.8,23.6,53.2,0
1.9,50.6,0.578,0.332,51.6,6.3,74.6,0
13.0,44.2,0.329,0.44,61.4,13.3,143.4,0
56.2,68.0,0.708,0.371,56.7,20.7,56.7,2
25.5,71.8,0.551,0.342,50.0,15.3,74.9,0
29.1,60.7,0.538,0.344,64.4,4.8,38.7,0
35.6,124.3,0.762,0.603,64.3,12.6,141.3,2
12.2,28.4,0.485,0.358,57.7,20.4,54.0,0
1.2,15.8,0.164,0.275,64.8,11.0,62.5,0
2.2,67.5,0.553,0.491,69.1,11.4,142.2,0
21.3,30.8,0.476,0.301,65.2,23.0,45.2,0
6.1,10.7,0.264,0.165,47.0,18.9,64.8,0
44.1,74.8,0.606,0.398,65.7,10.6,218.7,0
3.7,53.7,0.432,0.426,53.5,30.8,43.2,0
23.9,28.0,0.446,0.431,51.3,7.6,69.2,0
53.9,125.2,0.795,0.577,54.7,10.8,67.6,2
5.4,8.8,0.5,0.122,55.0,12.8,110.4,0
7.5,24.7,0.391,0.173,59.7,18.3,229.8,0
45.6,77.0,0.719,0.551,70.3,29.9,59.4,1
20.5,116.0,0.741,0.622,60.7,9.3,49.1,1
1.0,101.1,0.704,0.619,56.7,12.9,56.1,1
21.3,58.6,0.569,0.36,53.8,31.8,44.4,0
32.9,53.4,0.566,0.441,59.0,24.6,113.8,1
47.3,69.2,0.692,0.42,47.6,18.4,75.9,1
23.3,162.7,1.003,0.667,60.3,15.2,123.0,2
28.8,111.8,0.847,0.693,60.1,4.4,59.2,2
74.7,119.3,0.805,0.635,79.3,21.5,226.4,2
41.5,79.9,0.635,0.46,58.3,10.9,224.0,0
12.3,47.5,0.37,0.388,63.5,25.6,213.7,0
14.3,16.6,0.262,0.114,50.5,14.3,117.1,0
52.0,52.1,0.779,0.419,73.9,6.5,42.3,2
22.8,48.1,0.582,0.311,67.3,6.4,49.5,0
19.4,27.5,0.512,0.272,64.2,43.5,222.8,0
11.8,50.7,0.453,0.477,54.4,19.2,150.8,0
50.2,86.4,0.902,0.57,58.3,10.6,156.1,2
5.8,10.2,0.358,0.203,50.0,14.4,62.8,0
9.7,49.3,0.574,0.36,45.8,11.0,146.4,0
50.1,91.7,0.769,0.302,63.7,27.3,57.9,1
49.5,90.1,0.78,0.452,57.9,22.4,46.5,1
115.2,131.7,1.03,0.702,73.5,61.8,55.3,3
16.1,64.1,0.497,0.358,55.9,16.3,150.0,0
12.1,62.8,0.668,0.302,45.3,5.2,66.1,0
13.6,61.2,0.48,0.459,62.7,2.7,222.4,0
1.3,25.3,0.387,0.395,53.0,1.3,220.8,0
0.2,106.1,0.798,0.523,58.9,23.3,109.2,1
23.3,112.4,0.954,0.691,46.4,14.6,30.2,2
11.0,44.4,0.55,0.416,47.6,11.1,47.2,0
6.5,21.3,0.259,0.174,49.9,6.0,67.9,0
19.1,32.1,0.457,0.238,57.0,12.7,25.5,0
23.8,75.5,0.554,0.633,55.0,21.0,224.7,0
14.9,21.4,0.423,0.162,65.3,11.5,45.5,0
15.3,70.2,0.744,0.395,62.7,26.7,50.4,1
10.8,16.1,0.457,0.419,47.9,36.7,110.7,0
35.3,63.8,0.626,0.374,81.2,15.9,35.6,1
8.9,60.2,0.777,0.533,52.7,10.4,74.8,1
10.2,23.9,0.403,0.18,64.0,9.8,30.1,0
22.2,92.4,0.602,0.548,53.3,14.7,222.7,0
37.4,58.7,0.473,0.503,63.0,15.9,118.2,0
87.4,118.5,0.798,0.594,73.6,19.9,58.7,2
19.3,20.8,0.278,0.269,43.0,3.9,116.2,0
69.5,74.5,0.824,0.534,77.1,18.6,45.8,2
7.9,67.7,0.667,0.359,47.0,15.3,55.1,0
6.1,26.3,0.353,0.483,50.2,19.7,40.4,0
27.5,103.6,0.791,0.672,51.6,22.9,54.5,2
31.7,32.4,0.527,0.272,52.5,28.8,114.8,0
21.4,67.5,0.429,0.418,51.3,17.1,69.9,0
156.1,157.6,1.377,0.958,67.4,29.4,49.5,3
8.5,20.3,0.455,0.226,59.5,16.6,124.4,0
58.4,86.4,0.83,0.47,62.3,29.7,58.0,2
6.4,25.9,0.538,0.383,51.9,12.4,41.7,0
34.2,74.8,0.449,0.342,65.6,9.9,120.2,0
18.4,34.7,0.457,0.306,69.1,14.1,56.6,0
23.0,47.9,0.648,0.372,43.2,32.1,65.9,0
27.8,37.2,0.491,0.26,69.4,10.0,74.8,0
19.1,72.9,0.722,0.319,54.9,31.5,28.9,1
15.2,50.0,0.681,0.378,43.6,17.3,31.9,1
0.7,46.3,0.586,0.42,55.4,23.1,15.9,0
43.1,73.2,0.661,0.401,58.0,19.8,46.6,0
2.7,65.0,0.634,0.324,59.3,14.0,51.7,0
11.1,27.8,0.194,0.4,54.9,8.7,210.9,0
24.8,57.8,0.578,0.45,58.8,53.9,141.1,0
3.7,246.0,1.352,1.0,49.1,3.8,150.2,3
15.2,22.6,0.43,0.35,46.2,26.1,65.2,0
38.7,118.2,0.971,0.657,64.1,4.4,46.6,2
10.8,177.4,1.09,1.0,49.5,34.8,56.4,3
15.5,65.2,0.559,0.49,57.7,20.6,148.6,0
5.1,5.3,0.502,0.075,64.7,6.6,48.6,0
12.5,20.4,0.307,0.199,52.7,7.4,81.1,0
2.9,43.9,0.624,0.294,58.1,13.3,43.9,0
21.8,52.4,0.578,0.409,55.2,3.4,219.0,0
1.8,111.2,0.836,0.58,49.4,26.6,76.2,1
8.1,120.4,0.692,0.541,40.8,8.0,210.6,0
18.5,46.9,0.559,0.413,54.7,5.0,57.5,0
14.1,44.5,0.425,0.441,52.9,24.4,80.3,0
26.2,44.1,0.481,0.34,49.2,3.1,52.8,0
15.6,63.1,0.6,0.442,38.2,12.9,63.8,0
3.6,14.6,0.294,0.149,39.2,5.5,50.0,0
17.6,44.8,0.501,0.305,69.1,18.1,50.2,0
48.6,60.7,0.538,0.37,60.1,29.3,53.1,0
41.1,79.6,0.758,0.536,47.1,4.2,60.8,1
152.8,228.3,1.659,1.0,71.6,34.7,45.2,3
9.4,14.6,0.575,0.207,53.6,11.4,57.8,0
37.5,62.9,0.544,0.389,61.6,6.6,38.4,1
35.0,130.6,0.811,0.505,55.7,6.2,87.1,2
71.7,190.8,1.217,1.0,79.6,14.5,51.3,3
55.9,73.9,0.789,0.277,77.5,4.6,34.8,2
23.6,36.3,0.484,0.358,58.8,11.7,56.2,0
31.9,114.3,0.87,0.623,54.2,13.3,156.2,2
26.3,104.4,0.744,0.557,59.3,19.5,216.9,0
16.9,51.4,0.287,0.377,44.1,26.2,238.9,0
29.7,210.4,1.262,0.93,64.8,20.9,35.0,3
21.1,51.7,0.451,0.437,56.8,32.2,57.9,0
20.2,104.7,0.632,0.464,45.6,6.5,225.9,0
74.6,93.8,0.782,0.57,59.3,20.3,67.3,2
24.0,48.4,0.61,0.305,60.4,18.8,74.9,0
19.3,60.1,0.54,0.373,41.8,31.6,144.4,0
14.6,26.8,0.422,0.247,47.2,18.1,30.1,0
13.2,79.6,0.858,0.471,50.4,7.5,53.2,1
3.4,39.2,0.392,0.376,60.4,12.5,73.1,0
16.9,103.0,0.7,0.573,68.4,17.6,219.7,0
50.9,61.9,0.708,0.502,63.2,5.7,66.0,1
9.0,21.5,0.42,0.357,30.0,33.8,75.6,0
0.2,24.3,0.279,0.301,43.1,12.5,146.9,0
28.6,77.4,0.61,0.539,84.5,44.6,35.5,1
22.0,65.2,0.689,0.613,56.8,4.8,35.9,1
73.5,183.5,1.294,0.759,42.9,9.4,57.7,3
7.8,49.1,0.509,0.466,72.2,18.4,84.9,0
2.8,7.3,0.226,0.347,41.8,9.5,60.8,0
13.7,22.9,0.397,0.307,58.8,25.3,113.4,0
11.3,15.3,0.537,0.41,44.6,13.8,45.9,0
1.2,5.1,0.257,0.359,69.8,12.8,35.7,0
19.4,40.7,0.431,0.306,43.8,13.4,148.3,0
10.2,91.3,0.656,0.508,48.9,4.7,158.8,0
62.2,97.8,0.91,0.604,70.3,16.6,72.7,2
19.8,70.2,0.589,0.394,50.7,6.4,60.5,0
6.5,72.0,0.673,0.701,56.9,44.7,49.7,1
17.2,103.2,0.902,0.648,61.4,2.3,50.6,2
21.5,35.6,0.359,0.321,56.9,16.0,63.0,0
31.4,108.0,0.702,0.469,48.1,17.8,49.2,1
18.2,86.5,0.696,0.535,48.6,19.1,56.4,1
99.0,119.4,1.066,0.532,64.8,26.6,45.9,3
3.3,16.3,0.417,0.311,57.2,2.7,54.5,0
10.0,36.8,0.576,0.096,60.1,17.2,61.8,0
6.6,114.1,0.646,0.744,54.7,12.1,60.9,1
12.0,32.1,0.445,0.265,59.5,11.1,143.6,0
24.3,102.9,0.527,0.423,43.2,24.8,56.7,0
22.6,80.5,0.816,0.488,58.0,29.8,39.0,1
30.7,79.8,0.747,0.488,56.4,5.1,149.3,1
19.7,120.4,0.823,0.637,59.1,13.5,51.0,2
20.9,63.7,0.311,0.549,61.4,21.9,214.0,0
20.1,53.6,0.546,0.42,46.8,14.4,64.5,0
10.6,12.3,0.478,0.299,52.8,27.8,62.0,0
9.7,74.7,0.68,0.445,64.2,7.2,53.3,0
6.4,18.1,0.521,0.288,55.5,26.0,130.3,0
32.3,41.8,0.501,0.223,56.4,11.1,75.4,0
0.3,34.9,0.546,0.338,42.3,5.4,216.5,0
20.5,29.7,0.302,0.226,59.6,14.5,32.1,0
38.1,84.2,0.668,0.622,47.0,12.9,39.8,2
47.8,86.9,0.644,0.521,58.2,5.6,45.1,1
0.1,36.1,0.538,0.378,48.1,12.6,42.3,0
11.0,37.9,0.283,0.349,56.9,23.5,217.7,0
6.9,70.2,0.726,0.613,48.3,30.2,27.2,1
9.9,56.1,0.628,0.255,51.0,21.2,52.5,0
57.0,102.5,0.851,0.564,53.8,9.1,53.4,2
7.0,20.2,0.404,0.171,51.1,16.4,46.4,0
38.1,67.4,0.568,0.255,59.8,4.6,44.9,1
20.8,33.7,0.535,0.217,52.5,20.0,66.3,0
9.4,38.3,0.428,0.433,51.0,18.2,80.2,0
8.2,23.6,0.436,0.268,54.6,6.6,151.5,0
23.1,51.3,0.693,0.358,63.7,10.4,65.1,0
16.2,45.6,0.399,0.425,60.6,15.7,226.1,0
1.0,29.3,0.563,0.303,41.8,17.7,43.0,0
4.9,69.4,0.629,0.502,58.9,23.8,53.8,1
23.7,75.5,0.721,0.499,66.7,3.9,54.2,1
3.0,9.6,0.248,0.266,58.1,2.6,38.4,0
43.2,68.5,0.62,0.403,39.6,17.4,34.2,1
1.7,37.6,0.408,0.419,54.4,20.4,58.9,0
12.9,27.5,0.565,0.177,65.1,10.5,61.9,0
33.2,72.4,0.636,0.451,53.7,10.7,58.1,1
4.3,21.0,0.465,0.36,75.9,5.5,52.6,0
2.7,33.9,0.465,0.297,35.0,21.6,33.9,0
27.7,39.1,0.49,0.292,57.6,15.5,53.2,0
39.2,67.3,0.467,0.645,64.1,19.2,151.6,0
14.0,66.9,0.456,0.565,55.6,11.2,35.0,1
10.7,70.0,0.56,0.462,54.9,9.9,109.5,0
1.6,33.4,0.379,0.221,43.9,12.0,140.3,0
18.8,163.3,0.961,0.625,50.4,12.0,35.5,2
0.7,43.4,0.512,0.411,56.7,28.4,48.8,0
57.7,118.5,1.079,0.75,44.3,7.7,54.6,3
14.8,103.5,0.886,0.614,61.6,22.4,86.6,1
5.1,20.0,0.419,0.103,51.9,7.8,28.4,0
8.1,60.6,0.523,0.428,57.7,9.5,152.7,0
20.4,59.2,0.648,0.364,62.0,16.2,54.6,0
10.0,64.1,0.616,0.441,83.4,20.4,54.8,0
17.0,89.3,0.667,0.698,65.9,11.5,223.4,0
4.0,16.3,0.417,0.314,43.0,4.6,40.7,0
48.6,188.6,1.087,0.957,77.1,37.8,221.2,3
8.4,41.6,0.424,0.336,31.6,3.4,77.8,0
0.3,23.2,0.429,0.307,48.5,4.7,69.4,0
11.1,11.9,0.19,0.161,55.2,31.3,24.4,0
6.8,90.9,0.738,0.579,50.5,25.9,31.1,1
45.8,114.1,0.617,0.601,61.6,34.7,149.3,1
5.1,31.3,0.469,0.227,51.5,7.8,58.0,0
9.8,12.5,0.24,0.302,63.9,6.4,133.4,0
21.0,55.5,0.633,0.193,51.5,24.2,149.0,0
30.9,36.5,0.525,0.271,56.0,5.8,42.9,0
61.0,138.4,0.989,0.767,75.9,9.0,50.8,3
5.8,31.2,0.486,0.41,60.7,3.4,51.3,0
55.3,66.3,0.586,0.478,59.5,9.9,72.6,1
44.2,84.4,0.798,0.444,62.9,7.4,113.7,1
6.6,52.2,0.602,0.376,68.0,4.1,50.1,0
5.6,56.0,0.482,0.421,41.8,13.0,87.0,0
25.9,37.8,0.408,0.466,47.4,10.0,62.9,0
16.6,88.4,0.674,0.603,50.1,17.6,43.8,1
25.8,51.8,0.541,0.463,57.9,5.8,73.8,0
11.6,13.1,0.244,0.236,61.6,7.5,112.8,0
18.5,47.6,0.39,0.267,48.8,3.5,223.6,0
14.9,43.6,0.459,0.221,46.8,9.2,50.5,0
25.5,53.7,0.55,0.359,45.6,24.4,56.5,0
5.3,46.2,0.393,0.421,45.3,20.4,213.2,0
20.0,137.7,0.857,0.665,50.0,11.9,222.8,1
59.9,89.9,0.715,0.577,44.3,46.0,161.7,2
57.0,90.5,0.809,0.457,56.6,5.6,58.6,2
22.5,40.6,0.542,0.279,47.2,26.4,38.8,0
85.9,115.8,0.898,0.752,64.4,9.1,74.2,3
25.5,76.8,0.728,0.544,69.7,12.8,54.9,1
79.0,131.4,0.693,0.658,51.9,22.1,123.4,2
26.6,120.7,0.813,0.57,64.4,7.7,66.8,1
85.4,87.8,0.753,0.603,79.0,11.7,61.1,2
38.7,104.2,0.757,0.66,65.9,27.2,149.2,2
17.7,75.4,0.592,0.528,57.6,13.4,54.0,0
0.9,5.4,0.387,0.185,62.7,3.1,38.3,0
42.7,135.3,0.95,0.602,63.9,11.1,146.8,3
26.3,32.5,0.357,0.304,65.1,8.0,54.9,0
106.3,158.8,1.154,0.918,70.0,7.7,65.9,3
72.5,74.1,0.607,0.383,55.1,6.8,68.4,1
21.9,32.8,0.531,0.311,64.8,15.9,35.4,0
20.9,74.8,0.625,0.615,76.2,6.4,28.1,1
26.6,82.4,0.561,0.47,53.5,46.7,152.2,0
7.7,34.8,0.324,0.302,53.4,16.0,27.1,0
18.3,117.9,0.82,0.512,55.8,24.3,53.7,2
14.5,67.4,0.47,0.495,42.6,2.6,113.4,0
53.9,127.2,0.803,0.602,53.8,18.3,33.6,2
63.8,92.2,0.802,0.395,64.7,16.3,66.7,2
34.2,43.2,0.635,0.26,56.7,19.2,40.8,1
6.1,15.0,0.401,0.256,53.1,1.1,72.5,0
90.0,112.6,0.756,0.471,66.6,41.8,113.9,2
42.5,54.1,0.586,0.263,57.9,13.1,55.3,0
24.8,35.4,0.553,0.367,49.8,12.1,54.0,0
31.2,34.6,0.48,0.306,60.5,14.0,64.3,0
